Name,Link,New_price,Old_price,Review,Kích thước màn hình,Công nghệ màn hình,Camera sau,Camera trước,Chipset,Công nghệ NFC,Bộ nhớ trong,Thẻ SIM,Hệ điều hành,Độ phân giải màn hình,Tính năng màn hình,Loại CPU,Tương thích,Dung lượng RAM,Pin,Cảm biến
iPhone 16 Pro Max 1TB | Chính hãng VN/A,https://cellphones.com.vn/iphone-16-pro-max-1tb.html,42.990.000đ,46.990.000đ,(13 đánh giá),6.9 inches,Super Retina XDR OLED,"Camera chính: 48MP, f/1.78, 24mm, 2µm, chống rung quang học dịch chuyển cảm biến thế hệ thứ hai, Focus Pixels 100%Telephoto 2x 12MP: 52 mm, ƒ/1.6Camera góc siêu rộng: 48MP, 13 mm,ƒ/2.2 và trường ảnh 120°, Hybrid Focus Pixels, ảnh có độ phân giải","12MP, ƒ/1.9, Tự động lấy nét theo pha Focus Pixels",Apple A18 Pro,Có,1 TB,Sim kép (nano-Sim và e-Sim) - Hỗ trợ 2 e-Sim,iOS 18,2868 x 1320 pixels,Dynamic IslandMàn hình Luôn BậtCông nghệ ProMotion với tốc độ làm mới thích ứng lên đến 120HzMàn hình HDRTrue ToneDải màu rộng (P3)Haptic TouchTỷ lệ tương phản 2.000.000:1,CPU 6 lõi mới với 2 lõi hiệu năng và 4 lõi hiệu suất,Tương Thích Với Thiết Bị Trợ Thính,,,
iPhone 16 Pro Max 512GB | Chính hãng VN/A,https://cellphones.com.vn/iphone-16-pro-max-512gb.html,36.790.000đ,40.990.000đ,(34 đánh giá),6.9 inches,Super Retina XDR OLED,"Camera chính: 48MP, f/1.78, 24mm, 2µm, chống rung quang học dịch chuyển cảm biến thế hệ thứ hai, Focus Pixels 100%Telephoto 2x 12MP: 52 mm, ƒ/1.6Camera góc siêu rộng: 48MP, 13 mm,ƒ/2.2 và trường ảnh 120°, Hybrid Focus Pixels, ảnh có độ phân giải","12MP, ƒ/1.9, Tự động lấy nét theo pha Focus Pixels",Apple A18 Pro,Có,512 GB,Sim kép (nano-Sim và e-Sim) - Hỗ trợ 2 e-Sim,iOS 18,2868 x 1320 pixels,Dynamic IslandMàn hình Luôn BậtCông nghệ ProMotion với tốc độ làm mới thích ứng lên đến 120HzMàn hình HDRTrue ToneDải màu rộng (P3)Haptic TouchTỷ lệ tương phản 2.000.000:1,CPU 6 lõi mới với 2 lõi hiệu năng và 4 lõi hiệu suất,Tương Thích Với Thiết Bị Trợ Thính,,,
iPhone 16 Pro Max 256GB | Chính hãng VN/A,https://cellphones.com.vn/iphone-16-pro-max.html,30.490.000đ,34.990.000đ,(298 đánh giá),6.9 inches,Super Retina XDR OLED,"Camera chính: 48MP, f/1.78, 24mm, 2µm, chống rung quang học dịch chuyển cảm biến thế hệ thứ hai, Focus Pixels 100%Telephoto 2x 12MP: 52 mm, ƒ/1.6Camera góc siêu rộng: 48MP, 13 mm,ƒ/2.2 và trường ảnh 120°, Hybrid Focus Pixels, ảnh có độ phân giải","12MP, ƒ/1.9, Tự động lấy nét theo pha Focus Pixels",Apple A18 Pro,Có,256 GB,Sim kép (nano-Sim và e-Sim) - Hỗ trợ 2 e-Sim,iOS 18,2868 x 1320 pixels,Dynamic IslandMàn hình Luôn BậtCông nghệ ProMotion với tốc độ làm mới thích ứng lên đến 120HzMàn hình HDRTrue ToneDải màu rộng (P3)Haptic TouchTỷ lệ tương phản 2.000.000:1,CPU 6 lõi mới với 2 lõi hiệu năng và 4 lõi hiệu suất,Tương Thích Với Thiết Bị Trợ Thính,,,
Samsung Galaxy S25 Ultra 1TB,https://cellphones.com.vn/dien-thoai-samsung-galaxy-s25-ultra-1tb.html,35.490.000đ,44.790.000đ,(1 đánh giá),6.9 inches,Dynamic AMOLED 2X,"Camera siêu rộng 50MPCamera góc rộng 200 MPCamera Tele (5x) 50MPCamera Tele (3x) 10MP""",12 MP,Snapdragon 8 Elite dành cho Galaxy (3nm),Có,1 TB,2 Nano-SIM + eSIM,Android 15,3120 x 1440 pixels (Quad HD+),120Hz2600 nitsCorning® Gorilla® Armor 2,,,12 GB,5000 mAh,
Samsung Galaxy S25 Ultra 512GB,https://cellphones.com.vn/dien-thoai-samsung-galaxy-s25-ultra-512gb.html,30.990.000đ,37.490.000đ,(12 đánh giá),6.9 inches,Dynamic AMOLED 2X,"Camera siêu rộng 50MPCamera góc rộng 200 MPCamera Tele (5x) 50MPCamera Tele (3x) 10MP""",12 MP,Snapdragon 8 Elite dành cho Galaxy (3nm),Có,512 GB,2 Nano-SIM + eSIM,Android 15,3120 x 1440 pixels (Quad HD+),120Hz2600 nitsCorning® Gorilla® Armor 2,,,12 GB,5000 mAh,
Samsung Galaxy S25 Ultra 12GB 256GB,https://cellphones.com.vn/dien-thoai-samsung-galaxy-s25-ultra.html,28.490.000đ,33.990.000đ,(35 đánh giá),6.9 inches,Dynamic AMOLED 2X,"Camera siêu rộng 50MPCamera góc rộng 200 MPCamera Tele (5x) 50MPCamera Tele (3x) 10MP""",12 MP,Snapdragon 8 Elite dành cho Galaxy (3nm),Có,256 GB,2 Nano-SIM + eSIM,Android 15,3120 x 1440 pixels (Quad HD+),120Hz2600 nitsCorning® Gorilla® Armor 2,,,12 GB,5000 mAh,
Samsung Galaxy S25 Plus 512GB,https://cellphones.com.vn/dien-thoai-samsung-galaxy-s25-plus-512gb.html,24.690.000đ,30.490.000đ,,6.7 inches,Dynamic AMOLED 2X,Camera siêu rộng 12MPCamera góc rộng 50MPCamera Tele 10MP,12MP,Snapdragon 8 Elite dành cho Galaxy (3nm),Có,512 GB,2 Nano-SIM + eSIM,,3120 x 1440 pixels (Quad HD+),120Hz2600 nitsCorning® Gorilla® Armor 2,"Tốc độ CPU: 4.47GHz, 3.5GHz8 nhân",,12 GB,4900 mAh,
Samsung Galaxy S25 Plus 256GB,https://cellphones.com.vn/dien-thoai-samsung-galaxy-s25-plus.html,23.190.000đ,26.990.000đ,(6 đánh giá),6.7 inches,Dynamic AMOLED 2X,Camera siêu rộng 12MPCamera góc rộng 50MPCamera Tele 10MP,12MP,Snapdragon 8 Elite dành cho Galaxy (3nm),Có,256 GB,2 Nano-SIM + eSIM,,3120 x 1440 pixels (Quad HD+),120Hz2600 nitsCorning® Gorilla® Armor 2,"Tốc độ CPU: 4.47GHz, 3.5GHz8 nhân",,12 GB,4900 mAh,
Samsung Galaxy S25 512GB,https://cellphones.com.vn/dien-thoai-samsung-galaxy-s25-512gb.html,22.690.000đ,26.490.000đ,,6.2 inches,Dynamic AMOLED 2X,Camera siêu rộng 12MPCamera góc rộng 50MPCamera Tele 10MP,12MP,Snapdragon 8 Elite dành cho Galaxy (3nm),Có,512 GB,2 Nano-SIM + eSIM,,2340 x 1080-pixel,120Hz2600 nitsCorning® Gorilla® Armor 2,"Tốc độ CPU 4.47GHz, 3.5GHz8 nhân",,12 GB,4000 mAh,
Samsung Galaxy S25 256GB,https://cellphones.com.vn/dien-thoai-samsung-galaxy-s25.html,19.690.000đ,22.990.000đ,(1 đánh giá),6.2 inches,Dynamic AMOLED 2X,Camera siêu rộng 12MPCamera góc rộng 50MPCamera Tele 10MP,12MP,Snapdragon 8 Elite dành cho Galaxy (3nm),Có,256 GB,2 Nano-SIM + eSIM,,2340 x 1080-pixel,120Hz2600 nitsCorning® Gorilla® Armor 2,"Tốc độ CPU 4.47GHz, 3.5GHz8 nhân",,12 GB,4000 mAh,
Xiaomi 14T Pro 12GB 512GB,https://cellphones.com.vn/xiaomi-14t-pro.html,15.190.000đ,17.990.000đ,(59 đánh giá),6.67 inches,AMOLED,"Máy ảnh chính: 50MP, 23mm, ƒ/1 6Máy ảnh góc siêu rộng: 12MP, 15mm, ƒ/2 2Máy ảnh tele: 50MP, 60mm, ƒ/2 0","32MPƒ/2,0Độ dài tiêu cự tương đương 25 mmFOV 80,8˚Chế độ ban đêmHDRTính năng chụp ảnh bằng lòng bàn tay",MediaTek Dimensity 9300+,Có,512 GB,Sim kép (nano-Sim và e-Sim) - Hỗ trợ 2 e-Sim,,1220 x 2712 pixels,"144Hz, 446 ppi, 4000 nitsĐộ sâu màu 12 bitLàm mờ PWM lên đến 3840HDR10+, Dolby Vision®Mặt sau cong 3D","1 x Cortex-X4, tối đa 3,4GHz; 3 x Cortex-X4,  lên đến 2,85GHz; 4 x Cortex-A720, lên đến 2.0GHz",,12 GB,5000 mAh,
Xiaomi 14T 12GB 512GB,https://cellphones.com.vn/xiaomi-14t.html,12.990.000đ,13.990.000đ,(40 đánh giá),6.67 inches,AMOLED,"Camera chính: 50MP, 23mm, ƒ/1 7 Cảm biến hình ảnh IMX906 của Sony 2 0 m Super PixelMáy ảnh tele: 50MP, 50mm, ƒ/1 9Máy ảnh góc siêu rộng: 12MP, 15mm, ƒ/2 2","32MPƒ/2,0FOV 80,8˚Chế độ ban đêmHDRTính năng chụp ảnh bằng lòng bàn tay",MediaTek Dimensity 8300-Ultra,Có,512 GB,Sim kép (nano-Sim và e-Sim) - Hỗ trợ 2 e-Sim,,1220 x 2712 pixels,"144Hz, 1,5K CrystalRes AMOLED,  446 ppi, 4000 nits, Độ sâu màu 12 bit, Làm mờ PWM lên đến 3840HDR10+, Dolby Vision","1x Cortex-A715, Lên đến 3,35GHz; 3x  Cortex-A715, Lên đến 3,2GHz; 4x Cortex-A510  lên đến 2,2GHz",,12 GB,5000 mAh,
Samsung Galaxy Z Flip6 12GB 512GB,https://cellphones.com.vn/samsung-galaxy-z-flip-6-512gb.html,22.990.000đ,32.990.000đ,,6.7 inches,Dynamic AMOLED 2X,"Camera góc chụp rộng: 50.0 MP, f/1.8, thu phóng quang học 2xGóc chụp siêu rộng: 12.0 MP, f/2.2","10.0 MP, f/2.2",Snapdragon 8 Gen 3 for Galaxy Tăng lên 42% AI,Có,512 GB,1 Nano SIM + 1 eSIM hoặc 2 eSIM,Android,1080 x 2640 pixels,"Màn hình chính: 6.7 inch, 2640 x 1080 (FHD+), 120 Hz, độ sâu màu sắc: 16M, 1600nitsMàn hình phụ: 3.4"", 720 x 748, Super AMOLED, độ sâu màu sắc: 16M, 1600nitsKính Corning® Gorilla® Glass Victus® 2","8 nhân 3.39 GHz, 3.1GHz, 2.9GHz, 2.2GHz",,12 GB,4000 mAh,
Samsung Galaxy Z Flip6 12GB 256GB,https://cellphones.com.vn/samsung-galaxy-z-flip-6.html,21.990.000đ,28.990.000đ,(20 đánh giá),6.7 inches,Dynamic AMOLED 2X,"Camera góc chụp rộng: 50.0 MP, f/1.8, thu phóng quang học 2xGóc chụp siêu rộng: 12.0 MP, f/2.2","10.0 MP, f/2.2",Snapdragon 8 Gen 3 for Galaxy Tăng lên 42% AI,Có,256 GB,1 Nano SIM + 1 eSIM hoặc 2 eSIM,Android,1080 x 2640 pixels,"Màn hình chính: 6.7 inch, 2640 x 1080 (FHD+), 120 Hz, độ sâu màu sắc: 16M, 1600nitsMàn hình phụ: 3.4"", 720 x 748, Super AMOLED, độ sâu màu sắc: 16M, 1600nitsKính Corning® Gorilla® Glass Victus® 2","8 nhân 3.39 GHz, 3.1GHz, 2.9GHz, 2.2GHz",,12 GB,4000 mAh,
iPhone 15 256GB | Chính hãng VN/A,https://cellphones.com.vn/iphone-15-256gb.html,18.890.000đ,22.990.000đ,(10 đánh giá),6.1 inches,Super Retina XDR OLED,Chính 48 MP & Phụ 12 MP,"12MP, ƒ/1.9",Apple A16 Bionic 6 nhân,Có,256 GB,2 SIM (nano‑SIM và eSIM),iOS 17,2556 x 1179 pixels,Dynamic IslandHDR displayTrue ToneWide color (P3)Haptic TouchLớp phủ oleophobia chống dấu vân tayĐộ sáng tối đa: 2000 nitsMặt kính cảm ứng: Kính cường lực Ceramic ShieldTần số quét 60 Hz,CPU 6 lõi với 2 lõi hiệu năng và 4 lõi tiết kiệm điện,,6 GB,3349 mAh,
iPhone 15 128GB | Chính hãng VN/A,https://cellphones.com.vn/iphone-15.html,15.790.000đ,19.990.000đ,(74 đánh giá),6.1 inches,Super Retina XDR OLED,Chính 48 MP & Phụ 12 MP,"12MP, ƒ/1.9",Apple A16 Bionic 6 nhân,Có,128 GB,2 SIM (nano‑SIM và eSIM),iOS 17,2556 x 1179 pixels,Dynamic IslandHDR displayTrue ToneWide color (P3)Haptic TouchLớp phủ oleophobia chống dấu vân tayĐộ sáng tối đa: 2000 nitsMặt kính cảm ứng: Kính cường lực Ceramic ShieldTần số quét 60 Hz,CPU 6 lõi với 2 lõi hiệu năng và 4 lõi tiết kiệm điện,,6 GB,3349 mAh,
iPhone 16 Pro 1TB | Chính hãng VN/A,https://cellphones.com.vn/iphone-16-pro-1tb.html,39.490.000đ,43.990.000đ,(1 đánh giá),6.3 inches,Super Retina XDR OLED,"Camera chính: 48MP, f/1.78, 24mm, chống rung quang học dịch chuyển cảm biến thế hệ thứ hai, Focus Pixels 100%, hỗ trợ ảnh có độ phân giải siêu caoHỗ trợ Telephoto 2x 12MP: 52 mm, ƒ/1.6Camera góc siêu rộng: 48MP, 13 mm, ƒ/2.2 và trường ảnh 120°, H","12MP, ƒ/1.9, Tự động lấy nét theo pha Focus Pixels",Apple A18 Pro,Có,1 TB,Sim kép (nano-Sim và e-Sim) - Hỗ trợ 2 e-Sim,iOS 18,2622 x 1206  pixels,Dynamic IslandMàn hình HDRTrue ToneDải màu rộng (P3)Haptic TouchTỷ lệ tương phản 2.000.000:1Độ sáng tối đa 1000 nit460 ppiLớp phủ kháng dầu chống in dấu vân tayHỗ trợ hiển thị đồng thời nhiều ngôn ngữ và ký tự,CPU 6 lõi mới với 2 lõi hiệu năng và 4 lõi tiết kiệm điện,Tương Thích Với Thiết Bị Trợ Thính,,,
iPhone 16 Pro 512GB | Chính hãng VN/A,https://cellphones.com.vn/iphone-16-pro-512gb.html,34.690.000đ,37.990.000đ,,6.3 inches,Super Retina XDR OLED,"Camera chính: 48MP, f/1.78, 24mm, chống rung quang học dịch chuyển cảm biến thế hệ thứ hai, Focus Pixels 100%, hỗ trợ ảnh có độ phân giải siêu caoHỗ trợ Telephoto 2x 12MP: 52 mm, ƒ/1.6Camera góc siêu rộng: 48MP, 13 mm, ƒ/2.2 và trường ảnh 120°, H","12MP, ƒ/1.9, Tự động lấy nét theo pha Focus Pixels",Apple A18 Pro,Có,512 GB,Sim kép (nano-Sim và e-Sim) - Hỗ trợ 2 e-Sim,iOS 18,2622 x 1206  pixels,Dynamic IslandMàn hình HDRTrue ToneDải màu rộng (P3)Haptic TouchTỷ lệ tương phản 2.000.000:1Độ sáng tối đa 1000 nit460 ppiLớp phủ kháng dầu chống in dấu vân tayHỗ trợ hiển thị đồng thời nhiều ngôn ngữ và ký tự,CPU 6 lõi mới với 2 lõi hiệu năng và 4 lõi tiết kiệm điện,Tương Thích Với Thiết Bị Trợ Thính,,,
iPhone 16 Pro 256GB | Chính hãng VN/A,https://cellphones.com.vn/iphone-16-pro-256gb.html,28.090.000đ,31.990.000đ,(37 đánh giá),6.3 inches,Super Retina XDR OLED,"Camera chính: 48MP, f/1.78, 24mm, chống rung quang học dịch chuyển cảm biến thế hệ thứ hai, Focus Pixels 100%, hỗ trợ ảnh có độ phân giải siêu caoHỗ trợ Telephoto 2x 12MP: 52 mm, ƒ/1.6Camera góc siêu rộng: 48MP, 13 mm, ƒ/2.2 và trường ảnh 120°, H","12MP, ƒ/1.9, Tự động lấy nét theo pha Focus Pixels",Apple A18 Pro,Có,256 GB,Sim kép (nano-Sim và e-Sim) - Hỗ trợ 2 e-Sim,iOS 18,2622 x 1206  pixels,Dynamic IslandMàn hình HDRTrue ToneDải màu rộng (P3)Haptic TouchTỷ lệ tương phản 2.000.000:1Độ sáng tối đa 1000 nit460 ppiLớp phủ kháng dầu chống in dấu vân tayHỗ trợ hiển thị đồng thời nhiều ngôn ngữ và ký tự,CPU 6 lõi mới với 2 lõi hiệu năng và 4 lõi tiết kiệm điện,Tương Thích Với Thiết Bị Trợ Thính,,,
iPhone 16 Pro 128GB | Chính hãng VN/A,https://cellphones.com.vn/iphone-16-pro.html,24.990.000đ,28.990.000đ,(42 đánh giá),6.3 inches,Super Retina XDR OLED,"Camera chính: 48MP, f/1.78, 24mm, chống rung quang học dịch chuyển cảm biến thế hệ thứ hai, Focus Pixels 100%, hỗ trợ ảnh có độ phân giải siêu caoHỗ trợ Telephoto 2x 12MP: 52 mm, ƒ/1.6Camera góc siêu rộng: 48MP, 13 mm, ƒ/2.2 và trường ảnh 120°, H","12MP, ƒ/1.9, Tự động lấy nét theo pha Focus Pixels",Apple A18 Pro,Có,128 GB,Sim kép (nano-Sim và e-Sim) - Hỗ trợ 2 e-Sim,iOS 18,2622 x 1206  pixels,Dynamic IslandMàn hình HDRTrue ToneDải màu rộng (P3)Haptic TouchTỷ lệ tương phản 2.000.000:1Độ sáng tối đa 1000 nit460 ppiLớp phủ kháng dầu chống in dấu vân tayHỗ trợ hiển thị đồng thời nhiều ngôn ngữ và ký tự,CPU 6 lõi mới với 2 lõi hiệu năng và 4 lõi tiết kiệm điện,Tương Thích Với Thiết Bị Trợ Thính,,,
Samsung Galaxy S24 Ultra 12GB 1TB,https://cellphones.com.vn/samsung-galaxy-s24-ultra-1tb.html,44.490.000đ,,(3 đánh giá),6.8 inches,Dynamic AMOLED 2X,"Camera chính: 200MP, Laser AF, OISCamera: 50MP,  PDAF, OIS, zoom quang học 5xCamera tele: 10MPCamera góc siêu rộng: 12 MP, f/2.2, 13mm, 120˚","12 MP, f/2.2",Snapdragon 8 Gen 3,Có,1 TB,SIM 1 + SIM 2 / SIM 1 + eSIM / 2 eSIM,"Android 14, One UI 6.1",1440 x 3120 pixels,"Độ sáng cao nhất 2,600 nits, 120Hz, Corning® Gorilla® Armor®, 16 triệu màu","3.39GHz,3.1GHz,2.9GHz,2.2GHz",Bút SPEN - tích hợp sẵn lên máy,12 GB,5.000mAh,
Samsung Galaxy S24 Ultra 12GB 512GB,https://cellphones.com.vn/samsung-galaxy-s24-ultra-512gb.html,25.990.000đ,37.490.000đ,(8 đánh giá),6.8 inches,Dynamic AMOLED 2X,"Camera chính: 200MP, Laser AF, OISCamera: 50MP,  PDAF, OIS, zoom quang học 5xCamera tele: 10MPCamera góc siêu rộng: 12 MP, f/2.2, 13mm, 120˚","12 MP, f/2.2",Snapdragon 8 Gen 3,Có,512 GB,SIM 1 + SIM 2 / SIM 1 + eSIM / 2 eSIM,"Android 14, One UI 6.1",1440 x 3120 pixels,"Độ sáng cao nhất 2,600 nits, 120Hz, HDR10+",,,12 GB,5000mAh,
Samsung Galaxy S24 Ultra 12GB 256GB,https://cellphones.com.vn/samsung-galaxy-s24-ultra.html,23.990.000đ,33.990.000đ,(59 đánh giá),6.8 inches,Dynamic AMOLED 2X,"Camera chính: 200MP, Laser AF, OISCamera: 50MP,  PDAF, OIS, zoom quang học 5xCamera tele: 10MPCamera góc siêu rộng: 12 MP, f/2.2, 13mm, 120˚","12 MP, f/2.2",Snapdragon 8 Gen 3 For Galaxy,Có,256 GB,SIM 1 + SIM 2 / SIM 1 + eSIM / 2 eSIM,"Android 14, One UI 6.1",1440 x 3120 pixels,"Độ sáng cao nhất 2,600 nits, 120Hz, Corning® Gorilla® Armor®, 16 triệu màu","3.39GHz,3.1GHz,2.9GHz,2.2GHz",Bút SPEN - tích hợp sẵn lên máy,12 GB,"5,000mAh",
Xiaomi Redmi Note 14 Pro Plus 5G 8GB 256GB,https://cellphones.com.vn/dien-thoai-xiaomi-redmi-note-14-pro-plus.html,10.690.000đ,10.990.000đ,(16 đánh giá),6.67 inches,AMOLED,"Chính 200MP, OIS - f/1.65Góc siêu rộng 8MP - f/2.2Macro 2MP - f/2.4",Camera trước - f/2.2,Snapdragon® 7s Gen 3,Có,256 GB,2 Nano-SIM,Android 14,2712 x 1220 pixels,"Tần số quét: Lên đến 120HzĐộ sáng: 3000 nitsĐộ sâu màu: 12-bitTỷ lệ tương phản: 5,000,000:1","8 nhân, xung nhịp 2.5Ghz",,8 GB,5110 mAh,
Xiaomi Redmi Note 14 5G 8GB 256GB,https://cellphones.com.vn/dien-thoai-xiaomi-redmi-note-14-5g.html,7.290.000đ,,(4 đánh giá),6.67 inches,AMOLED,"108MP, ƒ/1.78MP góc siêu rộng, ƒ/2.22MP Macro, ƒ/2.4","20MP, ƒ/2.2",MediaTek Dimensity 7025 - Ultra,Có,256 GB,2 SIM (Nano-SIM),Xiaomi HyperOS,1080 x 2400 pixels (FullHD+),Tần số quét 120HzĐộ sáng 2100 nitsĐộ sâu màu 8 bitĐộ tương phản 5.000.000:1Giải màu rộng DCI-P3960Hz PWM dimmingCorning Gorilla Glass 5,"Octa-core processor, up to 2.5GHzTiền trình 6nm",,8 GB,5110mAh,
Xiaomi Redmi Note 14 6GB 128GB,https://cellphones.com.vn/dien-thoai-xiaomi-redmi-note-14.html,4.790.000đ,4.990.000đ,(107 đánh giá),6.67 inches,AMOLED,Hệ thống camera AI 108MPCamera đo chiều sâu 2MP - f/2.4Camera cận cảnh 2MP - f/2.4,Camera trước 20MP - f/2.2,MediaTek Helio G99-Ultra,Có,128 GB,2 Nano-SIM,Android 14,1080 x 2400 pixels (FullHD+),Tốc độ làm mới: Lên đến 120HzĐộ sáng: 1800 nits đỉnhTỷ lệ tương phản: 5.000.000:1,"8 nhân, lên đến 2.2GHz",,6 GB,5500mAh,
iPhone 13 256GB | Chính hãng VN/A,https://cellphones.com.vn/iphone-13-256gb.html,14.990.000đ,20.290.000đ,(4 đánh giá),6.1 inches,Super Retina XDR OLED,"Camera góc rộng: 12MP, f/1.6Camera góc siêu rộng: 12MP, ƒ/2.4","12MP, f/2.2",Apple A15,Có,256 GB,2 SIM (nano‑SIM và eSIM),iOS 15,2532 x 1170 pixels,"Màn hình super Retina XDR,  OLED, 460 ppi, 1200 nits, Tần số quét 60 Hz, HDR display, công nghệ True Tone Wide color (P3), Haptic Touch, Lớp phủ oleophobic chống bám vân tay",3.22 GHz,,4 GB,3240 mAh,
iPhone 13 128GB | Chính hãng VN/A,https://cellphones.com.vn/iphone-13.html,11.690.000đ,13.990.000đ,(320 đánh giá),6.1 inches,Super Retina XDR OLED,"Camera góc rộng: 12MP, f/1.6Camera góc siêu rộng: 12MP, ƒ/2.4","12MP, f/2.2",Apple A15,Có,128 GB,2 SIM (nano‑SIM và eSIM),iOS 15,2532 x 1170 pixels,"Màn hình super Retina XDR, OLED, 460 ppi, HDR display, công nghệ True Tone Wide color (P3), Haptic Touch, Lớp phủ oleophobic chống bám vân tay",3.22 GHz,,4 GB,3240mAh,
Samsung Galaxy A56 5G 8GB 128GB,https://cellphones.com.vn/dien-thoai-samsung-galaxy-a56.html,9.490.000đ,9.990.000đ,(6 đánh giá),6.7 inches,Super AMOLED,"50.0 MP, F/1.8  + 12.0 MP, F/2.2  + 5.0 MP, F/2.4","12.0 MP, F/2.2",Exynos 1580,Có,128 GB,SIM 1 + SIM 2 / SIM 1 + eSIM / 2 eSIM,Android,1080 x 2340 pixels (FullHD+),"16 triệu màu, 120 Hz, 1200 nit, kính cường lực Corning Gorilla Glass Victus+","8 nhân 2.9GHz, 2.6GHz, 1.9GHz",,8 GB,5000 mAh,
Samsung Galaxy A36 5G 8GB 128GB,https://cellphones.com.vn/dien-thoai-samsung-galaxy-a36.html,7.790.000đ,8.290.000đ,(4 đánh giá),6.7 inches,Super AMOLED,"50.0 MP, F/1.8  + 8.0 MP, F/2.2  + 5.0 MP,  F/2.4","12.0 MP, F/2.2",Snapdragon 6 Gen 3,Có,128 GB,SIM 1 + SIM 2 / SIM 1 + eSIM / 2 eSIM,Android,1080 x 2340 pixels (FullHD+),"16 triệu màu, 120 Hz, 1.200 nit, kính cường lực Corning Gorilla Glass Victus+","8 nhân 2.4GHz, 1.8GHz",,8 GB,5000 mAh,
iPhone 16 512GB | Chính hãng VN/A,https://cellphones.com.vn/iphone-16-512gb.html,27.990.000đ,31.990.000đ,(2 đánh giá),6.1 inches,Super Retina XDR OLED,"Camera chính: 48MP, f/1.6, 26mm, Focus Pixels 100%, hỗ trợ ảnh có độ phân giải siêu caoCamera góc siêu rộng: 12MP, ƒ/2.2, 13 mm, Focus Pixels 100%, Độ phóng đại quang học 2x, độ thu nhỏ quang học 2x; phạm vi thu phóng quang học 4x Độ thu phóng kỹ thu","12MP, ƒ/1.9, Tự động lấy nét theo pha Focus Pixels",Apple A18,Có,512 GB,Sim kép (nano-Sim và e-Sim) - Hỗ trợ 2 e-Sim,iOS 18,2556 x 1179 pixels,Dynamic IslandMàn hình HDRTrue ToneDải màu rộng (P3)Haptic TouchTỷ lệ tương phản 2.000.000:1Độ sáng tối đa 1000 nit460 ppiLớp phủ kháng dầu chống in dấu vân tayHỗ trợ hiển thị đồng thời nhiều ngôn ngữ và ký tự,CPU 6 lõi mới với 2 lõi hiệu năng và 4 lõi tiết kiệm điện,,,,
iPhone 16 256GB | Chính hãng VN/A,https://cellphones.com.vn/iphone-16-256gb.html,22.190.000đ,25.990.000đ,(15 đánh giá),6.1 inches,Super Retina XDR OLED,"Camera chính: 48MP, f/1.6, 26mm, Focus Pixels 100%, hỗ trợ ảnh có độ phân giải siêu caoCamera góc siêu rộng: 12MP, ƒ/2.2, 13 mm, Focus Pixels 100%, Độ phóng đại quang học 2x, độ thu nhỏ quang học 2x; phạm vi thu phóng quang học 4x Độ thu phóng kỹ thu","12MP, ƒ/1.9, Tự động lấy nét theo pha Focus Pixels",Apple A18,Có,256 GB,Sim kép (nano-Sim và e-Sim) - Hỗ trợ 2 e-Sim,iOS 18,2556 x 1179 pixels,Dynamic IslandMàn hình HDRTrue ToneDải màu rộng (P3)Haptic TouchTỷ lệ tương phản 2.000.000:1Độ sáng tối đa 1000 nit460 ppiLớp phủ kháng dầu chống in dấu vân tayHỗ trợ hiển thị đồng thời nhiều ngôn ngữ và ký tự,CPU 6 lõi mới với 2 lõi hiệu năng và 4 lõi tiết kiệm điện,,,,
iPhone 16 128GB | Chính hãng VN/A,https://cellphones.com.vn/iphone-16.html,18.790.000đ,22.990.000đ,(33 đánh giá),6.1 inches,Super Retina XDR OLED,"Camera chính: 48MP, f/1.6, 26mm, Focus Pixels 100%, hỗ trợ ảnh có độ phân giải siêu caoCamera góc siêu rộng: 12MP, ƒ/2.2, 13 mm, Focus Pixels 100%, Độ phóng đại quang học 2x, độ thu nhỏ quang học 2x; phạm vi thu phóng quang học 4x Độ thu phóng kỹ thu","12MP, ƒ/1.9, Tự động lấy nét theo pha Focus Pixels",Apple A18,Có,128 GB,Sim kép (nano-Sim và e-Sim) - Hỗ trợ 2 e-Sim,iOS 18,2556 x 1179 pixels,Dynamic IslandMàn hình HDRTrue ToneDải màu rộng (P3)Haptic TouchTỷ lệ tương phản 2.000.000:1Độ sáng tối đa 1000 nit460 ppiLớp phủ kháng dầu chống in dấu vân tayHỗ trợ hiển thị đồng thời nhiều ngôn ngữ và ký tự,CPU 6 lõi mới với 2 lõi hiệu năng và 4 lõi tiết kiệm điện,,,,
OPPO Reno10 Pro+ 5G 12GB 256GB,https://cellphones.com.vn/oppo-reno10-pro-plus.html,10.990.000đ,19.990.000đ,(13 đánh giá),6.74 inches,AMOLED,"Camera góc rộng: 50 MPKính tiềm vọng: 64 MP, PDAF, 5x optical zoomCamera góc siêu rộng: 8 MP, f/2.2","Camera góc rộng: 32 MP, f/2.4",Snapdragon 8 plus Gen 1 8 nhân,Có,256 GB,2 SIM (Nano-SIM),Android 13,1240 x 2772 pixels,"1 tỷ màu, tần số quét 120Hz, HDR10+, 1100 nits, Kính cường lực AGC DT-Star2",1x3.0 GHz Cortex-X2 & 3x2.75 GHz Cortex-A710 & 4x2.0 GHz Cortex-A510,,12 GB,4700 mAh,
OPPO Reno13 F 5G 12GB 256GB,https://cellphones.com.vn/dien-thoai-oppo-reno13f-5g.html,10.290.000đ,10.990.000đ,(7 đánh giá),6.67 inches,AMOLED,"Camera chính: 50MP OIS,  F/1.8Camera góc rộng: 8MP,  F/2.2Camera Marco: 2MP, F/2.4","32MP, F/2.4","Qualcomm Snapdragon 6 Gen1 5G, tối đa 2.2GHz",Có,256 GB,2 Nano-SIM,"ColorOS 15, nền tảng Android 15",1080 x 2400 pixels (FullHD+),"120Hz, Kính cường lực AGC DT Star2, 1200 nits, 16 triệu màu",,,12 GB,5800mAh (Typ),
OPPO Reno12 5G 12GB 256GB,https://cellphones.com.vn/dien-thoai-oppo-reno12-5g.html,9.190.000đ,12.990.000đ,(10 đánh giá),6.7 inches,AMOLED,50MP + OISCamera góc rộng: 8MPCamera xóa phông: 2MP,32MP,MediaTek Dimensity 7300,Có,256 GB,,Android 14,,Tần số quét 120Hz,,,12 GB,5000mAh,
OPPO Reno13 F 8GB 256GB,https://cellphones.com.vn/dien-thoai-oppo-reno13f-4g.html,8.690.000đ,8.990.000đ,(20 đánh giá),6.67 inches,AMOLED,"Camera chính: 50MP, F/1.8Camera góc rộng: 8MP, F/2.2Camera marco: 2MP, F/2.4","32MP, f/2.4","MediaTek Helio G100, tối đa 2.2GHz",Có,256 GB,2 SIM (Nano-SIM),"ColorOS 15, nền tảng Android 15",1080 x 2400 pixels (FullHD+),"120Hz, Kính cường lực AGC DT Star21200 nits16 triệu màu",,,8 GB,5800mAh (Typ),
OPPO Reno12 F 5G 8GB 256GB,https://cellphones.com.vn/dien-thoai-oppo-reno12-f.html,7.490.000đ,9.490.000đ,(9 đánh giá),6.7 inches,AMOLED,50MPCamera góc rộng: 8MPCamera xóa phông: 2MP,32MP,MediaTek Dimensity 6300,Có,256 GB,,Android 14,,Tần số quét 120Hz,,,8 GB,5000 mAh,
iPhone 15 Pro Max 1TB | Chính hãng VN/A,https://cellphones.com.vn/iphone-15-pro-max-1tb.html,34.990.000đ,46.990.000đ,(6 đánh giá),6.7 inches,Super Retina XDR OLED,"Camera chính: 48MP, 24 mm, ƒ/1.78,Camera góc siêu rộng: 12 MP, 13 mm, ƒ/2.2Camera Tele 5x: 12 MP, 120 mm, ƒ/2.8","12MP, ƒ/1.9",Apple A17 Pro 6 nhân,Có,1 TB,2 SIM (nano‑SIM và eSIM),iOS 17,2796 x 1290-pixel,Tốc độ làm mới 120Hz460 ppiHDRTrue ToneDải màu rộng (P3)Haptic TouchTỷ lệ tương phản 2.000.000:1,CPU 6 lõi mới với 2 lõi hiệu năng và 4 lõi hiệu suất,,8 GB,4422 mAh,
iPhone 15 Pro Max 512GB | Chính hãng VN/A,https://cellphones.com.vn/iphone-15-pro-max-512gb.html,30.990.000đ,40.990.000đ,(15 đánh giá),6.7 inches,Super Retina XDR OLED,"Camera chính: 48MP, 24 mm, ƒ/1.78,Camera góc siêu rộng: 12 MP, 13 mm, ƒ/2.2Camera Tele 5x: 12 MP, 120 mm, ƒ/2.8","12MP, ƒ/1.9",Apple A17 Pro 6 nhân,Có,512 GB,2 SIM (nano‑SIM và eSIM),iOS 17,2796 x 1290-pixel,Tốc độ làm mới 120Hz460 ppi2000 nitsHDRTrue ToneDải màu rộng (P3)Haptic TouchTỷ lệ tương phản 2.000.000:1,CPU 6 lõi mới với 2 lõi hiệu năng và 4 lõi hiệu suất,,8 GB,4422 mAh,
iPhone 15 Pro Max 256GB | Chính hãng VN/A,https://cellphones.com.vn/iphone-15-pro-max.html,27.990.000đ,34.990.000đ,(186 đánh giá),6.7 inches,Super Retina XDR OLED,"Camera chính: 48MP, 24 mm, ƒ/1.78Camera góc siêu rộng: 12 MP, 13 mm, ƒ/2.2Camera Tele: 12 MP","12MP, ƒ/1.9",Apple A17 Pro 6 nhân,Có,256 GB,2 SIM (nano‑SIM và eSIM),iOS 17,2796 x 1290-pixel,Tốc độ làm mới 120Hz460 ppi2000 nitsHDRTrue ToneDải màu rộng (P3)Haptic TouchTỷ lệ tương phản 2.000.000:1,CPU 6 lõi mới với 2 lõi hiệu năng và 4 lõi hiệu suất,,8 GB,4422 mAh,
iPhone 14 256GB | Chính hãng VN/A,https://cellphones.com.vn/iphone-14-256gb.html,16.390.000đ,18.990.000đ,(1 đánh giá),6.1 inches,OLED,"Camera góc rộng: 12MP, ƒ/1.5Camera góc siêu rộng: 12MP, ƒ/2.4","12MP, ƒ/1.9",Apple A15 Bionic 6 nhân,Có,256 GB,2 SIM (nano‑SIM và eSIM),iOS 16,2532 x 1170 pixels,"Tần số quét 60Hz, 1200 nits, Kính cường lực Ceramic Shield,  Super Retina XDR",3.22 GHz,,6 GB,3279 mAh,
iPhone 14 128GB  | Chính hãng VN/A,https://cellphones.com.vn/iphone-14.html,12.790.000đ,14.990.000đ,(44 đánh giá),6.1 inches,OLED,"Camera góc rộng: 12MP, ƒ/1.5Camera góc siêu rộng: 12MP, ƒ/2.4","12MP, ƒ/1.9",Apple A15 Bionic 6 nhân,Có,128 GB,2 SIM (nano‑SIM và eSIM),iOS 16,2532 x 1170 pixels,"Tần số quét 60Hz, 1200 nits, Kính cường lực Ceramic Shield,  Super Retina XDR",3.22 GHz,,6 GB,"3,279mAh",
Nubia Neo 3 GT 12GB 256GB,https://cellphones.com.vn/dien-thoai-nubia-neo-3-gt-12gb-256gb.html,6.590.000đ,6.990.000đ,(27 đánh giá),6.8 inches,OLED,50MP + 2MP,16MP,Unisoc T9100,Có,256 GB,2 Nano-SIM,Android 15,1080 x 2392 pixels,FullHD+Tần số 120HzĐộ sáng cực đại 1300 nitGam màu DCI-P3 100%Tỷ lệ tương phản 1000000:1Tần số lấy mẫu cảm ứng tức thời 1200Hz,,,12 GB,6000mAh,
Nubia Neo 3 5G 8GB 256GB,https://cellphones.com.vn/dien-thoai-nubia-neo-3-5g.html,4.990.000đ,5.490.000đ,(6 đánh giá),6.8 inches,IPS LCD,"50M+2M, ƒ/1.8","16MP, ƒ/2.0",Unisoc T8300,Có,256 GB,2 Nano-SIM,Android 15,,Độ phân giải: 900 x 2030 pixel (FHD)Tần số: 120HzĐộ sáng: 1000 nits,Octa-Core (2*Cortex-A78 @ 2.2GHz + 6*Cortex-A55 @2.0GHz),,8 GB,6000mAh,
Nubia Neo 2 5G,https://cellphones.com.vn/nubia-neo-2.html,4.290.000đ,4.990.000đ,(209 đánh giá),6.72 inches,IPS LCD,"Camera góc rộng: 50 MP, f/1.8, PDAFCamera đo độ sâu: 2 MP, f/2.4",16MP,Unisoc T820 (6 nm),Có,256 GB,2 SIM (Nano-SIM),Android 13,1080 x 2400 pixels (FullHD+),"Corning Gorilla Glass, 400 ppiTần số quét 120Hz",1x2.7 GHz Cortex-A76 & 3x2.3 GHz Cortex-A76 & 4x2.1 GHz Cortex-A55,,8 GB,6000mAh,
Nubia Neo 3 4G 8GB 128GB,https://cellphones.com.vn/dien-thoai-nubia-neo-3-4g.html,3.990.000đ,4.490.000đ,(15 đánh giá),6.8 inches,,50MP + 2MP,16MP,Unisoc T8100,Có,128 GB,2 Nano-SIM,,,Độ phân giải màn hình: 900 x 2030 pixel (FHD)Tần số: 120HzĐộ sáng: 530 nits16.7 tỷ màuIPS,Octa-Core (4*Cortex-A76 @ 2.2GHz + 4*Cortex-A55 @2.0GHz),,8 GB,6000mAh,
Samsung Galaxy M55 12GB 256GB,https://cellphones.com.vn/dien-thoai-samsung-galaxy-m55.html,8.290.000đ,11.190.000đ,(23 đánh giá),6.7 inches,Super AMOLED Plus,"Camera góc rộng: 50 MP, f/1.8, 1/1.56"", 1.0µm, PDAF, OISCamera góc siêu rộng: 8 MP, f/2.2, 123˚Camera macro: 2 MP, f/2.4","Camera góc rộng: 50 MP, f/2.4",Qualcomm Snapdragon 7 Gen 1 (4 nm),Có,256 GB,2 SIM (Nano-SIM),Android 14,1080 x 2400 pixels (FullHD+),"Tần số quét 120Hz, 1000 nits",1x2.4 GHz Cortex-A710 & 3x2.36 GHz Cortex-A710 & 4x1.8 GHz Cortex-A510,,12 GB,5000 mAh,
Samsung Galaxy M55 5G 8GB 256GB,https://cellphones.com.vn/dien-thoai-samsung-galaxy-m55-5g-8gb-256gb.html,7.290.000đ,10.190.000đ,(4 đánh giá),6.7 inches,Super AMOLED Plus,"Camera góc rộng: 50 MP, f/1.8, 1/1.56"", 1.0µm, PDAF, OISCamera góc siêu rộng: 8 MP, f/2.2, 123˚Camera macro: 2 MP, f/2.4","Camera góc rộng: 50 MP, f/2.4",Qualcomm Snapdragon 7 Gen 1 (4 nm),Có,256 GB,2 SIM (Nano-SIM),Android 14,1080 x 2400 pixels (FullHD+),"Tần số quét 120Hz, 1000 nits",1x2.4 GHz Cortex-A710 & 3x2.36 GHz Cortex-A710 & 4x1.8 GHz Cortex-A510,,8 GB,5000 mAh,
iPhone 14 Pro Max 1TB | Chính hãng VN/A,https://cellphones.com.vn/iphone-14-pro-max-1tb.html,41.790.000đ,45.990.000đ,(1 đánh giá),6.7 inches,Super Retina XDR OLED,"Camera chính: 48 MP, f/1.8, 24mm, OISCamera góc siêu rộng: 12 MP, f/2.2, 13mm, 120˚Camera tele: 12 MP, f/2.8, 77mm, OIS, 3x optical zoom","Camera selfie: 12 MP, f/1.9, 23mm, PDAF",Apple A16 Bionic 6 nhân,Có,1 TB,2 SIM (nano‑SIM và eSIM),iOS 16,2796 x 1290-pixel,"120Hz, Always-On display, HDR, True Tone, Haptic Touch, 2,000,000:1, 2000 nitsKính cường lực Ceramic Shield",3.46 GHz,,6 GB,4323 mAh,
iPhone 14 Pro Max 512GB | Chính hãng VN/A,https://cellphones.com.vn/iphone-14-pro-max-512gb.html,35.390.000đ,38.990.000đ,(4 đánh giá),6.7 inches,Super Retina XDR OLED,"Camera chính: 48 MP, f/1.8, 24mm, OISCamera góc siêu rộng: 12 MP, f/2.2, 13mm, 120˚Camera tele: 12 MP, f/2.8, 77mm, OIS, 3x optical zoom","Camera selfie: 12 MP, f/1.9, 23mm, PDAF",Apple A16 Bionic 6-core,Có,512 GB,2 SIM (nano‑SIM và eSIM),iOS 16,2796 x 1290-pixel,"120Hz, Always-On display, HDR, True Tone, Haptic Touch, 2,000,000:1, 2000 nitsKính cường lực Ceramic Shield",3.46 GHz,,6 GB,4323 mAh,
iPhone 14 Pro Max 256GB | Chính hãng VN/A,https://cellphones.com.vn/iphone-14-pro-max-256gb.html,27.990.000đ,32.990.000đ,(37 đánh giá),6.7 inches,Super Retina XDR OLED,"Camera chính: 48 MP, f/1.8, 24mm, OISCamera góc siêu rộng: 12 MP, f/2.2, 13mm, 120˚Camera tele: 12 MP, f/2.8, 77mm, OIS, 3x optical zoom","Camera selfie: 12 MP, f/1.9, 23mm, PDAF",Apple A16 Bionic 6 nhân,Có,256 GB,2 SIM (nano‑SIM và eSIM),iOS 16,2796 x 1290-pixel,"120Hz, Always-On display, HDR, True Tone, Haptic Touch, 2,000,000:1, 2000 nitsKính cường lực Ceramic Shield",3.46 GHz,,6 GB,4323 mAh,
iPhone 14 Pro Max 128GB | Chính hãng VN/A,https://cellphones.com.vn/iphone-14-pro-max.html,25.590.000đ,29.990.000đ,(117 đánh giá),6.7 inches,Super Retina XDR OLED,"Camera chính: 48 MP, f/1.8, 24mm, 1.22µm, PDAF, OISCamera góc siêu rộng: 12 MP, f/2.2, 13mm, 120˚, 1.4µm, PDAFCamera tele: 12 MP, f/2.8, 77mm (telephoto), PDAF, OIS, 3x optical zoomCảm biến độ sâu TOF 3D LiDAR","Camera selfie: 12 MP, f/1.9, 23mm, 1/3.6"", PDAF",Apple A16 Bionic 6-core,Có,128 GB,2 SIM (nano‑SIM và eSIM),iOS 16,2796 x 1290-pixel,"120Hz, Always-On display, HDR, True Tone, Haptic Touch, 2,000,000:1, 2000 nits",CPU 6 lõi với 2 lõi hiệu năng và 4 lõi tiết kiệm điện,,6 GB,4.323 mAh,
iPhone 15 Plus 256GB | Chính hãng VN/A,https://cellphones.com.vn/iphone-15-plus-256gb.html,22.490.000đ,25.990.000đ,(17 đánh giá),6.7 inches,Super Retina XDR OLED,Chính 48 MP & Phụ 12 MP,"12MP, ƒ/1.9",Apple A16 Bionic,Có,256 GB,2 SIM (nano‑SIM và eSIM),iOS 17,2796 x 1290-pixel,Dynamic IslandHDR displayTrue ToneWide color (P3)Tần số quét 60 HzHaptic TouchLớp phủ oleophobia chống dấu vân tayĐộ sáng tối đa: 2000 nitsMật độ điểm ảnh 460 ppi,CPU 6 lõi với 2 lõi hiệu năng và 4 lõi tiết kiệm điện,,6 GB,4383 mAh,
iPhone 15 Plus 128GB | Chính hãng VN/A,https://cellphones.com.vn/iphone-15-plus.html,19.290.000đ,22.990.000đ,(56 đánh giá),6.7 inches,Super Retina XDR OLED,Chính 48 MP & Phụ 12 MP,"12MP, ƒ/1.9",Apple A16 Bionic,Có,128 GB,2 SIM (nano‑SIM và eSIM),iOS 17,2796 x 1290-pixel,Dynamic IslandHDR displayTrue ToneWide color (P3)Tần số quét 60 HzHaptic TouchLớp phủ oleophobia chống dấu vân tayĐộ sáng tối đa: 2000 nitsMật độ điểm ảnh 460 ppi,CPU 6 lõi với 2 lõi hiệu năng và 4 lõi tiết kiệm điện,,6 GB,4383 mAh,
Nothing Phone 2A Plus 5G 12GB 256GB - Chỉ có tại CellphoneS,https://cellphones.com.vn/dien-thoai-nothing-phone-2a-plus.html,8.490.000đ,11.490.000đ,(5 đánh giá),6.7 inches,Flexible AMOLED On-cell,"Camera chính: 50 MP, f/1.88, 1/1.57""Camera góc siêu rộng: 50 MP, f/2.2, 1/2.76""","50 MP, f/2.2, 1/2.76""",MediaTek Dimensity 7350 Pro 5G,Có,256 GB,2 SIM (Nano-SIM),Android 14,1080 x 2412 pixels,"1300 nits120 Hz, 1,07 tỷ màu",Up to 3.0 GHz,,12 GB,5000 mAh,
Nothing Phone 2A 5G 12GB 256GB - Chỉ có tại CellphoneS,https://cellphones.com.vn/dien-thoai-nothing-phone-2a-12gb-256gb.html,7.690.000đ,10.190.000đ,(3 đánh giá),6.7 inches,Flexible AMOLED On-cell,"50 MP, f/1.88, 1/1.56""50 MP, f/2.2, 1/2.76"", 114° FOV","32 MP, f/2.2, 1/2.74""",MediaTek Dimensity 7200 Pro (4nm TSMC process),Có,256 GB,2 SIM (Nano-SIM),Android 14,1080 x 2412 pixels,"Corning® Gorilla® Glass 5Tỷ lệ tương phản: 1,000,000:1394 PPI1300 nits120 Hz",Up to 2.8 GHz,,12 GB,5000 mAh,
Nothing Phone 2A 5G 8GB 128GB - Chỉ có tại CellphoneS,https://cellphones.com.vn/dien-thoai-nothing-phone-2a.html,6.690.000đ,8.990.000đ,(9 đánh giá),6.7 inches,Flexible AMOLED On-cell,"50 MP, f/1.88, 1/1.56""50 MP, f/2.2, 1/2.76"", 114° FOV","32 MP, f/2.2, 1/2.74""",MediaTek Dimensity 7200 Pro (4nm TSMC process),Có,128 GB,2 SIM (Nano-SIM),Android 14,1080 x 2412 pixels,"Corning® Gorilla® Glass 5Tỷ lệ tương phản: 1,000,000:1394 PPI1300 nits120 Hz",Up to 2.8 GHz,,8 GB,5000 mAh,
iPhone 16 Plus 512GB | Chính hãng VN/A,https://cellphones.com.vn/iphone-16-plus-512gb.html,29.490.000đ,34.990.000đ,,6.7 inches,Super Retina XDR OLED,"Camera chính: 48MP, f/1.6, 26mm, Focus Pixels 100%, hỗ trợ ảnh có độ phân giải siêu caoCamera góc siêu rộng: 12MP, ƒ/2.2, 13 mm, Focus Pixels 100%, Độ phóng đại quang học 2x, độ thu nhỏ quang học 2x; phạm vi thu phóng quang học 4x Độ thu phóng kỹ thu","12MP, ƒ/1.9, Tự động lấy nét theo pha Focus Pixels",Apple A18,Có,512 GB,Sim kép (nano-Sim và e-Sim) - Hỗ trợ 2 e-Sim,iOS 18,2796 x 1290-pixel,Dynamic IslandMàn hình HDRTrue ToneDải màu rộng (P3)Haptic TouchTỷ lệ tương phản 2.000.000:1Độ sáng tối đa 1000 nit460 ppiLớp phủ kháng dầu chống in dấu vân tayHỗ trợ hiển thị đồng thời nhiều ngôn ngữ và ký tự,CPU 6 lõi mới với 2 lõi hiệu năng và 4 lõi tiết kiệm điện,,,,
iPhone 16 Plus 256GB | Chính hãng VN/A,https://cellphones.com.vn/iphone-16-plus-256gb.html,24.990.000đ,28.990.000đ,(6 đánh giá),6.7 inches,Super Retina XDR OLED,"Camera chính: 48MP, f/1.6, 26mm, Focus Pixels 100%, hỗ trợ ảnh có độ phân giải siêu caoCamera góc siêu rộng: 12MP, ƒ/2.2, 13 mm, Focus Pixels 100%, Độ phóng đại quang học 2x, độ thu nhỏ quang học 2x; phạm vi thu phóng quang học 4x Độ thu phóng kỹ thu","12MP, ƒ/1.9, Tự động lấy nét theo pha Focus Pixels",Apple A18,Có,256 GB,Sim kép (nano-Sim và e-Sim) - Hỗ trợ 2 e-Sim,iOS 18,2796 x 1290-pixel,Dynamic IslandMàn hình HDRTrue ToneDải màu rộng (P3)Haptic TouchTỷ lệ tương phản 2.000.000:1Độ sáng tối đa 1000 nit460 ppiLớp phủ kháng dầu chống in dấu vân tayHỗ trợ hiển thị đồng thời nhiều ngôn ngữ và ký tự,CPU 6 lõi mới với 2 lõi hiệu năng và 4 lõi tiết kiệm điện,,,,
iPhone 16 Plus 128GB | Chính hãng VN/A,https://cellphones.com.vn/iphone-16-plus.html,21.890.000đ,25.990.000đ,(28 đánh giá),6.7 inches,Super Retina XDR OLED,"Camera chính: 48MP, f/1.6, 26mm, Focus Pixels 100%, hỗ trợ ảnh có độ phân giải siêu caoCamera góc siêu rộng: 12MP, ƒ/2.2, 13 mm, Focus Pixels 100%, Độ phóng đại quang học 2x, độ thu nhỏ quang học 2x; phạm vi thu phóng quang học 4x Độ thu phóng kỹ thu","12MP, ƒ/1.9, Tự động lấy nét theo pha Focus Pixels",Apple A18,Có,128 GB,Sim kép (nano-Sim và e-Sim) - Hỗ trợ 2 e-Sim,iOS 18,2796 x 1290-pixel,Dynamic IslandMàn hình HDRTrue ToneDải màu rộng (P3)Haptic TouchTỷ lệ tương phản 2.000.000:1Độ sáng tối đa 1000 nit460 ppiLớp phủ kháng dầu chống in dấu vân tayHỗ trợ hiển thị đồng thời nhiều ngôn ngữ và ký tự,CPU 6 lõi mới với 2 lõi hiệu năng và 4 lõi tiết kiệm điện,,,,
Xiaomi 15 Ultra 5G 16GB 1TB,https://cellphones.com.vn/dien-thoai-xiaomi-15-ultra-1tb.html,34.990.000đ,38.990.000đ,,6.73 inches,AMOLED,"Camera chính Leica: 50MP, ƒ/1.63, OISCamera tele Leica: 50MP, ƒ/1.8, OISCamera siêu tele Leica: 200MP, ƒ/2.6, OISCamera góc siêu rộng Leica: 50MP, ƒ/2.2, 115° FOV","Camera trước: 32MP, ƒ/2.0, 90° FOVCảm biến OV32BTiêu cự 21mm",Snapdragon 8 Elite (Tiến trình sản xuất 3nm),Có,1 TB,Sim kép (nano-Sim và e-Sim) - Hỗ trợ 2 e-Sim,Xiaomi HyperOS 2,3200 x 1440 pixel,"68 tỷ màuTần số quét 1-120HzTốc độ phản hồi cảm ứng 300HzĐộ sáng tối đa 3200 nits trong nhiều tình huốngĐiều chỉnh độ sáng PWM 1920Hz/DC dimmingOriginal color PRO | Pro HDR | Công nghệ cảm ứng khi ướtHDR10+, Dolby Vision","2 x Lõi Prime, tốc độ tối đa 4,32GHz6 x Lõi hiệu suất, lên đến 3,53GHz",,16 GB,5410mAh,
Xiaomi 15 Ultra 5G 16GB 512GB,https://cellphones.com.vn/dien-thoai-xiaomi-15-ultra.html,32.990.000đ,34.990.000đ,(7 đánh giá),6.73 inches,AMOLED,"Camera chính Leica: 50MP, ƒ/1.63, OISCamera tele Leica: 50MP, ƒ/1.8, OISCamera siêu tele Leica: 200MP, ƒ/2.6, OISCamera góc siêu rộng Leica: 50MP, ƒ/2.2, 115° FOV","Camera trước: 32MP, ƒ/2.0, 90° FOVCảm biến OV32BTiêu cự 21mm",Snapdragon 8 Elite (Tiến trình sản xuất 3nm),Có,512 GB,Sim kép (nano-Sim và e-Sim) - Hỗ trợ 2 e-Sim,Xiaomi HyperOS 2,3200 x 1440 pixel,"68 tỷ màuTần số quét 1-120HzTốc độ phản hồi cảm ứng 300HzĐộ sáng tối đa 3200 nits trong nhiều tình huốngĐiều chỉnh độ sáng PWM 1920Hz/DC dimmingOriginal color PRO | Pro HDR | Công nghệ cảm ứng khi ướtHDR10+, Dolby Vision","2 x Lõi Prime, tốc độ tối đa 4,32GHz6 x Lõi hiệu suất, lên đến 3,53GHz",,16 GB,5410mAh,
Xiaomi 15 5G 12GB 256GB,https://cellphones.com.vn/dien-thoai-xiaomi-15.html,22.990.000đ,24.990.000đ,(6 đánh giá),6.36 inches,CrystalRes AMOLED,"Camera chính Leica: 50MP, ƒ/1.62, OIS, Tiêu cự tương đương 23mmCamera tele Leica: 50MP, ƒ/2.0, OISCamera góc siêu rộng Leica: 50MP, ƒ/2.2, 115°","Camera trước: 32MP, ƒ/2.0, 90°,  Tiêu cự 21mm",Snapdragon 8 Elite (Tiến trình sản xuất 3nm),Có,256 GB,Sim kép (nano-Sim và e-Sim) - Hỗ trợ 2 e-Sim,Xiaomi HyperOS 2,2670 x 1200 pixels,"Độ sáng 3200 nitsTự động tinh chỉnh tần số quét 1-120HzTốc độ phản hồi cảm ứng lên đến 300HzHỗ trợ 68 tỷ màuDải màu DCI-P3Hỗ trợ Dolby Vision, HDR10+, HDR10Độ sáng DCCông nghệ cảm ứng ướt","2 x Lõi Prime, tốc độ tối đa 4,32GHz6 x Lõi hiệu suất, lên đến 3,53GHz",,12 GB,5240mAh,
Samsung Galaxy Z Fold6 12GB 1TB,https://cellphones.com.vn/samsung-galaxy-z-fold-6-1tb.html,45.990.000đ,54.990.000đ,,7.6 inches,Dynamic AMOLED 2X,"Camera góc rộng: 50.0 MP, f/1.8, Thu phóng quang học 2xCamera chụp góc siêu rộng: 12.0 MP, f/2.2Camera ống kính tele: 10.0 MP, f/2.4, Thu phóng Quang học 3x","Camera bên ngoài:10 MP, f/2.2Camera bên trong: 4 MP, F1.8",Snapdragon 8 Gen 3 for Galaxy Tăng lên 42% AI,Có,1 TB,SIM 1 + SIM 2 / SIM 1 + eSIM / 2 eSIM,Android,2160 x 1856 (QXGA+),"Màn hình chính: 7.6"", Dynamic AMOLED 2X, 120Hz, độ sâu màu sắc 16M, 2600nitsMàn hình phụ: 6.3"", 968 x 2376 (HD+), Dynamic AMOLED 2XKính cường lực Corning® Gorilla® Glass Victus® 2","8 nhân 3.39 GHz, 3.1GHz, 2.9GHz, 2.2GHz",Hỗ trợ S Pen,12 GB,4400 mAh,
Samsung Galaxy Z Fold6 12GB 512GB,https://cellphones.com.vn/samsung-galaxy-z-fold-6-512gb.html,39.490.000đ,47.990.000đ,,7.6 inches,Dynamic AMOLED 2X,"Camera góc rộng: 50.0 MP, f/1.8, Thu phóng quang học 2xCamera chụp góc siêu rộng: 12.0 MP, f/2.2Camera ống kính tele: 10.0 MP, f/2.4, Thu phóng Quang học 3x","Camera bên ngoài:10 MP, f/2.2Camera bên trong: 4 MP, F1.8",Snapdragon 8 Gen 3 for Galaxy Tăng lên 42% AI,Có,512 GB,SIM 1 + SIM 2 / SIM 1 + eSIM / 2 eSIM,Android,2160 x 1856 (QXGA+),"Màn hình chính: 7.6"", Dynamic AMOLED 2X, 120Hz, độ sâu màu sắc 16M, 2600nitsMàn hình phụ: 6.3"", 968 x 2376 (HD+), Dynamic AMOLED 2XKính cường lực Corning® Gorilla® Glass Victus® 2","8 nhân 3.39 GHz, 3.1GHz, 2.9GHz, 2.2GHz",Hỗ trợ S Pen,12 GB,4400 mAh,
Samsung Galaxy Z Fold 6 12GB 256GB,https://cellphones.com.vn/samsung-galaxy-z-fold-6.html,37.590.000đ,43.990.000đ,(22 đánh giá),7.6 inches,Dynamic AMOLED 2X,"Camera góc rộng: 50.0 MP, f/1.8, Thu phóng quang học 2xCamera chụp góc siêu rộng: 12.0 MP, f/2.2Camera ống kính tele: 10.0 MP, f/2.4, Thu phóng Quang học 3x","Camera bên ngoài:10 MP, f/2.2Camera bên trong: 4 MP, F1.8",Snapdragon 8 Gen 3 for Galaxy Tăng lên 42% AI,Có,256 GB,SIM 1 + SIM 2 / SIM 1 + eSIM / 2 eSIM,Android,2160 x 1856 (QXGA+),"Màn hình chính: 7.6"", Dynamic AMOLED 2X, 120Hz, độ sâu màu sắc 16M, 2600nitsMàn hình phụ: 6.3"", 968 x 2376 (HD+), Dynamic AMOLED 2XKính cường lực Corning® Gorilla® Glass Victus® 2","8 nhân 3.39 GHz, 3.1GHz, 2.9GHz, 2.2GHz",Hỗ trợ S Pen,12 GB,4400 mAh,
Samsung Galaxy S24 Plus 12GB 512GB,https://cellphones.com.vn/samsung-galaxy-s24-plus-512gb.html,21.190.000đ,30.490.000đ,(1 đánh giá),6.7 inches,Dynamic AMOLED 2X,"Camera chính góc rộng: 50 MP, f/1.8, Dual Pixel PDAF, OISCamera tele: 10 MP, f/2.4, PDAF, OIS, zoom quang học 3xCamera góc siêu rộng: 12 MP, f/2.2, 120˚","12 MP, f/2.2",Exynos 2400,Có,512 GB,SIM 1 + SIM 2 / SIM 1 + eSIM / 2 eSIM,"Android 14, One UI 6.1",3120 x 1440 pixels (Quad HD+),"120Hz, Độ sáng tối đa 2600 nits, Corning® Gorilla® Glass Victus® 2, 16 triệu màu","3.2GHz,2.9GHz,2.6GHz,1.95GHz",,12 GB,"4,900 mAh",
Samsung Galaxy S24 Plus 12GB 256GB,https://cellphones.com.vn/samsung-galaxy-s24-plus.html,17.290.000đ,26.990.000đ,(10 đánh giá),6.7 inches,Dynamic AMOLED 2X,"Camera chính góc rộng: 50 MP, f/1.8, Dual Pixel PDAF, OISCamera tele: 10 MP, f/2.4, PDAF, OIS, zoom quang học 3xCamera góc siêu rộng: 12 MP, f/2.2, 120˚","12 MP, f/2.2",Exynos 2400,Có,256 GB,SIM 1 + SIM 2 / SIM 1 + eSIM / 2 eSIM,"Android 14, One UI 6.1",3120 x 1440 pixels (Quad HD+),"120Hz, Độ sáng tối đa 2600 nits, Corning® Gorilla® Glass Victus® 2, 16 triệu màu","3.2GHz,2.9GHz,2.6GHz,1.95GHz",,12 GB,"4,900mAh",
Redmi Note 13 Pro 5G 12GB 512GB,https://cellphones.com.vn/dien-thoai-redmi-note-13-pro-5g.html,8.590.000đ,10.990.000đ,(3 đánh giá),6.67 inches,AMOLED,"Chính 200 MP & Phụ 8 MP, 2 MP",16 MP,Snapdragon 7s Gen 2 8 nhân,Có,512 GB,2 SIM (Nano-SIM),Android 13,1220 x 2712 pixels,Tần số quét 120 Hz1800 nitsKính cường lực Corning Gorilla Glass Victus,4 nhân 2.4 GHz & 4 nhân 1.95 GHz,,12 GB,5100 mAh,
Xiaomi Redmi Note 13 Pro 5G 8GB 256GB,https://cellphones.com.vn/dien-thoai-xiaomi-redmi-note-13-pro-5g-8gb-256gb.html,7.090.000đ,9.490.000đ,(23 đánh giá),6.67 inches,AMOLED,"Chính 200 MP & Phụ 8 MP, 2 MP",16 MP,Snapdragon 7s Gen 2 8 nhân,Có,256 GB,Dual nano-SIM hoặc 1 nano-SIM + 1 eSIM,Android 13,1220 x 2712 pixels,"Tần số quét 120Hz, 1800 nitsKính cường lực Corning Gorilla Glass Victus",4 nhân 2.4 GHz & 4 nhân 1.95 GHz,,8 GB,5100 mAh,
Xiaomi Redmi Note 13 Pro 8GB 256GB,https://cellphones.com.vn/dien-thoai-xiaomi-redmi-note-13-pro-8gb-256gb.html,6.090.000đ,7.990.000đ,(9 đánh giá),6.67 inches,AMOLED,"Chính 200 MP & Phụ 8 MP, 2 MP",16 MP,MediaTek Helio G99-Ultra 8 nhân,Có,256 GB,2 SIM (Nano-SIM),Android 13,1080 x 2400 pixels (FullHD+),Tần số quét 120Hz1300 nitsKính cường lực Corning Gorilla Glass 5,2.2 GHz,,8 GB,5000 mAh,
iPhone 16e 512GB | Chính hãng VN/A,https://cellphones.com.vn/iphone-16e-512gb.html,25.490.000đ,25.990.000đ,,6.1 inches,Super Retina XDR,"Hệ thống camera 2 trong 1Fusion 48MP: 26 mm, khẩu độ ƒ/1.6, chống rung quang học, Hybrid Focus Pixels, ảnh có độ phân giải siêu cao (24MP và 48MP)Đồng thời hỗ trợ Telephoto 2x 12MP: 52 mm, khẩu độ ƒ/1.6, chống rung quang học, Hybrid Focus Pixels",Camera 12MP Khẩu độ ƒ/1.9Camera TrueDepth hỗ trợ nhận diện khuôn mặt,Chip A18,Có,512 GB,Sim kép (nano-Sim và e-Sim) - Hỗ trợ 2 e-Sim,iOS 18,2532 x 1170 pixels,Màn hình HDRTrue ToneDải màu rộng (P3)Haptic TouchTỷ lệ tương phản 2.000.000:1 (tiêu chuẩn)Độ sáng tối đa 800 nit (tiêu chuẩn); độ sáng đỉnh 1200 nit (HDR)Lớp phủ kháng dầu chống in dấu vân tayThu Phóng Màn Hình,CPU 6 lõi mới với 2 lõi hiệu năng và 4 lõi tiết kiệm điện,Sạc USB-CSạc không dây (tương thích sạc không dây Qi lên đến 7.5W),,Thời gian xem video Lên đến 26 giờThời gian xem video (trực tuyến) Lên đến 21 giờThời gian nghe nhạc Lên đến 90 giờ,
iPhone 16e 256GB | Chính hãng VN/A,https://cellphones.com.vn/iphone-16e-256gb.html,19.290.000đ,19.990.000đ,(1 đánh giá),6.1 inches,Super Retina XDR,"Hệ thống camera 2 trong 1Fusion 48MP: 26 mm, khẩu độ ƒ/1.6, chống rung quang học, Hybrid Focus Pixels, ảnh có độ phân giải siêu cao (24MP và 48MP)Đồng thời hỗ trợ Telephoto 2x 12MP: 52 mm, khẩu độ ƒ/1.6, chống rung quang học, Hybrid Focus Pixels",Camera 12MP Khẩu độ ƒ/1.9Camera TrueDepth hỗ trợ nhận diện khuôn mặt,Chip A18,Có,256 GB,Sim kép (nano-Sim và e-Sim) - Hỗ trợ 2 e-Sim,iOS 18,2532 x 1170 pixels,Màn hình HDRTrue ToneDải màu rộng (P3)Haptic TouchTỷ lệ tương phản 2.000.000:1 (tiêu chuẩn)Độ sáng tối đa 800 nit (tiêu chuẩn); độ sáng đỉnh 1200 nit (HDR)Lớp phủ kháng dầu chống in dấu vân tayThu Phóng Màn Hình,CPU 6 lõi mới với 2 lõi hiệu năng và 4 lõi tiết kiệm điện,Sạc USB-CSạc không dây (tương thích sạc không dây Qi lên đến 7.5W),,Thời gian xem video Lên đến 26 giờThời gian xem video (trực tuyến) Lên đến 21 giờThời gian nghe nhạc Lên đến 90 giờ,
iPhone 16e 128GB | Chính hãng VN/A,https://cellphones.com.vn/iphone-16e.html,16.090.000đ,16.990.000đ,(36 đánh giá),6.1 inches,Super Retina XDR,"Hệ thống camera 2 trong 1Fusion 48MP: 26 mm, khẩu độ ƒ/1.6, chống rung quang học, Hybrid Focus Pixels, ảnh có độ phân giải siêu cao (24MP và 48MP)Đồng thời hỗ trợ Telephoto 2x 12MP: 52 mm, khẩu độ ƒ/1.6, chống rung quang học, Hybrid Focus Pixels",Camera 12MP Khẩu độ ƒ/1.9Camera TrueDepth hỗ trợ nhận diện khuôn mặt,Chip A18,Có,128 GB,Sim kép (nano-Sim và e-Sim) - Hỗ trợ 2 e-Sim,iOS 18,2532 x 1170 pixels,Màn hình HDRTrue ToneDải màu rộng (P3)Haptic TouchTỷ lệ tương phản 2.000.000:1 (tiêu chuẩn)Độ sáng tối đa 800 nit (tiêu chuẩn); độ sáng đỉnh 1200 nit (HDR)Lớp phủ kháng dầu chống in dấu vân tayThu Phóng Màn Hình,CPU 6 lõi mới với 2 lõi hiệu năng và 4 lõi tiết kiệm điện,Sạc USB-CSạc không dây (tương thích sạc không dây Qi lên đến 7.5W),,Thời gian xem video Lên đến 26 giờThời gian xem video (trực tuyến) Lên đến 21 giờThời gian nghe nhạc Lên đến 90 giờ,
TECNO CAMON 40 Pro 8GB 256GB,https://cellphones.com.vn/dien-thoai-tecno-camon-40-pro.html,5.890.000đ,6.990.000đ,(3 đánh giá),6.78 inches,AMOLED,"50MP, ƒ/1.8Góc siêu rộng 8MP",50MP,Mediatek Helio G100 Ultimate,Có,256 GB,2 Nano-SIM,Android 15,,Màn hình cong đôiFHD+Tần số quét 120HzĐộ sáng màn hình 1300 nitsHDR,,,8 GB,5200mAh,
TECNO CAMON 40 8GB 256GB,https://cellphones.com.vn/dien-thoai-tecno-camon-40-8gb-256gb.html,5.590.000đ,6.490.000đ,,6.78 inches,AMOLED,"50MP, ƒ/1.8Góc siêu rộng 8MP",32MP,Mediatek Helio G100 Ultimate,Có,256 GB,2 Nano-SIM,Android 15,,Màn hình phẳngFHD+Tần số quét 120HzĐộ sáng màn hình 1300 nitsHDR,,,8 GB,5200 mAh,
TECNO CAMON 40 8GB 128GB,https://cellphones.com.vn/dien-thoai-tecno-camon-40.html,5.290.000đ,5.990.000đ,(2 đánh giá),6.78 inches,AMOLED,"50MP, ƒ/1.8Góc siêu rộng 8MP",32MP,Mediatek Helio G100 Ultimate,Có,128 GB,2 Nano-SIM,Android 15,,Màn hình phẳngFHD+Tần số quét 120HzĐộ sáng màn hình 1300 nitsHDR,,,8 GB,5200 mAh,
OPPO A3 8GB 256GB,https://cellphones.com.vn/dien-thoai-oppo-a3-8gb-256gb.html,5.790.000đ,6.490.000đ,(1 đánh giá),6.67 inches,LCD,"50MP, Khẩu độ F/1.8","5 MP, Khẩu độ F/2.2","Snapdragon 6s 4G Gen1, tối đa 2.1GHz",Không,256 GB,2 SIM (Nano-SIM),"ColorOS 14, nền tảng Android 14",720 x 1604 (HD+),"16 triệu màu, 90Hz, Kính cường lực Panda, độ sáng 1000 nit",,,8 GB,5100mAh,
OPPO A3 6GB 128GB,https://cellphones.com.vn/dien-thoai-oppo-a3.html,4.590.000đ,4.990.000đ,(10 đánh giá),6.67 inches,LCD,"50MP, Khẩu độ F/1.8","5 MP, Khẩu độ F/2.2","Snapdragon 6s 4G Gen1, tối đa 2.1GHz",Không,128 GB,2 SIM (Nano-SIM),"ColorOS 14, nền tảng Android 14",720 x 1604 (HD+),"16 triệu màu, 90Hz, Kính cường lực Panda, độ sáng 1000 nit",,,6 GB,5100mAh,
Samsung Galaxy A05S 6GB 128GB,https://cellphones.com.vn/dien-thoai-samsung-galaxy-a05s-6gb-128gb.html,3.290.000đ,4.490.000đ,(4 đánh giá),6.7 inches,PLS LCD,"Camera chính: 50MP, f/1.8Camera chân dung: 2 MP, f/2.4Camera macro: 2 MP, f/2.4","13 MP, f/2.0",Snapdragon 680 8 nhân,Không,128 GB,2 SIM (Nano-SIM),Android 14,1080 x 2400 pixels (FullHD+),"Tốc độ làm mới 90 Hz,  500 nits, Kính cường lực",4 nhân 2.4 GHz & 4 nhân 1.9 GHz,,6 GB,5000 mAh,
Samsung Galaxy A05S 4GB 128GB,https://cellphones.com.vn/samsung-galaxy-a05s.html,3.090.000đ,3.990.000đ,(19 đánh giá),6.7 inches,PLS LCD,"Camera chính: 50MP, f/1.8Camera chân dung: 2 MP, f/2.4Camera macro: 2 MP, f/2.4","13 MP, f/2.0",Snapdragon 680 8 nhân,Không,128 GB,2 SIM (Nano-SIM),Android 14,1080 x 2400 pixels (FullHD+),"Tốc độ làm mới 90 Hz,  500 nits, Kính cường lực",4 nhân 2.4 GHz & 4 nhân 1.9 GHz,,4 GB,5000 mAh,
Samsung Galaxy A05 4GB 128GB,https://cellphones.com.vn/samsung-galaxy-a05.html,2.790.000đ,3.090.000đ,(15 đánh giá),6.7 inches,IPS LCD,Camera chính: 50MPCamera cảm biến độ sâu: 2MP,"8 MP, f/2.0",Mediatek Helio G85,Không,128 GB,2 SIM (Nano-SIM),Android 14,720 x 1600 pixel,Độ sáng tối đa: 576 nits,"2 x 1,6 GHz Cortex-A75 & 6 x 1,6 GHz Cortex-A55",,4 GB,5000 mAh,
Điện thoại Meizu Mblu 21 6GB 128GB,https://cellphones.com.vn/dien-thoai-meizu-mblu-21-128gb.html,2.390.000đ,2.990.000đ,(13 đánh giá),6.79 inches,,13MP0.08 MP,8 MP,Spreadtrum T606,Không,128 GB,2 Nano-SIM,Android 14,,,,,6 GB,4900mAh,
Điện thoại Meizu Mblu 21 4GB 64GB,https://cellphones.com.vn/dien-thoai-meizu-mblu-21.html,1.990.000đ,2.490.000đ,(19 đánh giá),6.79 inches,,13MP0.08 MP,8 MP,Spreadtrum T606,Không,64 GB,2 Nano-SIM,Android 14,,,,,4 GB,4900mAh,
iPhone 14 Plus 256GB | Chính hãng VN/A,https://cellphones.com.vn/iphone-14-plus-256gb.html,18.990.000đ,22.990.000đ,(6 đánh giá),6.7 inches,Super Retina XDR OLED,"Camera chính: 12MP, 26 mm, ƒ/1.5Camera góc siêu rộng: 12MP, 13 mm, ƒ/2.4, 120°","12MP khẩu độ f/1.9, Autofocus",Apple A15 Bionic,Có,256 GB,2 SIM (nano‑SIM và eSIM),iOS 16,2778 x 1284 pixel,"Tần số quét 60 Hz, 458 ppi, HDR, True Tone, độ sáng 1200 nits , màn hình chống bám vân tay, 2,000,000:1Kính cường lực Ceramic Shield",6 nhân,,6 GB,4325 mAh,
iPhone 14 Plus 128GB | Chính hãng VN/A,https://cellphones.com.vn/iphone-14-plus.html,16.990.000đ,19.990.000đ,(26 đánh giá),6.7 inches,Super Retina XDR OLED,"Camera chính: 12MP, 26 mm, ƒ/1.5Camera góc siêu rộng: 12MP, 13 mm, ƒ/2.4, 120°","12MP khẩu độ f/1.9, Autofocus",Apple A15 Bionic,Có,128 GB,2 SIM (nano‑SIM và eSIM),iOS 16,2778 x 1284 pixel,"Tần số quét 60 Hz, 458 ppi, HDR, True Tone, độ sáng 1200 nits , màn hình chống bám vân tay, 2,000,000:1Kính cường lực Ceramic Shield",6 nhân,,6 GB,4325 mAh,
Samsung Galaxy A55 5G 8GB 128GB,https://cellphones.com.vn/samsung-galaxy-a55.html,7.890.000đ,9.990.000đ,(37 đánh giá),6.6 inches,Super AMOLED,Camera chính: 50 MP OIS+HDRCamera góc rộng: 12MPCamera macro: 5MP,32 MP,Exynos 1480 4nm 2.4GHz,Có,128 GB,2 SIM (Nano-SIM),Android 14,1080 x 2340 pixels (FullHD+),"Tần số quét 120Hz, 1000nits96% DCI-P3, 1000 nits, Gorilla Glass 7+",4 nhân 2.7 GHz & 4 nhân 2.0 GHz,,8 GB,5000 mAh,
Samsung Galaxy A35 5G 8GB 128GB,https://cellphones.com.vn/samsung-galaxy-a35.html,6.590.000đ,8.290.000đ,(18 đánh giá),6.6 inches,Super AMOLED,"Camera chính rộng:  50 MP OIS+HDRCamera Macro: 5MP, f/2.4Camera siêu rộng: 8MP, f/2.2","13MP, f/2.2",Exynos 1380,Có,128 GB,2 SIM (Nano-SIM),Android 14,1080 x 2340 pixels (FullHD+),"Tốc độ làm mới 120Hz1000 nits, Gorilla Glass 7",4 nhân 2.4 GHz & 4 nhân 2.0 GHz,,8 GB,5000 mAh,
Samsung Galaxy A06 5G 4GB 128GB,https://cellphones.com.vn/dien-thoai-samsung-galaxy-a06-5g.html,3.490.000đ,3.990.000đ,(10 đánh giá),6.7 inches,PLS LCD,"50.0 MP, f/1.82.0 MP, f/2.4","8.0 MP, f/2.0",MediaTek Dimensity 6300,,128 GB,2 Nano SIM (Sim 2 chung khe với thẻ nhớ),Android,720 x 1600 pixel,"16 triệu màu, 60Hz,  576 nits",2 nhân 2.0 GHz & 6 nhân 1.8 GHz,,4 GB,5000 mAh,
Samsung Galaxy A06 4GB 128GB,https://cellphones.com.vn/dien-thoai-samsung-galaxy-a06.html,2.990.000đ,3.490.000đ,(12 đánh giá),6.7 inches,PLS LCD,"50.0 MP, f/1.82.0 MP, f/2.4","8.0 MP, f/2.0",MediaTek Helio G85,,128 GB,2 SIM (Nano-SIM),Android,720 x 1600 pixel,16 triệu màu,"8 nhân 2GHz, 1.8GHz",,4 GB,5000 mAh,
iPhone 13 Pro Max 1TB I Chính hãng VN/A,https://cellphones.com.vn/iphone-13-pro-max-1tb.html,27.990.000đ,35.990.000đ,(4 đánh giá),6.7 inches,Super Retina XDR OLED,"Camera góc rộng: 12MP, ƒ/1.5Camera góc siêu rộng: 12MP, ƒ/1.8Camera tele : 12MP, /2.8","12MP, ƒ/2.2",Apple A15 Bionic 6 nhân,Có,1 TB,2 SIM (nano‑SIM và eSIM),iOS15,2778 x 1284 pixel,"Tần số quét 120 Hz, 1200 nits, Super Retina XDR với ProMotion 6.1‑inch,  OLED, 458 pp, HDR display, True Tone, Wide color (P3), Haptic Touch",3.22 GHz,,6 GB,4352mAh,
iPhone 13 Pro Max 512GB I Chính hãng VN/A,https://cellphones.com.vn/iphone-13-pro-max-512gb.html,25.990.000đ,33.990.000đ,(3 đánh giá),6.7 inches,Super Retina XDR OLED,"Camera góc rộng: 12MP, ƒ/1.5Camera góc siêu rộng: 12MP, ƒ/1.8Camera tele : 12MP, /2.8","12MP, ƒ/2.2",Apple A15 Bionic 6 nhân,Có,512 GB,2 SIM (nano‑SIM và eSIM),iOS15,2778 x 1284 pixel,"Tần số quét 120 Hz, 1200 nits, Super Retina XDR với ProMotion 6.1‑inch,  OLED, 458 pp, HDR display, True Tone, Wide color (P3), Haptic Touch",3.22 GHz,,6 GB,"4,352mAh",
iPhone 13 Pro Max 256GB | Chính hãng VN/A,https://cellphones.com.vn/iphone-13-pro-max-256gb.html,23.990.000đ,31.990.000đ,(33 đánh giá),6.7 inches,Super Retina XDR OLED,"Camera góc rộng: 12MP, ƒ/1.5Camera góc siêu rộng: 12MP, ƒ/1.8Camera tele : 12MP, /2.8","12MP, ƒ/2.2",Apple A15 Bionic 6 nhân,Có,256 GB,2 SIM (nano‑SIM và eSIM),iOS15,2778 x 1284 pixel,"Tần số quét 120 Hz, 1200 nits, Super Retina XDR với ProMotion 6.1‑inch,  OLED, 458 pp, HDR display, True Tone, Wide color (P3), Haptic Touch",3.22 GHz,,6 GB,4352mAh,
iPhone 13 Pro Max 128GB | Chính hãng VN/A,https://cellphones.com.vn/iphone-13-pro-max.html,22.990.000đ,28.990.000đ,(180 đánh giá),6.7 inches,Super Retina XDR OLED,"Camera góc rộng: 12MP, ƒ/1.5Camera góc siêu rộng: 12MP, ƒ/1.8Camera tele : 12MP, /2.8","12MP, ƒ/2.2",Apple A15 Bionic 6 nhân,Có,128 GB,2 SIM (nano‑SIM và eSIM),iOS15,2778 x 1284 pixel,"Tần số quét 120 Hz, 1200 nits, Super Retina XDR với ProMotion 6.1‑inch,  OLED, 458 pp, HDR display, True Tone, Wide color (P3), Haptic Touch",3.22 GHz,,6 GB,4352mAh,
OPPO Find N3 16GB 512GB,https://cellphones.com.vn/oppo-find-n3.html,30.990.000đ,44.990.000đ,(4 đánh giá),7.82 inches,OLED,"Camera chính: 48MP, f/1.7, OISCamera góc rộng: 48MP, f/2.2Camera Tele: 64MP, f/2.6","Màn hình chính: 20MP, f/2.2Màn hình ngoài: 32MP, f/2.4",Snapdragon 8 Gen 2 8 nhân,Có,512 GB,Nano-SIM + eSIM,Android 13,2268 x 2440 pixels,"Màn hình chính: 7.82 inches, 2K+ (2268 x 2440 Pixels), OLED, 120Hz, 2800 nit, 1 tỷ màu, Kính UTGMàn hình phụ: 6.31 inches, FHD+ (1116 x 2484 Pixels), 120Hz, Kính siêu mỏng Nanocrystal",1x3.2 GHz Cortex-X3 & 2x2.8 GHz Cortex-A715 & 2x2.8 GHz Cortex-A710 & 3x2.0 GHz Cortex-A510,,16 GB,4805 mAh,
OPPO Find N3 Flip 12GB 256GB,https://cellphones.com.vn/oppo-find-n3-flip.html,16.490.000đ,22.990.000đ,(4 đánh giá),6.8 inches,AMOLED,"Camera chính: 50 MP, f/1.8, OISCamera góc rộng: 48 MP,  f/2.2Tele: 32 MP,  f/2.0","32 MP, f/2.4, FOV 90°, ống kính 5P; Hỗ trợ AF",MediaTek Dimensity 9200,Có,256 GB,2 SIM (Nano-SIM),Android 13,1080 x 2520 pixels,"Màn hình chính: 6.8 inch, FHD+ (1080 x 2520 Pixels), tần số quét 120 Hz, 1.07 tỷ màu,1600 nits, Kính siêu mỏng Schott UTGMàn hình phụ: 3.26 inch, AMOLED, 720 × 382 pixels, 16.7 triệu màu, độ sáng 900 nits, Kính cường lực GG7","1 nhân 3.05 GHz, 3 nhân 2.85 GHz & 4 nhân 1.8 GHz",,12 GB,Li-Po 4300 mAh,
TECNO POVA 6 8GB 256GB,https://cellphones.com.vn/tecno-pova-6.html,5.590.000đ,6.490.000đ,(24 đánh giá),6.78 inches,AMOLED,108M + AI,Camera trước 32MP với đèn flash kép,MediaTek G99 Ultimate,Có,256 GB,2 Nano-SIM,Android 14,1080 x 2436 pixels,,2*A76 up to 2.2Ghz   6*A55 up to 2.0Ghz,,8 GB,6.000 mAh,
TECNO POVA 6 NEO 8GB 128GB,https://cellphones.com.vn/tecno-pova-6-neo.html,3.890.000đ,4.590.000đ,(88 đánh giá),6.78 inches,LCD,50MP + AI,8MP,MediaTek Helio G99 Ultimate,Có,128 GB,2 Nano-SIM,Android 14,1080x2460 pixels,Tốc độ làm mới 120Hz,2*A76 up to 2.2Ghz   6*A55 up to 2Ghz,,8 GB,7000 mAh,
Samsung Galaxy A26 5G 8GB 128GB,https://cellphones.com.vn/dien-thoai-samsung-galaxy-a26.html,6.690.000đ,6.990.000đ,(5 đánh giá),6.7 inches,Super AMOLED,50MP + 8MP + 2MP,13MP,Exynos 1380 (Quartz),Có,128 GB,2 Nano-SIM,Android 15,1080 x 2340 pixels (FullHD+),"Tần số quét 120Hz, 800 nits, Mặt kính Gorilla Glass Victus","2.4GHz,2GHz, Octa-Core",,8 GB,5000 mAh,
Samsung Galaxy A25 5G 6GB 128GB,https://cellphones.com.vn/samsung-galaxy-a25.html,4.990.000đ,6.590.000đ,(23 đánh giá),6.5 inches,Super AMOLED,"Chính 50 MP & Phụ 8 MP, 2 MP",13 MP,Exynos 1280 8 nhân,Có,128 GB,2 SIM (Nano-SIM),Android 14,1080 x 2340 pixels (FullHD+),Tần số quét 120 Hz Độ sáng tối đa: 1000 nitsKính cường lực Corning Gorilla Glass 5,2 nhân 2.4 GHz & 6 nhân 2 GHz,,6 GB,5000 mAh,
Samsung Galaxy A15 LTE 8GB 128GB,https://cellphones.com.vn/samsung-galaxy-a15.html,4.290.000đ,4.990.000đ,(72 đánh giá),6.5 inches,Super AMOLED,"Chính 50 MP & Phụ 5 MP, 2 MP",13MP,MediaTek G99,Có,128 GB,2 SIM (Nano-SIM),Android 14,1080 x 2340 pixels (FullHD+),Tần số quét 90 HzĐộ sáng tối đa: 800 nitsMặt kính cảm ứng: Kính cường lực,2 nhân 2.2 GHz & 6 nhân 2.0 GHz,,8 GB,5000 mAh,
Điện thoại Nubia Z70 Ultra 5G 16GB 512GB bản đặc biệt,https://cellphones.com.vn/dien-thoai-zte-z70-ultra.html,22.990.000đ,23.990.000đ,,,AMOLED,50MP+64MP+50MP,16MP,Snapdragon 8 Elite (3 nm),Có,512 GB,2 Nano-SIM,Android 15,,Kích thước màn hình: 6.85 inchĐộ phân giải màn hình: 2688 x 1216 pixelsTần số 144Hz,,,16 GB,6150 mAh,
Điện thoại Nubia Z70 Ultra 5G 12GB 256GB,https://cellphones.com.vn/dien-thoai-zte-z70-ultra-12gb-256gb.html,18.990.000đ,19.990.000đ,(1 đánh giá),,AMOLED,50MP+64MP+50MP,16MP,Snapdragon 8 Elite (3 nm),Có,256 GB,2 Nano-SIM,Android 15,,Kích thước màn hình: 6.85 inchĐộ phân giải màn hình: 2688 x 1216 pixelsTần số 144Hz,,,12 GB,6150 mAh,
Xiaomi Redmi Note 13 Pro Plus 5G 8GB 256GB,https://cellphones.com.vn/xiaomi-redmi-note-13-pro-plus.html,8.090.000đ,10.990.000đ,(39 đánh giá),6.67 inches,AMOLED,"Chính 200 MP & Phụ 8 MP, 2 MP",16 MP,Mediatek Dimensity 7200 Ultra (4 nm),Có,256 GB,2 SIM (Nano-SIM),Android 13,1220 x 2712 pixels,Tần số quét 120Hz,2x2.8 GHz Cortex-A715 & 6x2.0 GHz Cortex-A510,,8 GB,5000 mAh,
Xiaomi Redmi Note 13 Pro 4G 8GB 128GB,https://cellphones.com.vn/xiaomi-redmi-note-13-pro.html,5.790.000đ,7.290.000đ,(40 đánh giá),6.67 inches,AMOLED,"Chính 200 MP & Phụ 8 MP, 2 MP",16 MP,MediaTek Helio G99-Ultra 8 nhân,Có,128 GB,2 SIM (Nano-SIM),Android 13,1080 x 2400 pixels (FullHD+),Tần số quét 120Hz1300 nitsKính cường lực Corning Gorilla Glass 5,2.2 GHz,,8 GB,5000 mAh,
Xiaomi Redmi Note 13 6GB 128GB,https://cellphones.com.vn/xiaomi-redmi-note-13.html,3.790.000đ,4.890.000đ,(47 đánh giá),6.67 inches,AMOLED,"Chính 108 MP & Phụ 8 MP, 2 MP",16MP,Snapdragon 685,Không,128 GB,2 SIM (Nano-SIM),Android 13,1080 x 2400 pixels (FullHD+),Tần số quét 120Hz,"CPU lõi tám, tốc độ lên tới 2,8 GHz",,6 GB,5000 mAh,
OPPO A18 4GB 128GB,https://cellphones.com.vn/oppo-a18.html,3.190.000đ,3.990.000đ,(10 đánh giá),6.56 inches,IPS LCD,"Camera chính: 8 MP,  f/2.0Camera xóa phông: 2 MP,  f/2.4","5 MP, f/2.2",MediaTek Helio G85 8 nhân,Không,128 GB,2 SIM (Nano-SIM),Android 13,720 x 1612 (HD+),"Tần số quét 90Hz, 16 triệu màu, Kính cường lực Panda, 720 nits,","8 cores, up to 2.0GHz",,4 GB,5000mAh,
OPPO A18 4GB 64GB,https://cellphones.com.vn/dien-thoai-oppo-a18-4gb-64gb.html,2.890.000đ,3.290.000đ,,6.56 inches,IPS LCD,Chính 8 MP & Phụ 2 MP,5 MP,MediaTek Helio G85 8 nhân,Không,64 GB,2 SIM (Nano-SIM),Android 13,720 x 1612 (HD+),Tần số quét 90 HzĐộ sáng tối đa: 720 nitsMặt kính cảm ứng:  Kính cường lực Panda,2 nhân 2.0 GHz & 6 nhân 1.8 GHz,,4 GB,"5,000mAh",
vivo Y04 6GB 128GB,https://cellphones.com.vn/dien-thoai-vivo-y04-6gb-128gb.html,3.790.000đ,3.990.000đ,,6.74 inches,LCD,13MP + 0.08MPkhẩu độ  f/2.2 (13MP) + f/3.0 (0.08MP),5MPkhẩu độ  f/2.2,Unisoc T7225 8 nhân,Không,128 GB,2 Nano-SIM,Funtouch OS 14 phiên bản Android 14,1600 x 720 pixels (HD+),Hỗ trợ 90Hz70% NTSC260 PPI570 nits,"8 nhân 12nm, 2 × 1.8GHz + 6 × 1.8GHz",,6 GB,5500mAh,
vivo Y04 4GB 64GB,https://cellphones.com.vn/dien-thoai-vivo-y04-4gb-64gb.html,2.990.000đ,,,6.74 inches,LCD,13MP + 0.08MPkhẩu độ  f/2.2 (13MP) + f/3.0 (0.08MP),5MPkhẩu độ  f/2.2 (5MP),Unisoc T7225 8 nhân,Không,64 GB,2 Nano-SIM,Funtouch OS 14 phiên bản Android 14,1600 x 720 pixels (HD+),Hỗ trợ 90Hz260 PPI570 nits,,,4 GB,5500 mAh,
Sony Xperia 1VI 12GB 256GB,https://cellphones.com.vn/dien-thoai-sony-xperia-1-vi.html,22.990.000đ,32.990.000đ,,6.5 inches,OLED,"16mm: 12 MP 1/2.5"" Exmor RS cho cảm biến di động F2.224mm: 52 MP (Toàn cảnh) / 48 MP (Effective) 1/1.35"" Exmor T cho cảm biến di động F1.985 - 170mm: 12 MP 1/3.5"" Exmor RS cho cảm biến di động F2.3 (85 mm) - F3.5 (170 mm)","24mm: 12MP 1/2.9"" Exmor RS cho cảm biến di động F2.0",Snapdragon 8 Gen 3 Mobile Platform,Có,256 GB,,,,"Tần số quét 120Hz, Giảm nhòe do chuyển động 240 Hz, Tốc độ quét cảm ứng 240 Hz, Creator mode ""powered by CineAlta"", DCI-P3 100%, ITU-R BT.2020 (REC.2020), Illuminant D65 White point, 10-bit tonal gradation, Powered by BRAVIA, Sunlight Vision",,,12 GB,5000 mAh,
Sony Xperia 10VI 8GB 128GB,https://cellphones.com.vn/dien-thoai-sony-xperia-10-vi.html,8.290.000đ,11.990.000đ,(2 đánh giá),6.1 inches,OLED,"16mm: 8MP 1/4“ F2.226mm: 48 MP (Hiệu quả) / 12 MP (Ghi)1/2.0"" Exmor RS cho cảm biến di động F1.8","26mm 8MP 1/4"" F2.0",Snapdragon 6 Gen 1 Mobile Platform,Có,128 GB,,,,"Tần số quét 60Hz, Tốc độ quét cảm ứng 120Hz, DCI-P3 100%, Video Image Optimization, Triluminous display for mobile, Chế độ đa cửa sổ",,,8 GB,5000mAh,
TECNO CAMON 30 12GB 256GB,https://cellphones.com.vn/dien-thoai-tecno-camon-30-12gb-256gb.html,5.290.000đ,6.990.000đ,(30 đánh giá),6.78 inches,AMOLED,"Camera kép:50 MP, ƒ/1.9 (Góc rộng), 1/1.57"" Kích thước cảm biến, chống rung quang học (OIS) + chống rung điện tử (EIS)2 MP (Chiều sâu)Đèn flash LED kép, Dải động cao (HDR), Toàn cảnhĐộ phân giải video: 1440p @ 30 fps, 1080p @ 30/60 fps","Camera đơn: 50 MP (Góc rộng), Tự động lấy nét (PDAF)Đèn flash LED képĐộ phân giải video: 1440p @ 30 fps, 1080p @ 30/60 fps",Helio G99 Ultimate(6nm),Có,256 GB,Nano-SIM,Android 14 (Upside Down Cake),1080 x 2436 pixels,Tần số quét 120Hz,"Lõi CPU: 8 lõiCông nghệ CPU: 6 nmTốc độ tối đa của CPU: 2.2 GHzKiến trúc CPU: 64-bitVi kiến trúc: 2x 2.2 GHz – Cortex-A76, 6x 2.0 GHz – Cortex-A55Loại bộ nhớ: LPDDR4X",,12 GB,5000 mAh,
TECNO CAMON 30 8GB 256GB,https://cellphones.com.vn/tecno-camon-30.html,4.990.000đ,6.490.000đ,(29 đánh giá),6.78 inches,AMOLED,"Camera kép:50 MP, ƒ/1.9 (Góc rộng), 1/1.57"" Kích thước cảm biến, chống rung quang học (OIS) + chống rung điện tử (EIS)2 MP (Chiều sâu)Đèn flash LED kép, Dải động cao (HDR), Toàn cảnhĐộ phân giải video: 1440p @ 30 fps, 1080p @ 30/60 fps","Camera đơn: 50 MP (Góc rộng), Tự động lấy nét (PDAF)Đèn flash LED képĐộ phân giải video: 1440p @ 30 fps, 1080p @ 30/60 fps",Helio G99 Ultimate(6nm),Có,256 GB,Nano-SIM,Android 14 (Upside Down Cake),1080 x 2436 pixels,Tần số quét 120Hz,"Lõi CPU: 8 lõiCông nghệ CPU: 6 nmTốc độ tối đa của CPU: 2.2 GHzKiến trúc CPU: 64-bitVi kiến trúc: 2x 2.2 GHz – Cortex-A76, 6x 2.0 GHz – Cortex-A55Loại bộ nhớ: LPDDR4X",,8 GB,5000 mAh,
Itel RS4 8GB 256GB NFC,https://cellphones.com.vn/dien-thoai-itel-rs4.html,3.590.000đ,3.990.000đ,(19 đánh giá),6.56 inches,IPS LCD,"Camera góc rộng: 50 MP, f/1.6, AF",8 MP,Mediatek Helio G99 Ultimate,Có,256 GB,2 Nano-SIM,Android 13,720 x 1612 (HD+),Tần số quét 120HzTỷ lệ 20:9 (mật độ ~ 269 ppi),2x2.2 GHz Cortex-A76 & 6x2.0 GHz Cortex-A55,,8 GB,"5,000 mAh",
Itel RS4 12GB 256GB NFC,https://cellphones.com.vn/dien-thoai-itel-rs4-12gb-256gb.html,3.390.000đ,4.590.000đ,(6 đánh giá),6.56 inches,IPS LCD,"Camera góc rộng: 50 MP, f/1.6, AF",8 MP,Mediatek Helio G99 Ultimate,Có,256 GB,2 Nano-SIM,Android 13,720 x 1612 (HD+),Tần số quét 120HzTỷ lệ 20:9 (mật độ ~ 269 ppi),2x2.2 GHz Cortex-A76 & 6x2.0 GHz Cortex-A55,,12 GB,"5,000 mAh",
Itel RS4 8GB 128GB NFC,https://cellphones.com.vn/dien-thoai-itel-rs4-128gb.html,3.290.000đ,3.990.000đ,(11 đánh giá),6.56 inches,IPS LCD,"Camera góc rộng: 50 MP, f/1.6, AF",8 MP,Mediatek Helio G99 Ultimate,Có,128 GB,2 Nano-SIM,Android 13,720 x 1612 (HD+),Tần số quét 120HzTỷ lệ 20:9 (mật độ ~ 269 ppi),2x2.2 GHz Cortex-A76 & 6x2.0 GHz Cortex-A55,,8 GB,"5,000 mAh",
OPPO A58 8GB 128GB,https://cellphones.com.vn/oppo-a58-8gb-128gb.html,4.590.000đ,5.490.000đ,,6.72 inches,,Cảm biến chính 50MPCảm biến độ sâu 2MP,8MP,MediaTek Helio G85 8 nhân,Không,128 GB,2 SIM (Nano-SIM),Android 13,1080 x 2412 pixels,"Tần số quét 60 Hz680 nits, Kính cường lực Panda",2.0 GHz,,8 GB,"5,000mAh",
OPPO A58 4G 6GB 128GB,https://cellphones.com.vn/oppo-a58.html,4.290.000đ,4.990.000đ,(6 đánh giá),6.72 inches,IPS LCD,"50 MP,F/1.8 (chính) + 2 MP, F/2.4 (Xóa phông)","8 MP, F/2.0","Helio G85, tối đa 2.0GHz",Không,128 GB,2 SIM (Nano-SIM),"ColorOS 13.1, nền tảng Android 13",1080 x 2400 pixels (FullHD+),"16 triệu màu, Kính cường lực Panda","2x2,2 GHz Cortex-A76 & 6x2,0 GHz Cortex-A55",,6 GB,5000mAh (Typ),
Nubia V70 Design 8GB 128GB,https://cellphones.com.vn/dien-thoai-nubia-v70-design-8gb-128gb.html,2.790.000đ,,,6.7 inches,IPS LCD,"50 MP, ƒ/1.82.0 MP",16.0 MP,Unisoc T606,Có,128 GB,2 Nano-SIM,Android 14,720 x 1600 pixel,"120Hz, 264 ppi",,,8 GB,5000 mAh,
Nubia V70 Max 6GB 128GB,https://cellphones.com.vn/dien-thoai-nubia-v70-max-6gb-128gb.html,2.590.000đ,,,6.9 inches,IPS LCD,"50 MP, ƒ/1.82.0 MP",8.0 MP,Unisoc T606,Có,128 GB,2 Nano-SIM,Android 15,720 x 1640 pixels,"120Hz, 254 ppi",,,6 GB,6000 mAh,
Nubia V70 Max 4GB 128GB,https://cellphones.com.vn/dien-thoai-nubia-v70-max-4gb-128gb.html,Liên hệ để báo giá,,,6.9 inches,IPS LCD,"50 MP, ƒ/1.82.0 MP",8.0 MP,Unisoc T606,Có,128 GB,2 Nano-SIM,Android 15,720 x 1640 pixels,"120Hz, 254 ppi",,,4 GB,6000 mAh,
OPPO Reno10 5G 8GB 256GB,https://cellphones.com.vn/oppo-reno10.html,8.490.000đ,10.990.000đ,(4 đánh giá),6.7 inches,AMOLED,"Camera góc rộng: 64MP; f/1.7, PDAFChụp Telephoto chân dung: 32 MP, f/2.0Camera góc siêu rộng: 8 MP, f/2.2, Zoom quang lai 2X× và Xoom kỹ thuật số 20X","Camera góc rộng: 32 MP, f/2.4",MediaTek Dimensity 7050 5G 8 nhân,Có,256 GB,2 SIM (Nano-SIM),Android 13,1080 x 2412 pixels,"1.07 tỷ màu, tần số quét 120Hz, HDR10+, tỷ lệ hiển thị 93%, 950 nits , viền cong 3D",8 cores,,8 GB,5000 mAh,
OPPO Reno10 128GB,https://cellphones.com.vn/oppo-reno10-128gb.html,7.990.000đ,9.990.000đ,(2 đánh giá),6.7 inches,AMOLED,"Camera góc rộng: 64MP; f/1.7, PDAFChụp Telephoto chân dung: 32 MP, f/2.0Camera góc siêu rộng: 8 MP, f/2.2, Zoom quang lai 2X× và Xoom kỹ thuật số 20X","Camera góc rộng: 32 MP, f/2.4",MediaTek Dimensity 7050,Có,128 GB,2 SIM (Nano-SIM),Android 13,1080 x 2412 pixels,"1.07 tỷ màu, tần số quét 120Hz, HDR10+, tỷ lệ hiển thị 93%, 950 nits , viền cong 3D",8 cores,,8 GB,5000 mAh,
Infinix Hot 40 Pro Free Fire 8GB 256GB,https://cellphones.com.vn/dien-thoai-infinix-hot-40-pro.html,3.450.000đ,4.290.000đ,(32 đánh giá),6.78 inches,IPS LCD,"Camera góc rộng: 108 MP, f/1.8, 0.64µm, AFCamera macro: 2 MP, f/2.4Camera phụ: 0.08 MP","Camera góc rộng: 32 MP, f/2.2",Mediatek Helio G99 (6nm),Có,256 GB,2 SIM (Nano-SIM),Android 13,1080x2460 pixels,"Tần số quét 120Hz, 500 nits, Gamut phổ màu 85% NTSC","Octa-core CPU, Lên đến 2.2GHz",,8 GB,5000 mAh,
Infinix Hot 40i 8GB 256GB,https://cellphones.com.vn/dien-thoai-infinix-hot-40i-8gb-256gb.html,2.490.000đ,3.190.000đ,(9 đánh giá),6.56 inches,IPS LCD,"Camera chính: 50MP, f/1.6 + AI CAM, f/2.0","Camera góc rộng: 32 MP, f/2.2",Unisoc T606 (12 nm),Không,256 GB,2 SIM (Nano-SIM),Android 13,720 x 1612 (HD+),"Tần số quét 60/90Hz, 480 nits, Gamut phổ màu DCI-P3",Octa-core (2*A75 1.6GHz & 6*A55 1.6GHz),,8 GB,5000 mAh,
Infinix Hot 40i 4GB 128GB,https://cellphones.com.vn/dien-thoai-infinix-hot-40i.html,2.290.000đ,2.390.000đ,(28 đánh giá),6.56 inches,IPS LCD,"Camera chính: 50MP, f/1.6 + AI CAM, f/2.0","Camera góc rộng: 32 MP, f/2.2",Unisoc T606 (12 nm),Không,128 GB,2 SIM (Nano-SIM),Android 13,720 x 1612 (HD+),"Tần số quét 60/90Hz, 480 nits, Gamut phổ màu DCI-P3",Octa-core (2*A75 1.6GHz & 6*A55 1.6GHz),,4 GB,5000 mAh,
Điện thoại Itel P55 Plus NFC 8GB 256GB,https://cellphones.com.vn/dien-thoai-itel-p55-plus-8gb-256gb.html,2.990.000đ,3.490.000đ,,6.6 inches,,Camera góc rộng: 50 MP,8 MP,Unisoc T606,Có,256 GB,,Android 13,,Tần số quét 90Hz,Octa-core Processor,,8 GB,5000mAh,
Itel P55 Plus 8GB 128GB,https://cellphones.com.vn/dien-thoai-itel-p55-plus.html,2.790.000đ,3.290.000đ,(8 đánh giá),6.6 inches,,Camera góc rộng: 50 MP,8 MP,Unisoc T606,,128 GB,,Android 13,,Tần số quét 90Hz,Octa-core Processor,,8 GB,5000mAh,
TECNO POVA 5 8GB 256GB,https://cellphones.com.vn/tecno-pova-5-8gb-256gb.html,3.890.000đ,5.290.000đ,(19 đánh giá),6.78 inches,LCD,"Camera góc rộng: 50 MP, f/1.66, PDAFCamera chiều sâu: f/2.0","8 MP, f/2.0",Mediatek MT8781 Helio G99 (6nm),Có,256 GB,2 SIM (Nano-SIM),Android 13,1080x2460 pixels,"Tần số quét 120Hz, tần số cảm ứng 240Hz, 580 nits",2x2.2 GHz Cortex-A76 & 6x2.0 GHz Cortex-A55,,8 GB,6000mAh,
TECNO POVA 5 8GB 128GB,https://cellphones.com.vn/tecno-pova-5.html,3.690.000đ,4.490.000đ,(33 đánh giá),6.78 inches,LCD,"Camera góc rộng: 50 MP, f/1.66, PDAFCamera chiều sâu: f/2.0","8 MP, f/2.0",Mediatek MT8781 Helio G99 (6nm),Có,128 GB,2 SIM (Nano-SIM),Android 13,1080x2460 pixels,"Tần số quét 120Hz, tần số cảm ứng 240Hz, 580 nits",2x2.2 GHz Cortex-A76 & 6x2.0 GHz Cortex-A55,,8 GB,6000mAh,
Samsung Galaxy S23 8GB 256GB,https://cellphones.com.vn/samsung-galaxy-s23.html,24.990.000đ,,(2 đánh giá),6.1 inches,Dynamic AMOLED 2X,"Camera chính 50 MP, f/1.8  & Phụ 12 MP, f/2.2, 10 MP, f/2.4","12MP, f/2.2",Snapdragon 8 Gen 2,Có,256 GB,2 Nano-SIM + eSIM,Android,1080 x 2340 pixels (FullHD+),"Tần số quét 120Hz, Kính cường lực Corning Gorilla Glass Victus 2, Độ sáng tối đa: 1750 nits","1 nhân 3.36 GHz, 4 nhân 2.8 GHz & 3 nhân 2 GHz",Không hỗ trợ Spen,8 GB,3900 mAh,
Samsung Galaxy S23 8GB 128GB ĐKH Online - Chỉ có tại CellphoneS,https://cellphones.com.vn/samsung-galaxy-s23-128gb.html,13.790.000đ,22.990.000đ,(41 đánh giá),6.1 inches,Dynamic AMOLED 2X,"Camera chính 50 MP & Phụ 12 MP, 10 MP",12MP,Snapdragon 8 Gen 2 for Galaxy,Có,128 GB,2 Nano SIM hoặc 1 Nano + 1 eSIM,Android 13,1080 x 2340 pixels (FullHD+),"Tần số quét 120Hz, Độ sáng tối đa 1750 nitsKính cường lực Corning Gorilla Glass Victus 2","1 nhân 3.36 GHz, 4 nhân 2.8 GHz & 3 nhân 2 GHz",,8 GB,3900 mAh,
Samsung Galaxy S23 FE 8GB 256GB - ĐKH Online,https://cellphones.com.vn/dien-thoai-samsung-galaxy-s23-fe-256gb.html,11.890.000đ,16.890.000đ,(10 đánh giá),6.4 inches,Dynamic AMOLED 2X,"50 MP & Phụ 12 MP, 8 MP",10 MP,Exynos 2200 8 nhân,Có,256 GB,2 Nano SIM hoặc 1 Nano + 1 eSIM,Android 13,1080 x 2340 pixels (FullHD+),"Tần số quét 120 Hz, 1450 nitsKính cường lực Corning Gorilla Glass 5","1 nhân 2.8 GHz, 3 nhân 2.5 GHz & 4 nhân 1.8 GHz",,8 GB,4500 mAh,
Samsung Galaxy Z Flip5 256GB,https://cellphones.com.vn/samsung-galaxy-z-flip-5-256gb.html,25.990.000đ,,(4 đánh giá),6.7 inches,Dynamic AMOLED 2X,"Camera siêu rộng: 12MP, F2.2, 123°, 1.12 μm, FFCamera chính: 12MP, F1.8, Dual Pixel, 1.8μm, OIS","10MP, F2.4, 1.22μm",Snapdragon 8 Gen 2 for Galaxy,Có,256 GB,2 SIM (nano‑SIM và eSIM),Android 13,1080 x 2640 pixels,"Màn hình trong: Dynamic AMOLED 2X, FHD+ (2640 x 1080 Pixels), 120 Hz, Ultra Thin Glass, độ sáng tối đa 1000nitsMàn hình phụ: 3.4"" (720x748) Super AMOLED, 60Hz, 306ppi, Corning Gorilla Glass Victus 2","1 nhân 3.36 GHz, 4 nhân 2.8 GHz & 3 nhân 2 GHz",,8 GB,3700 mAh,
Samsung Galaxy Z Flip5 512GB,https://cellphones.com.vn/samsung-galaxy-z-flip-5.html,Liên hệ để báo giá,,(10 đánh giá),6.7 inches,Dynamic AMOLED 2X,"Camera siêu rộng: 12MP, F2.2, 123°, 1.12 μm, FFCamera chính: 12MP, F1.8, Dual Pixel, 1.8μm, OIS","10MP, F2.4, 1.22μm",Snapdragon 8 Gen 2 for Galaxy,Có,512 GB,Nano-SIM + eSIM,Android 13,1080 x 2640 pixels,"Màn hình trong: Dynamic AMOLED 2X, FHD+ (2640 x 1080 Pixels), 120 Hz, Ultra Thin Glass, độ sáng tối đa 1000nitsMàn hình phụ: 3.4"" (720x748) Super AMOLED, 60Hz, 306ppi, Corning Gorilla Glass Victus 2","1 nhân 3.36 GHz, 4 nhân 2.8 GHz & 3 nhân 2 GHz",,8 GB,3700 mAh,
realme C61 6GB 128GB,https://cellphones.com.vn/dien-thoai-realme-c61-6gb-128gb.html,3.690.000đ,3.990.000đ,(1 đánh giá),6.745 inches,IPS LCD,"Camera góc rộng: 50 MP, ƒ/1.8, 1/2.5"" Kích thước cảm biếnỐng kính phụ trợ: 0.08 MP",5MP,Unisoc Tiger T612,Không,128 GB,2 Nano-SIM,Android 14,720 x 1600 pixel,"Tốc độ làm tươi 90 Hz560nits,16.7 triệuKính Panda - MN228",2x 1.8 GHz – Cortex-A75 6x 1.8 GHz – Cortex-A55,,6 GB,5000 mAh,
realme C61 4GB 128GB,https://cellphones.com.vn/dien-thoai-realme-c61.html,2.890.000đ,3.590.000đ,(5 đánh giá),6.745 inches,IPS LCD,"Camera góc rộng: 50 MP, ƒ/1.8, 1/2.5"" Kích thước cảm biếnỐng kính phụ trợ: 0.08 MP",5MP,Unisoc Tiger T612,Không,128 GB,2 Nano-SIM,Android 14,720 x 1600 pixel,"Tốc độ làm tươi 90 Hz560nits,16.7 triệuKính Panda - MN228",2x 1.8 GHz – Cortex-A75 6x 1.8 GHz – Cortex-A55,,4 GB,5000 mAh,
vivo Y28 8GB 256GB,https://cellphones.com.vn/dien-thoai-vivo-y28-8gb-256gb.html,5.690.000đ,6.490.000đ,,6.68 inches,LCD,"Chính 50 MP, f/1.8Phụ 2 MP,  f/2.4","8 MP,  f/2.05",Helio G85 (12nm),Không,256 GB,2 Nano-SIM,"Android 14, Funtouch OS 14",1608 × 720 pixels,"Tần số 90Hz, 83% NTSC, 264 ppi, 1000 nits",2 nhân 2.0 GHz & 6 nhân 1.8 GHz,,8 GB,6000 mAh,
vivo Y28 8GB 128GB,https://cellphones.com.vn/dien-thoai-vivo-y28.html,5.090.000đ,5.790.000đ,,6.68 inches,LCD,"Chính 50 MP, f/1.8Phụ 2 MP,  f/2.4","8 MP,  f/2.05",Helio G85 (12nm),Không,128 GB,2 Nano-SIM,"Android 14, Funtouch OS 14",1608 × 720 pixels,"Tần số 90Hz, 83% NTSC, 264 ppi, 1000 nits",2 nhân 2.0 GHz & 6 nhân 1.8 GHz,,8 GB,6000 mAh,
Xiaomi Mi 11 Lite 5G,https://cellphones.com.vn/xiaomi-mi-11-lite.html,10.490.000đ,,(131 đánh giá),6.55 inches,AMOLED,"Camera chính: 64 MP, f/1.8Camera góc rộng: 8 MP, f/2.2, 119˚Camera cận cảnh: 5 MP, f/2.4","20 MP, f/2.5",Snapdragon 780G (5 nm),,128 GB,2 SIM (Nano-SIM),"Android 11, MIUI 12",1080 x 2400 pixels (FullHD+),Tần số quét 90HzHiển thị 1 tỷ màuHỗ trợ HDR10+Kính cường lực Gorrila Glass 6,8 nhân (1x2.4 GHz Kryo 670 & 3x2.2 GHz Kryo 670 & 4x1.90 GHz Kryo 670),,8 GB,Li-Po 4250 mAh,
Xiaomi 11 Lite 5G NE,https://cellphones.com.vn/xiaomi-11-lite-5g-ne.html,9.490.000đ,,(15 đánh giá),6.55 inches,AMOLED,"Camera chính: 64MP, f/1.79, 6PCamera góc siêu rộng: 8MP, f/2.2Camera tele: 5MP, f/2.4, Contrast AF (3cm-7cm)","20MP, f/2.24",Snapdragon™ 778G,Có,128 GB,2 SIM (Nano-SIM),"MIUI 12.5, Android 11",1080 x 2400 pixels (FullHD+),"Dolby Vision, HDR10+, 90Hz, Corning® Gorilla® Glass 5","Qualcomm® Kryo™ 670, octa-core CPU, up to 2.4GHz",,8 GB,4250mAh,
Điện thoại ZTE Blade A55 4GB 128GB,https://cellphones.com.vn/dien-thoai-zte-blade-a55-4gb-128gb.html,2.190.000đ,2.290.000đ,(9 đánh giá),6.75 inches,,13MP AI Dual Camera,8M FF,Unisoc SC9863A1,Không,128 GB,2 SIM (Nano-SIM),Android U,720 x 1600 pixel,Tần số quét 90Hz,Octa-Core 1.6GHz,,4 GB,5000 mAh,
Điện thoại ZTE Blade  A55 4GB 64GB,https://cellphones.com.vn/dien-thoai-zte-blade-a55.html,1.990.000đ,2.090.000đ,(2 đánh giá),6.75 inches,,13M AF + AI Camera,8M FF,Unisoc SC9863A1,Không,64 GB,2 SIM (Nano-SIM),Android U,720 x 1600 pixel,Tần số quét 90Hz,Octa-Core 1.6GHz,,4 GB,5000 mAh,
vivo V25 5G 8GB 128GB,https://cellphones.com.vn/vivo-v25.html,6.990.000đ,10.490.000đ,(5 đánh giá),6.44 inches,AMOLED,"Camera chính 64 MP,  f/1.79Camera góc góc rộng: 8MP, f/2.2Camera siêu cận: 2 MP,  f/2.4","50 MP,  f/2.0",MediaTek Dimensity 900 5G,Có,128 GB,2 SIM (Nano-SIM),Android 12,2404×1080 (FHD+),"Tần số quét 90 Hz, Độ sáng tối đa: 1300 nits, Mặt kính cảm ứng: Kính cường lực Schott Xensation UP",2 nhân 2.4 GHz & 6 nhân 2 GHz,,8GB + Mở rộng 8GB,4.500 mAh,
vivo V25e 8GB 128GB,https://cellphones.com.vn/vivo-v25e.html,4.990.000đ,8.490.000đ,(3 đánh giá),6.44 inches,AMOLED,"Camera chính: 64 MP,  f/1.79Camera góc siêu rộng: 2 MP, f/2.4Camera Macro: 2 MP,  f/2.4","32 MP, f/2.0",MediaTek Helio G99,Không,128 GB,2 SIM (Nano-SIM),Android 12,2404×1080 (FHD+),"1300 nits, Tần số quét 90 Hz, Kính cường lực Schott Xensation UP",2 nhân 2.2 GHz & 6 nhân 2.0 GHz,,8 GB,4500mAh,
OPPO Reno8 5G (8GB 256GB),https://cellphones.com.vn/oppo-reno-8-5g.html,13.990.000đ,,(1 đánh giá),6.4 inches,AMOLED,"Camera chính: 50 MP, f/1.8Camera phụ: 8 MP f/2.4Camera Marco: 2 MP f/2.2","32 MP, f/2.4",MediaTek Dimensity 1300 8 nhân,Có,256 GB,2 SIM (Nano-SIM),Android 12,1080 x 2400 pixels (FullHD+),"Kính cường lực Corning Gorilla Glass 5Tần số quét 90 Hz600 nits, 16.7 triệu màu, 409 PPI",8 nhân với độ mượt tối đa đến 3.0 GHz (1 lõi siêu lớn + 3 lõi lớn + 4 lõi nhỏ),,8 GB,Li-Po 4500 mAh,
OPPO Reno8 Z,https://cellphones.com.vn/oppo-reno8-z.html,10.490.000đ,,,6.43 inches,AMOLED,"Camera chính: 64MP, f/1.7Camera Mono+Depth: 2MP , f/2.4Camera Marco: 2MP , f/2.4",16MP; f/2.4; FOV 79°;ống kính: 5P,Qualcomm Snapdragon 695 5G,Có,256 GB,2 SIM (Nano-SIM),Android 12,1080 x 2400 pixels (FullHD+),"Kính cường lực Schott Xensation UP, Tần số quét 60 Hz, Độ sáng tối đa: 600 nits,  16.7 triệu màu","8 nhân, lên đến 2.2GHz",,8 GB,LiPo 4500 mAh,
OPPO Reno8,https://cellphones.com.vn/oppo-reno-8.html,8.990.000đ,,(2 đánh giá),6.43 inches,AMOLED,"Camera chính: 64MP, f/1.7Camera Marco: 2MP, f/3.3Bokeh: 2MP, f/2.4","32MP, f/2.4",Qualcomm Snapdragon 680,Có,256 GB,2 SIM (Nano-SIM),Android 12,1080 x 2400 pixels (FullHD+),"Kính cường lực Gorilla Glass 5,  Tần số quét 90 Hz,  600 nits, 16.7 triệu màu, 409PPI",Tốc độ CPU: 2.4 GHz,,8 GB,4500mAh (Typ),
Samsung Galaxy A04s (4GB - 64GB),https://cellphones.com.vn/samsung-galaxy-a04s.html,2.750.000đ,3.990.000đ,,6.5 inches,IPS LCD,"Camera chính: 50MP, f/1.8·Camera Macro: 2MP, f/2.8Camera góc sâu: 2MP, f/2.4","5 MP, f/2.2",Exynos 850 8 nhân,Không,64 GB,2 SIM (Nano-SIM),Android 12 One UI,720 x 1600 pixel,"Tần số quét 90 Hz, 400 nits, Mặt kính cong 2.5D, 	16 triệu màu",2.0 GHz,,4 GB,"5,000 mAh",
Samsung Galaxy A04,https://cellphones.com.vn/samsung-galaxy-a04.html,1.950.000đ,2.990.000đ,(4 đánh giá),6.5 inches,PLS LCD,"Camera chính: 50MP, f/1.8Camera góc sâu: 2MP, f/2.4","5 MP, f/2.2",Helio P35,Không,32 GB,2 SIM (Nano-SIM),Android 12,720 x 1600 pixel,"Tần số quét 60 Hz, Độ sáng tối đa 400 nits, 16 triệu màu",8 lõi Cortex-A53 với xung nhịp 1.8 GHz,,3 GB,5.000 mAh,
iPhone 15 Pro 256GB | Chính hãng VN/A,https://cellphones.com.vn/iphone-15-pro-256gb.html,26.290.000đ,31.990.000đ,(6 đánh giá),6.1 inches,Super Retina XDR OLED,"Camera chính: 48MP, 24 mm, ƒ/1.78,Camera góc siêu rộng: 12 MP, 13 mm, ƒ/2.2Camera Tele 3x: 12 MP, 77 mm, ƒ/2.8","12MP, ƒ/1.9",Apple A17 Pro 6 nhân,Có,256 GB,2 SIM (nano‑SIM và eSIM),iOS 17,2556 x 1179 pixels,Tốc độ làm mới 120Hz460 ppiHDRTrue ToneDải màu rộng (P3)Haptic TouchTỷ lệ tương phản 2.000.000:1,CPU 6 lõi mới với 2 lõi hiệu năng và 4 lõi hiệu suất,,8 GB,3274 mAh,
iPhone 15 Pro 128GB | Chính hãng VN/A,https://cellphones.com.vn/iphone-15-pro.html,23.990.000đ,28.990.000đ,(21 đánh giá),6.1 inches,Super Retina XDR OLED,"Camera chính: 48MP, 24 mm, ƒ/1.78,Camera góc siêu rộng: 12 MP, 13 mm, ƒ/2.2Camera Tele 3x: 12 MP, 77 mm, ƒ/2.8","12MP, ƒ/1.9",Apple A17 Pro 6 nhân,Có,128 GB,2 SIM (nano‑SIM và eSIM),iOS 17,2556 x 1179 pixels,Tốc độ làm mới 120Hz460 ppiHDRTrue ToneDải màu rộng (P3)Haptic TouchTỷ lệ tương phản 2.000.000:1Độ sáng 2.000 nit,CPU 6 lõi mới với 2 lõi hiệu năng và 4 lõi hiệu suất,,8 GB,3274 mAh,
iPhone 14 Pro 1TB | Chính hãng VN/A,https://cellphones.com.vn/iphone-14-pro-1tb.html,33.990.000đ,39.990.000đ,,6.1 inches,Super Retina XDR OLED,"Camera chính: 48 MP, f/1.8, 24mm, OISCamera góc siêu rộng: 12 MP, f/2.2, 120˚, 1.4µmCamera tele: 12 MP, f/2.8, PDAF, OIS, 3x optical zoomCảm biến độ sâu TOF 3D LiDAR","Camera selfie: 12 MP, f/1.9, 23mm, PDAF",Apple A16 Bionic,Có,1 TB,2 SIM (nano‑SIM và eSIM),iOS 16,2556 x 1179 pixels,"Công nghệ ProMotion với tần số quét 120HzTỷ lệ tương phản 2.000.000: 1Độ sáng tối đa: 1.000 nits (điển hình), 1.600 nits (HDR), 2.000 nits (ngoài trời)",6 nhân,,6 GB,3200 mAh,
iPhone 14 Pro 512GB | Chính hãng VN/A,https://cellphones.com.vn/iphone-14-pro-512gb.html,28.990.000đ,35.990.000đ,(4 đánh giá),6.1 inches,Super Retina XDR OLED,"Camera chính: 48 MP, f/1.8, 24mm, OISCamera góc siêu rộng: 12 MP, f/2.2, 120˚, 1.4µmCamera tele: 12 MP, f/2.8, PDAF, OIS, 3x optical zoomCảm biến độ sâu TOF 3D LiDAR","Camera selfie: 12 MP, f/1.9, 23mm, PDAF",Apple A16 Bionic,Có,512 GB,2 SIM (nano‑SIM và eSIM),iOS 16,2556 x 1179 pixels,Công nghệ ProMotion với tần số quét 120HzTỷ lệ tương phản 2.000.000: 1Độ sáng tối đa: 2.000 nits (ngoài trời),6 nhân,,6 GB,3200 mAh,
iPhone 14 Pro 256GB | Chính hãng VN/A,https://cellphones.com.vn/iphone-14-pro-256gb.html,24.990.000đ,29.990.000đ,(5 đánh giá),6.1 inches,Super Retina XDR OLED,"Camera chính: 48 MP, f/1.8, 24mm, OISCamera góc siêu rộng: 12 MP, f/2.2, 120˚, 1.4µmCamera tele: 12 MP, f/2.8, PDAF, OIS, 3x optical zoom","Camera selfie: 12 MP, f/1.9, 23mm, PDAF",Apple A16 Bionic,Có,256 GB,2 SIM (nano‑SIM và eSIM),iOS 16,2556 x 1179 pixels,Công nghệ ProMotion với tần số quét 120HzTỷ lệ tương phản 2.000.000: 1Độ sáng tối đa: 2.000 nits (ngoài trời),6 nhân,,6 GB,3200 mAh,
iPhone 14 Pro 128GB | Chính hãng VN/A,https://cellphones.com.vn/iphone-14-pro.html,22.990.000đ,27.990.000đ,(21 đánh giá),6.1 inches,Super Retina XDR OLED,"Camera chính: 48 MP, f/1.8, 24mm, OISCamera góc siêu rộng: 12 MP, f/2.2, 120˚, 1.4µmCamera tele: 12 MP, f/2.8, PDAF, OIS, 3x optical zoomCảm biến độ sâu TOF 3D LiDAR","Camera selfie: 12 MP, f/1.9, 23mm, PDAF",Apple A16 Bionic 6 nhân,Có,128 GB,2 SIM (nano‑SIM và eSIM),iOS 16,2556 x 1179 pixels,Công nghệ ProMotion với tần số quét 120HzTỷ lệ tương phản 2.000.000: 1Độ sáng tối đa: 2.000 nits (ngoài trời),6 nhân,,6 GB,3200 mAh,
iPhone 11 128GB | Chính hãng VN/A,https://cellphones.com.vn/iphone-11-128gb.html,8.490.000đ,11.990.000đ,(72 đánh giá),6.1 inches,IPS LCD,Camera kép 12MP:- Camera góc rộng: ƒ/1.8 aperture- Camera siêu rộng: ƒ/2.4 aperture,"12 MP, ƒ/2.2 aperture",A13 Bionic,Có,128 GB,Nano-SIM + eSIM,iOS 13 hoặc cao hơn (Tùy vào phiên bản phát hành),1792 x 828 pixel,True-tone,Hexa-core,,4 GB,3110 mAh,"FaceID, Con quay hồi chuyển, Gia tốc kế, Cảm biến tiệm cận, Cảm biến ánh sáng xung quanh"
iPhone 11 64GB | Chính hãng VN/A,https://cellphones.com.vn/iphone-11.html,7.490.000đ,9.990.000đ,(158 đánh giá),6.1 inches,IPS LCD,Camera kép 12MP:- Camera góc rộng: ƒ/1.8 aperture- Camera siêu rộng: ƒ/2.4 aperture,"12 MP, ƒ/2.2 aperture",A13 Bionic,Có,64 GB,Nano-SIM + eSIM,iOS 13 hoặc cao hơn (Tùy vào phiên bản phát hành),1792 x 828 pixel,True-tone,Hexa-core,,4 GB,3110 mAh,"FaceID, Con quay hồi chuyển, Gia tốc kế, Cảm biến tiệm cận, Cảm biến ánh sáng xung quanh"
Samsung Galaxy S22 Ultra (12GB - 512GB),https://cellphones.com.vn/samsung-galaxy-s22-ultra-12gb-512gb.html,36.990.000đ,,(1 đánh giá),6.8 inches,Dynamic AMOLED 2X,"108 MP, f/1.8 góc rộng10 MP, f/4.910 MP, f/2.412 MP, f/2.2 góc siêu rộng","40 MP, f/2.2",Snapdragon 8 Gen 1 (4 nm),Có,512 GB,2 Nano SIM hoặc 1 Nano + 1 eSIM,Android 12,1440 x 3088 pixels (QHD+),"Tần số quét 120HzCông nghệ HDR10+, 1750 nits",1x3.00 GHz Cortex-X2 & 3x2.50 GHz Cortex-A710 & 4x1.80 GHz Cortex-A510,Bút Spen,12 GB,5000 mAh,
Samsung Galaxy S22 Ultra 8GB 128GB,https://cellphones.com.vn/samsung-galaxy-s22-ultra.html,30.990.000đ,,(80 đánh giá),6.8 inches,Dynamic AMOLED 2X,"108 MP, f/1.8 góc rộng10 MP, f/4.910 MP, f/2.412 MP, f/2.2 góc siêu rộng","40 MP, f/2.2",Snapdragon 8 Gen 1 8 nhân,Có,128 GB,2 Nano SIM hoặc 1 Nano + 1 eSIM,Android 12,1440 x 3088 pixels (QHD+),"Tần số quét 120Hz,1750 nits",1x3.00 GHz Cortex-X2 & 3x2.50 GHz Cortex-A710 & 4x1.80 GHz Cortex-A510,Bút Spen,8 GB,5000 mAh,
Samsung Galaxy S22 Ultra 12GB  256GB đã kích hoạt online - Chỉ có tại CellphoneS,https://cellphones.com.vn/samsung-galaxy-s22-ultra-12gb-256gb.html,18.990.000đ,33.990.000đ,(43 đánh giá),6.8 inches,Dynamic AMOLED 2X,"108 MP, f/1.8 góc rộng10 MP, f/4.910 MP, f/2.412 MP, f/2.2 góc siêu rộng","40 MP, f/2.2",Snapdragon 8 Gen 1 (4 nm),Có,256 GB,2 Nano SIM hoặc 1 Nano + 1 eSIM,Android 12,1440 x 3088 pixels (QHD+),"Tần số quét 120HzCông nghệ HDR10+, 1750 nits",1x3.00 GHz Cortex-X2 & 3x2.50 GHz Cortex-A710 & 4x1.80 GHz Cortex-A510,Bút Spen,12 GB,5000 mAh,
Xiaomi Redmi Note 12 Pro 5G,https://cellphones.com.vn/xiaomi-redmi-note-12-pro-5g.html,6.590.000đ,9.490.000đ,(28 đánh giá),6.67 inches,AMOLED,"Camera góc rộng: 50MP, f/1.9, PDAF, OISCamera góc siêu rộng: 8 MP, f/1.9, 119˚Camera macro: 2 MP, f/2.4",Camera góc rộng: 16 MP,MediaTek Dimensity 1080 8 nhân,Có,256 GB,2 SIM (Nano-SIM),Android 12,1080 x 2400 pixels (FullHD+),"Tần số quét: 120HzDolby Vision, HDR10+, 500 nit, 900 nitKính cường lực Corning Gorilla Glass 5","2x2,6 GHz Cortex-A78 & 6x2,0 GHz Cortex-A55",,8 GB,5.000 mAh,
Xiaomi Redmi Note 12 Pro 4G 8GB 256GB,https://cellphones.com.vn/xiaomi-redmi-note-12-pro-4g.html,5.690.000đ,7.990.000đ,(17 đánh giá),6.67 inches,AMOLED,"Camera chính: 108MP, f/1.9,  1/1.52""Camera góc siêu rộng: 8MP, f/2.2, FOV 120°Camera cận cảnh: 2MP, f/2.4Camera chiều sâu: 2MP, f/2.4","16MP, f/2.45",Qualcomm SM7150 Snapdragon 732G (8 nm),Có,256 GB,2 SIM (Nano-SIM),MIUI 13 dựa trên Android 11,1080 x 2400 pixels (FullHD+),"Tần số quét 120Hz, Độ sáng tối đa 1100 nitsCorning® Gorilla® Glass 5",2 nhân 2.2 GHz & 6 nhân 1.8 GHz,,8 GB,5000mAh,
Xiaomi Redmi Note 12S,https://cellphones.com.vn/xiaomi-redmi-note-12s.html,4.990.000đ,6.690.000đ,(6 đánh giá),6.43 inches,AMOLED,"Camera chính: 108MP, f/1.89Camera góc siêu rộng: 8MP, f/2.2, FOV 118°Camera cận cảnh: 2MP, f/2.4","16MP, f/2.45",MediaTek Helio G96,,256 GB,2 SIM (Nano-SIM),Android 13,1080 x 2400 pixels (FullHD+),"Tần số quét 90Hz, Độ sáng: tối đa 700 nit (typ), 1000 nits cực đại (typ), Kính Corning Gorilla Glass 3Chế độ Sunlight, Chế độ đọc sách 3.0","8 nhân, tốc độ lên đến 2.05GHz",,8 GB,5000 mAh,
Xiaomi Redmi Note 12 8GB 128GB,https://cellphones.com.vn/xiaomi-redmi-note-12-8gb-128gb.html,4.290.000đ,5.790.000đ,(57 đánh giá),6.67 inches,AMOLED,"Camera chính: 50MP, f/1.8Camera góc rộng: 8MP, f/2.2, 120°Camera Macro: 2MP, f/2.4","13MP, f/2.45",Qualcomm Snapdragon 685,Không,128 GB,2 SIM (Nano-SIM),Android 12,1080 x 2400 pixels (FullHD+),"Tần số quét 120Hz, độ sáng 1200nitsCorning® Gorilla® Glass 3",2X Cortex-A78 @ 2.0GHz ; 6X Cortex-A55 @ 1.8GHz,,8 GB,5000mAh,
Xiaomi Redmi Note 12 4GB 128GB,https://cellphones.com.vn/xiaomi-redmi-note-12.html,3.790.000đ,4.990.000đ,(53 đánh giá),6.67 inches,AMOLED,"Camera chính: 50MP, f/1.8Camera góc rộng: 8MP, f/2.2Camera Macro: 2MP, f/2.4","13MP, f/2.45",Qualcomm Snapdragon 685,Không,128 GB,2 SIM (Nano-SIM),Android 13,1080 x 2400 pixels (FullHD+),"Tần số quét 120Hz, độ sáng 1200nitsCorning® Gorilla® Glass 3",2X Cortex-A78 @ 2.0GHz ; 6X Cortex-A55 @ 1.8GHz,,4 GB,5000mAh,
iPhone 13 mini 512GB I Chính hãng VN/A,https://cellphones.com.vn/iphone-13-mini-512gb.html,23.000.000đ,30.990.000đ,(1 đánh giá),5.4 inches,OLED,"Camera góc rộng: 12MP, f/1.6Camera góc siêu rộng: 12MP, ƒ/2.4","12MP, f/2.2",Apple A15 Bionic 6 nhân,Có,512 GB,2 SIM (nano‑SIM và eSIM),iOS15,1080 x 2340 pixels (FullHD+),"Màn hình super Retina XDR, OLED, 476 ppi, HDR display, công nghệ True Tone Wide color (P3), Haptic Touch, Lớp phủ oleophobic chống bám vân tay",,,4 GB,"2,406mAh",
iPhone 13 mini 256GB I Chính hãng VN/A,https://cellphones.com.vn/iphone-13-mini-256gb.html,19.990.000đ,24.990.000đ,(1 đánh giá),5.4 inches,OLED,"Camera góc rộng: 12MP, f/1.6Camera góc siêu rộng: 12MP, ƒ/2.4","12MP, f/2.2",Apple A15 Bionic 6 nhân,Có,256 GB,2 SIM (nano‑SIM và eSIM),iOS15,1080 x 2340 pixels (FullHD+),"Màn hình super Retina XDR, OLED, 476 ppi, HDR display, công nghệ True Tone Wide color (P3), Haptic Touch, Lớp phủ oleophobic chống bám vân tay",,,4 GB,"2,406mAh",
iPhone 13 mini 128GB | Chính hãng VN/A,https://cellphones.com.vn/iphone-13-mini.html,17.490.000đ,21.990.000đ,(1 đánh giá),5.4 inches,OLED,"Camera góc rộng: 12MP, f/1.6Camera góc siêu rộng: 12MP, ƒ/2.4","12MP, f/2.2",Apple A15,Có,128 GB,2 SIM (nano‑SIM và eSIM),iOS15,1080 x 2340 pixels (FullHD+),"Màn hình super Retina XDR, OLED, 476 ppi, HDR display, công nghệ True Tone Wide color (P3), Haptic Touch, Lớp phủ oleophobic chống bám vân tay",,,4 GB,"2,406mAh",
iPhone 12 Pro Max 512GB I Chính hãng VN/A,https://cellphones.com.vn/iphone-12-pro-max-512gb.html,31.000.000đ,37.990.000đ,(4 đánh giá),6.7 inches,OLED,"12 MP, f/1.6, 26mm (wide), 1.4µm, dual pixel PDAF, OIS12 MP, f/2.0, 52mm (telephoto), 1/3.4"", 1.0µm, PDAF, OIS, 2x optical zoom12 MP, f/2.4, 120˚, 13mm (ultrawide), 1/3.6""TOF 3D LiDAR scanner (depth)","12 MP, f/2.2, 23mm (wide), 1/3.6""SL 3D, (depth/biometrics sensor)",Apple A14 Bionic (5 nm),Có,512 GB,2 SIM (nano‑SIM và eSIM),iOS 14.1 hoặc cao hơn (Tùy vào phiên bản phát hành),1284 x 2778 pixels,HDR10Dolby VisionTrue-toneĐộ sáng 800 nits,Hexa-core,,6 GB,"Li-Ion, sạc nhanh 20W, sạc không dây 15W, USB Power Delivery 2.0","Face ID, cảm biến gia tốc, cảm biến tiệm cận, con quay hồi chuyển, cảm biên sáng"
iPhone 12 Pro Max 256GB I Chính hãng VN/A,https://cellphones.com.vn/iphone-12-pro-max-256gb.html,27.590.000đ,31.990.000đ,(10 đánh giá),6.7 inches,OLED,"12 MP, f/1.6, 26mm (wide), 1.4µm, dual pixel PDAF, OIS12 MP, f/2.0, 52mm (telephoto), 1/3.4"", 1.0µm, PDAF, OIS, 2x optical zoom12 MP, f/2.4, 120˚, 13mm (ultrawide), 1/3.6""TOF 3D LiDAR scanner (depth)","12 MP, f/2.2, 23mm (wide), 1/3.6""SL 3D, (depth/biometrics sensor)",Apple A14 Bionic (5 nm),Có,256 GB,2 SIM (nano‑SIM và eSIM),iOS 14.1 hoặc cao hơn (Tùy vào phiên bản phát hành),1284 x 2778 pixels,HDR10Dolby VisionTrue-toneĐộ sáng 800 nits,Hexa-core,,6 GB,"Li-Ion, sạc nhanh 18W, sạc không dây 15W, USB Power Delivery 2.0","Face ID, cảm biến gia tốc, cảm biến tiệm cận, con quay hồi chuyển, cảm biên sáng"
iPhone 12 Pro Max 128GB I Chính hãng VN/A,https://cellphones.com.vn/iphone-12-pro-max.html,23.490.000đ,28.990.000đ,(173 đánh giá),6.7 inches,OLED,"Camera chính: 12 MP, f/1.6, 26mm, 1.4µm, dual pixel PDAF, OISCamera tele: 12 MP, f/2.0, 52mm, 1/3.4"", 1.0µm, PDAF, OIS, 2x optical zoomCamera góc siêu rộng: 12 MP, f/2.4, 120˚, 13mm, 1/3.6""Cảm biến: TOF 3D LiDAR scanner","12 MP, f/2.2, 23mm (wide), 1/3.6""SL 3D, (depth/biometrics sensor)",Apple A14 Bionic (5 nm),Có,128 GB,2 SIM (nano‑SIM và eSIM),iOS 14.1 hoặc cao hơn (Tùy vào phiên bản phát hành),1284 x 2778 pixels,HDR10Dolby VisionTrue-toneĐộ sáng 800 nits,Hexa-core,,6 GB,"Li-Ion, sạc nhanh 20W, sạc không dây 15W, USB Power Delivery 2.0","Face ID, cảm biến gia tốc, cảm biến tiệm cận, con quay hồi chuyển, cảm biên sáng"
Samsung Galaxy S23 Ultra 12GB 1TB,https://cellphones.com.vn/samsung-galaxy-s23-ultra-12gb-1tb.html,44.990.000đ,,(1 đánh giá),6.8 inches,Dynamic AMOLED 2X,"Siêu rộng: 12MP F2.2 (Dual Pixel AF)Chính: 200MP F1.7 OIS ±3° (Super Quad Pixel AF)Tele 1: 10MP F4.9 (10X, Dual Pixel AF) OIS,Tele 2: 10MP F2.4 (3X, Dual Pixel AF) OIS Thu phóng chuẩn không gian 100X",12MP F2.2 (Dual Pixel AF),Snapdragon 8 Gen 2 (4 nm),Có,1 TB,2 Nano SIM hoặc 1 Nano + 1 eSIM,Android,1440 x 3088 pixels (QHD+),"120Hz, HDR10+, 1750 nits, Gorilla Glass Victus 2",1x3.36 GHz Cortex-X3 & 2x2.8 GHz Cortex-A715 & 2x2.8 GHz Cortex-A710 & 3x2.0 GHz Cortex-A510,Bút S-Pen,12 GB,5000 mAh,
Samsung Galaxy S23 Ultra 12GB 512GB,https://cellphones.com.vn/samsung-galaxy-s23-ultra-12gb-512gb.html,22.290.000đ,36.990.000đ,(26 đánh giá),6.8 inches,Dynamic AMOLED 2X,"Siêu rộng: 12MP F2.2 (Dual Pixel AF)Chính: 200MP F1.7 OIS ±3° (Super Quad Pixel AF)Tele 1: 10MP F4.9 (10X, Dual Pixel AF) OIS,Tele 2: 10MP F2.4 (3X, Dual Pixel AF) OIS Thu phóng chuẩn không gian 100X",12MP F2.2 (Dual Pixel AF),Snapdragon 8 Gen 2 (4 nm),Có,512 GB,2 Nano SIM hoặc 1 Nano + 1 eSIM,Android,1440 x 3088 pixels (QHD+),"120Hz, HDR10+, 1750 nits, Gorilla Glass Victus 2",1x3.36 GHz Cortex-X3 & 2x2.8 GHz Cortex-A715 & 2x2.8 GHz Cortex-A710 & 3x2.0 GHz Cortex-A510,Bút S-Pen,12 GB,5000 mAh,
Samsung Galaxy S23 Ultra 256GB,https://cellphones.com.vn/samsung-galaxy-s23-ultra.html,19.490.000đ,31.990.000đ,(48 đánh giá),6.8 inches,Dynamic AMOLED 2X,"Siêu rộng: 12MP, F2.2 (Dual Pixel AF)Chính: 200MP, F1.7 OIS ±3° (Super Quad Pixel AF)Tele 1: 10MP, F4.9 (10X, Dual Pixel AF) OIS,Tele 2: 10MP, F2.4 (3X, Dual Pixel AF) OIS Thu phóng chuẩn không gian 100X","12MP, F2.2 (Dual Pixel AF)",Snapdragon 8 Gen 2 (4 nm),Có,256 GB,2 Nano SIM hoặc 1 Nano + 1 eSIM,Android 13,1440 x 3088 pixels (QHD+),"120Hz, HDR10+, 1750 nits, Gorilla Glass Victus 2",1x3.36 GHz Cortex-X3 & 2x2.8 GHz Cortex-A715 & 2x2.8 GHz Cortex-A710 & 3x2.0 GHz Cortex-A510,Bút S-Pen,8 GB,5.000mAh,
ASUS ROG Phone 6 Diablo 16GB 512GB,https://cellphones.com.vn/asus-rog-phone-6-diablo.html,17.990.000đ,27.990.000đ,,6.78 inches,AMOLED,"Camera góc rộng: 50.0 MP, ƒ/1.9, 1.00 µmCamera góc siêu rộng: 13.0 MP, ƒ/2.2Camera Macro : 5.0 MP",12.0 MP,Snapdragon 8+ Gen 1,Có,512 GB,2 SIM (Nano-SIM),Android 12,,"Tần số quét 165Hz, 395 ppi, 	1200 nitsGorilla Glass Victus",,,16 GB,6000 mAh,
ASUS ROG Phone 6 16GB 512GB - Chỉ có tại CellphoneS,https://cellphones.com.vn/asus-rog-phone-6.html,17.990.000đ,20.990.000đ,(18 đánh giá),6.78 inches,AMOLED,"Camera chính góc rộng: 50 MP, f/1.9, PDAFCamera góc siêu rộng:13 MP, f/2.2Camera macro: 5 MP",12 MP,Snapdragon® 8+ Gen 1,Có,512 GB,2 SIM (Nano-SIM),Android 12,1080 x 2448 pixels (FullHD+),"1 tỷ màu, Tần số quét màn hình 165Hz, HDR10+, Độ sáng màn hình 800 nits (typ) và 1200 nits (peak), Corning Gorilla Glass Victus, Delta-E < 1",1 nhân 3.19 GHz Cortex-X23 nhân 2.75 GHz Cortex-A7104 nhân 1.80 GHz Cortex-A510,,16 GB,6000 mAh,
ASUS ROG Phone 6 Batman 12GB 256GB,https://cellphones.com.vn/asus-rog-phone-6-batman-12gb-256gb.html,14.990.000đ,27.990.000đ,(1 đánh giá),6.78 inches,AMOLED,"Camera góc rộng: 50 MP, f/1.9, 24mm, 1/1.56"", 1.0µm, PDAFCamera góc cực rộng: 13 MP, f/2.2, 13mmCamera macro: 5 MP","Camera góc rộng: 12 MP, 28mm",Snapdragon 8+ Gen 1 (4 nm),Có,256 GB,2 SIM (Nano-SIM),Android 12,1080 x 2448 pixels (FullHD+),"1 triệu màu, 165 Hz, HDR10+Kính cường lực Corning Gorilla Glass",1x3.19 GHz Cortex-X2 & 3x2.75 GHz Cortex-A710 & 4x1.80 GHz Cortex-A510,,12 GB,6000 mAh,
ASUS ROG Phone 6 12GB 256GB,https://cellphones.com.vn/asus-rog-phone-6-12gb-256gb.html,14.490.000đ,18.990.000đ,(20 đánh giá),6.78 inches,AMOLED,"Camera chính: 50 MP,  f/1.9Camera góc siêu rộng: 13 MPCamera macro: 5 MP",12 MP,Qualcomm ® Snapdragon ® 8+ thế hệ 1,Có,256 GB,2 SIM (Nano-SIM),Android 12,1080 x 2448 pixels (FullHD+),"Corning ® Gorilla ® Glass Victus, 165Hz, Độ sáng tối đa: 1200 nits, Mật độ điểm ảnh: 395 ppi",,,12 GB,6000 mAh,
