Name_product,New_price,Old_proce,Deal,Gift_detail,Number_of_review,Link_product
iPhone 16 Pro Max 256GB Chính Hãng VN/A,"29,990,000 ₫","35,990,000 ₫",17%,,(69 đánh giá),https://clickbuy.com.vn/iphone-16-pro-max.html
Samsung Galaxy S25 Ultra (5G) 12GB 256GB - 1 đổi 1 12 tháng,"24,990,000 ₫","33,990,000 ₫",25%,[07.06 - 15.06] GIẢM ĐẬM SALE SÂU giảm thêm,(48 đánh giá),https://clickbuy.com.vn/samsung-galaxy-s25-ultra.html
Samsung Galaxy S24 Ultra (5G) 12GB 256GB - 1 đổi 1 12 tháng,"21,490,000 ₫","33,990,000 ₫",35%,[07.06 - 15.06] GIẢM ĐẬM SALE SÂU giảm thêm,(69 đánh giá),https://clickbuy.com.vn/samsung-galaxy-s24-ultra.html
TECNO Camon 40 (8+8GB/256GB) - Lỗi 1 đổi 1 12 tháng,"5,490,000 ₫","6,490,000 ₫",12%,[07.06 - 15.06] GIẢM ĐẬM SALE SÂU giảm thêm,(16 đánh giá),https://clickbuy.com.vn/tecno-camon-40-8gb-256gb-loi-1-doi-1-12-thang.html
Xiaomi Redmi Note 14 - 1 Đổi 1 12 Tháng,"4,090,000 ₫","4,990,000 ₫",14%,[07.06 - 15.06] GIẢM ĐẬM SALE SÂU giảm thêm,(83 đánh giá),https://clickbuy.com.vn/xiaomi-redmi-note-14-4g-chinh-hang.html
iPhone 16 Plus 128GB Chính Hãng VN/A,"21,890,000 ₫","25,990,000 ₫",16%,,(49 đánh giá),https://clickbuy.com.vn/iphone-16-plus.html
TECNO Camon 40 Pro (8+8GB/256GB) - 1 Đổi 1 12 Tháng,"5,790,000 ₫","6,990,000 ₫",14%,[07.06 - 15.06] GIẢM ĐẬM SALE SÂU giảm thêm,(14 đánh giá),https://clickbuy.com.vn/tecno-camon-40-pro-chinh-hang.html
iPhone 16 Pro 128GB Chính Hãng VN/A,"24,590,000 ₫",,0%,,(52 đánh giá),https://clickbuy.com.vn/iphone-16-pro.html
Xiaomi 14T 12GB 512GB - 1 Đổi 1 12 Tháng,"12,090,000 ₫","13,990,000 ₫",11%,[07.06 - 15.06] GIẢM ĐẬM SALE SÂU giảm thêm,(34 đánh giá),https://clickbuy.com.vn/xiaomi-14t-chinh-hang.html
Samsung Galaxy A56 (5G) 8GB 128GB - 1 Đổi 1 12 Tháng,"8,590,000 ₫","9,990,000 ₫",12%,[Từ 07.06 - 15.06] GIẢM ĐẬM SALE SÂU giảm thêm,(32 đánh giá),https://clickbuy.com.vn/samsung-galaxy-a56-5g-chinh-hang.html
Samsung Galaxy A16 (4G) 4GB 128GB - 1 Đổi 1 12 Tháng,"3,990,000 ₫","5,890,000 ₫",31%,[Từ 07.06 - 15.06] GIẢM ĐẬM SALE SÂU giảm thêm,(23 đánh giá),https://clickbuy.com.vn/samsung-galaxy-a16-4g.html
Xiaomi 14T Pro - 1 Đổi 1 12 Tháng,"13,990,000 ₫","17,990,000 ₫",21%,[07.06 - 15.06] GIẢM ĐẬM SALE SÂU giảm thêm,(54 đánh giá),https://clickbuy.com.vn/xiaomi-14t-pro-chinh-hang.html
Samsung Galaxy A36 (5G) 8GB 128GB - 1 Đổi 1 12 Tháng,"6,990,000 ₫","8,290,000 ₫",13%,[Từ 07.06 - 15.06] GIẢM ĐẬM SALE SÂU giảm thêm,(31 đánh giá),https://clickbuy.com.vn/samsung-galaxy-a36-chinh-hang.html
iPhone 16 128GB Chính Hãng VN/A,"18,790,000 ₫","22,990,000 ₫",18%,,(54 đánh giá),https://clickbuy.com.vn/iphone-16.html
Samsung Galaxy S25 (5G) 12GB 256GB - 1 đổi 1 12 tháng,"17,990,000 ₫","22,990,000 ₫",20%,[07.06 - 15.06] GIẢM ĐẬM SALE SÂU giảm thêm,(54 đánh giá),https://clickbuy.com.vn/samsung-galaxy-s25.html
Xiaomi 15 Ultra (5G) 16GB 512GB - 1 Đổi 1 12 Tháng,"26,990,000 ₫","31,990,000 ₫",14%,[07.06 - 15.06] GIẢM ĐẬM SALE SÂU giảm thêm,(33 đánh giá),https://clickbuy.com.vn/xiaomi-15-ultra-chinh-hang.html
Xiaomi Redmi Note 13 6GB 128GB - 1 Đổi 1 12 Tháng,"3,490,000 ₫","4,890,000 ₫",25%,[07.06 - 15.06] GIẢM ĐẬM SALE SÂU giảm thêm,(70 đánh giá),https://clickbuy.com.vn/xiaomi-redmi-note13-chinh-hang.html
Samsung Galaxy Z Fold6 (5G) 12GB 256GB - 1 Đổi 1 12 Tháng,"32,990,000 ₫","43,990,000 ₫",24%,[07.06 - 15.06] GIẢM ĐẬM SALE SÂU giảm thêm,(29 đánh giá),https://clickbuy.com.vn/galaxy-z-fold-6.html
TECNO Spark Go 1 (4+4GB/64GB) - 1 Đổi 1 12 Tháng,"1,990,000 ₫","2,490,000 ₫",16%,[07.06 - 15.06] GIẢM ĐẬM SALE SÂU giảm thêm,(47 đánh giá),https://clickbuy.com.vn/tecno-spark-go1.html
Samsung Galaxy S25 Plus (5G) 12GB 256GB - 1 đổi 1 12 tháng,"20,590,000 ₫","26,990,000 ₫",22%,[07.06 - 15.06] GIẢM ĐẬM SALE SÂU giảm thêm,(49 đánh giá),https://clickbuy.com.vn/samsung-galaxy-s25-plus.html
iPhone 16e 128GB Chính Hãng VN/A,"15,990,000 ₫","16,990,000 ₫",6%,,(4 đánh giá),https://clickbuy.com.vn/iphone-16e.html
iPhone 15 128GB VN/A - Tặng BH rơi vỡ vào nước,"15,190,000 ₫","23,990,000 ₫",37%,,(23 đánh giá),https://clickbuy.com.vn/iphone-15.html
Xiaomi Redmi Note 13 8GB 128GB - 1 Đổi 1 12 Tháng,"3,890,000 ₫","5,290,000 ₫",23%,[07.06 - 15.06] GIẢM ĐẬM SALE SÂU giảm thêm,(73 đánh giá),https://clickbuy.com.vn/xiaomi-redmi-note13-8gb-128gb-chinh-hang.html
TECNO Pova 6 (8+8GB/256GB) - 1 Đổi 1 12 Tháng,"5,290,000 ₫","6,490,000 ₫",15%,[07.06 - 15.06] GIẢM ĐẬM SALE SÂU giảm thêm,(20 đánh giá),https://clickbuy.com.vn/tecno-pova-6.html
Realme Note 60 4GB 64GB - 1 Đổi 1 12 Tháng,"2,590,000 ₫","3,090,000 ₫",16%,,(16 đánh giá),https://clickbuy.com.vn/realme-note-60.html
Samsung Galaxy A16 (5G) 8GB 128GB - 1 Đổi 1 12 Tháng,"5,090,000 ₫","6,090,000 ₫",15%,[Từ 07.06 - 15.06] GIẢM ĐẬM SALE SÂU giảm thêm,(21 đánh giá),https://clickbuy.com.vn/samsung-galaxy-a16-5g.html
iPhone 15 Plus 128GB VN/A - Tặng BH rơi vỡ vào nước,"18,890,000 ₫","25,990,000 ₫",27%,,(25 đánh giá),https://clickbuy.com.vn/iphone-15-plus.html
iPhone 13 128GB chính hãng VN/A - Tặng BH rơi vỡ vào nước,"11,590,000 ₫","24,490,000 ₫",53%,,(285 đánh giá),https://clickbuy.com.vn/apple-iphone-13-128gb-chinh-hang-vn-a.html
Samsung Galaxy Z Flip6 (5G) 12GB 256GB - 1 Đổi 1 12 Tháng,"18,490,000 ₫","28,990,000 ₫",34%,[07.06 - 15.06] GIẢM ĐẬM SALE SÂU giảm thêm,(30 đánh giá),https://clickbuy.com.vn/galaxy-z-flip-6.html
Xiaomi Redmi 13C 4GB 128GB - 1 Đổi 1 12 Tháng,"2,390,000 ₫","3,590,000 ₫",31%,[07.06 - 15.06] GIẢM ĐẬM SALE SÂU giảm thêm,(49 đánh giá),https://clickbuy.com.vn/xiaomi-redmi-13c.html
iPhone 16 Pro Max 512GB Chính Hãng VN/A,"36,390,000 ₫",,0%,,(49 đánh giá),https://clickbuy.com.vn/iphone-16-pro-max-512gb.html
Samsung Galaxy M15 (5G) 4GB 128GB - 1 Đổi 1 12 Tháng,"3,690,000 ₫","4,990,000 ₫",26%,,(40 đánh giá),https://clickbuy.com.vn/samsung-galaxy-m15-5g-chinh-hang.html
iPhone 16 Pro 256GB Chính Hãng VN/A,"27,490,000 ₫","31,990,000 ₫",14%,,(51 đánh giá),https://clickbuy.com.vn/iphone-16-pro-256gb.html
iPhone 15 Pro Max 512GB VN/A - Tặng BH rơi vỡ vào nước,"30,990,000 ₫","45,990,000 ₫",33%,,(1 đánh giá),https://clickbuy.com.vn/iphone-15-pro-max-512gb.html
Xiaomi Redmi 14C - 1 Đổi 1 12 Tháng,"2,590,000 ₫","3,690,000 ₫",27%,[07.06 - 15.06] GIẢM ĐẬM SALE SÂU giảm thêm,(17 đánh giá),https://clickbuy.com.vn/xiaomi-redmi-14c.html
Samsung Galaxy Z Fold5 12GB 512GB - 1 Đổi 1 12 Tháng,"24,990,000 ₫","44,990,000 ₫",44%,,(45 đánh giá),https://clickbuy.com.vn/samsung-galaxy-z-fold5-12gb-512gb-chinh-hang.html
iPhone 16 256GB Chính Hãng VN/A,"22,190,000 ₫","25,990,000 ₫",15%,,(45 đánh giá),https://clickbuy.com.vn/iphone-16-256gb.html
iPhone 16 Plus 256GB Chính Hãng VN/A,"24,890,000 ₫",,0%,,(46 đánh giá),https://clickbuy.com.vn/iphone-16-plus-256gb.html
iPhone 11 64GB chính hãng VN/A - Tặng BH rơi vỡ vào nước,"8,790,000 ₫","14,990,000 ₫",41%,,(505 đánh giá),https://clickbuy.com.vn/apple-iphone-11-64gb-chinh-hang-vn-a.html
Oscal Tiger 12 12GB 256GB - 1 Đổi 1 12 Tháng,"3,090,000 ₫","4,590,000 ₫",28%,"Học sinh, sinh viên giảm thêm",(8 đánh giá),https://clickbuy.com.vn/oscal-tiger-12.html
iPhone 12 64GB Chính hãng VN/A - Tặng BH rơi vỡ vào nước,"9,990,000 ₫","14,990,000 ₫",33%,,(157 đánh giá),https://clickbuy.com.vn/apple-iphone-12-64gb-chinh-hang-vn-a.html
Xiaomi Redmi 13 (4G) 6GB 128GB - 1 Đổi 1 12 Tháng ,"3,390,000 ₫","4,990,000 ₫",32%,,(97 đánh giá),https://clickbuy.com.vn/redmi-13-chinh-hang.html
Xiaomi Redmi Note 14 (5G) 8GB 256GB - 1 Đổi 1 12 Tháng,"6,390,000 ₫","7,290,000 ₫",10%,[07.06 - 15.06] GIẢM ĐẬM SALE SÂU giảm thêm,(22 đánh giá),https://clickbuy.com.vn/xiaomi-redmi-note-14-5g-chinh-hang.html
Xiaomi Redmi A3 - 1 Đổi 1 12 Tháng,"1,890,000 ₫","2,990,000 ₫",37%,,(66 đánh giá),https://clickbuy.com.vn/xiaomi-redmi-a3-3gb-64gb-chinh-hang.html
TECNO POVA 6 NEO (8+8/128GB) - 1 Đổi 1 12 Tháng,"3,690,000 ₫","4,590,000 ₫",15%,[07.06 - 15.06] GIẢM ĐẬM SALE SÂU giảm thêm,(49 đánh giá),https://clickbuy.com.vn/tecno-pova-6neo.html
Realme C65s 8GB 256GB - 1 Đổi 1 12 Tháng,"4,790,000 ₫","5,290,000 ₫",9%,,(17 đánh giá),https://clickbuy.com.vn/realme-c65s-chinh-hang.html
Samsung Galaxy A26 (5G) 8GB 128GB - 1 Đổi 1 12 Tháng,"5,990,000 ₫","6,990,000 ₫",11%,[Từ 07.06 - 15.06] GIẢM ĐẬM SALE SÂU giảm thêm,(20 đánh giá),https://clickbuy.com.vn/samsung-galaxy-a26.html
Samsung Galaxy A06 4GB 128GB - 1 Đổi 1 12 Tháng,"2,490,000 ₫","3,890,000 ₫",33%,[Từ 07.06 - 15.06] GIẢM ĐẬM SALE SÂU giảm thêm,(42 đánh giá),https://clickbuy.com.vn/samsung-galaxy-a06.html
Samsung Galaxy A06 (5G) 4GB 128GB - 1 Đổi 1 12 Tháng,"2,890,000 ₫","3,990,000 ₫",25%,[Từ 07.06 - 15.06] GIẢM ĐẬM SALE SÂU giảm thêm,(114 đánh giá),https://clickbuy.com.vn/samsung-galaxy-a06-5g-chinh-hang.html
Samsung Galaxy A05S (4G) 4GB 128GB - 1 Đổi 1 12 Tháng,"3,090,000 ₫","3,990,000 ₫",23%,,(64 đánh giá),https://clickbuy.com.vn/samsung-galaxy-a05s-4g-4gb-128gb-chinh-hang.html
Samsung Galaxy S23 Ultra (5G) 8GB 256GB - 1 Đổi 1 12 Tháng,"18,490,000 ₫","31,990,000 ₫",42%,,(17 đánh giá),https://clickbuy.com.vn/samsung-galaxy-s23-ultra-5g-8gb-256gb-chinh-hang.html
INOI A75 6GB 256GB - 1 Đổi 1 12 Tháng,"3,590,000 ₫","3,790,000 ₫",5%,,(0 đánh giá),https://clickbuy.com.vn/inoi-a75.html
Samsung Galaxy A35 (5G) 8GB 128GB - 1 Đổi 1 12 Tháng,"6,490,000 ₫","8,290,000 ₫",22%,,(68 đánh giá),https://clickbuy.com.vn/samsung-galaxy-a35.html
INOI A75 8GB 512GB - 1 Đổi 1 12 Tháng,"4,590,000 ₫","4,990,000 ₫",8%,,(0 đánh giá),https://clickbuy.com.vn/inoi-a75-8gb-512gb.html
Samsung Galaxy A55 (5G) 8GB 128GB - 1 Đổi 1 12 Tháng,"7,990,000 ₫","9,990,000 ₫",20%,,(57 đánh giá),https://clickbuy.com.vn/samsung-galaxy-a55.html
INOI A35 4GB 128GB - 1 Đổi 1 12 Tháng,"1,990,000 ₫","2,390,000 ₫",8%,Phiếu Mua Hàng giảm thêm,(0 đánh giá),https://clickbuy.com.vn/inoi-a35.html
Xiaomi Redmi Note 12 Pro 8GB 256GB - 1 Đổi 1 12 Tháng,"4,990,000 ₫","7,990,000 ₫",38%,,(41 đánh giá),https://clickbuy.com.vn/xiaomi-redmi-note-12-pro-4g-8gb-256gb-chinh-hang.html
TECNO Pova 5 (8+8GB/256GB) - 1 Đổi 1 12 Tháng,"3,590,000 ₫","5,990,000 ₫",37%,[07.06 - 15.06] GIẢM ĐẬM SALE SÂU giảm thêm,(37 đánh giá),https://clickbuy.com.vn/tecno-pova-5-8gb-256gb-chinh-hang.html
Samsung Galaxy A25 (5G) 6GB 128GB - 1 Đổi 1 12 Tháng,"4,890,000 ₫","6,590,000 ₫",26%,,(47 đánh giá),https://clickbuy.com.vn/samsung-galaxy-a25.html
Samsung Galaxy S24 FE (5G) 8GB 128GB - 1 Đổi 1 12 Tháng,"11,990,000 ₫","16,990,000 ₫",28%,[Từ 07.06 - 15.06] GIẢM ĐẬM SALE SÂU giảm thêm,(15 đánh giá),https://clickbuy.com.vn/galaxy-s24-fe.html
Samsung Galaxy S24 FE (5G) 8GB 256GB - 1 Đổi 1 12 Tháng,"13,590,000 ₫","18,490,000 ₫",25%,[07.06 - 15.06] GIẢM ĐẬM SALE SÂU giảm thêm,(0 đánh giá),https://clickbuy.com.vn/samsung-galaxy-s24-fe-5g-8gb-256gb.html
iPhone 11 128GB Chính hãng VN/A - Tặng BH rơi vỡ vào nước,"9,490,000 ₫","21,690,000 ₫",56%,,(269 đánh giá),https://clickbuy.com.vn/apple-iphone-11-128gb-chinh-hang-vn-a.html
Xiaomi Redmi Note 14 Pro (4G) 8GB 256GB - 1 Đổi 1 12 Tháng,"6,490,000 ₫","7,990,000 ₫",16%,[07.06 - 15.06] GIẢM ĐẬM SALE SÂU giảm thêm,(63 đánh giá),https://clickbuy.com.vn/xiaomi-redmi-note-14-pro-4g-chinh-hang.html
Xiaomi Redmi Note 14 Pro (5G) 8GB 256GB - 1 Đổi 1 12 Tháng,"7,790,000 ₫","9,490,000 ₫",16%,[07.06 - 15.06] GIẢM ĐẬM SALE SÂU giảm thêm,(11 đánh giá),https://clickbuy.com.vn/xiaomi-redmi-note-14-pro-5g-chinh-hang.html
TECNO Camon 40 (8+8GB/128GB) - Lỗi 1 đổi 1 12 tháng,"5,190,000 ₫","5,990,000 ₫",10%,[07.06 - 15.06] GIẢM ĐẬM SALE SÂU giảm thêm,(15 đánh giá),https://clickbuy.com.vn/tecno-camon-40-chinh-hang.html
TECNO Pova 5 (8+8GB/128GB) - 1 Đổi 1 12 Tháng,"3,390,000 ₫","4,990,000 ₫",28%,[07.06 - 15.06] GIẢM ĐẬM SALE SÂU giảm thêm,(43 đánh giá),https://clickbuy.com.vn/tecno-pova-5-8gb-128gb-chinh-hang.html
TECNO Camon 30 (8+8GB/256GB) - 1 Đổi 1 12 Tháng,"4,890,000 ₫","6,490,000 ₫",22%,[07.06 - 15.06] GIẢM ĐẬM SALE SÂU giảm thêm,(81 đánh giá),https://clickbuy.com.vn/tecno-camon-30.html
TECNO Spark 20 Pro+ (8+8GB/256GB) - 1 Đổi 1 12 Tháng,"4,390,000 ₫","5,490,000 ₫",18%,[07.06 - 15.06] GIẢM ĐẬM SALE SÂU giảm thêm,(46 đánh giá),https://clickbuy.com.vn/tecno-spark-20-pro-plus.html
TECNO Camon 30S (8+8GB/256GB) - 1 Đổi 1 12 Tháng,"4,490,000 ₫","5,490,000 ₫",15%,[07.06 - 15.06] GIẢM ĐẬM SALE SÂU giảm thêm,(32 đánh giá),https://clickbuy.com.vn/tecno-camon-30s.html
Xiaomi Redmi Note 14 Pro Plus (5G) 8GB 256GB- 1 Đổi 1 12 Tháng,"9,090,000 ₫","10,990,000 ₫",15%,[07.06 - 15.06] GIẢM ĐẬM SALE SÂU giảm thêm,(62 đánh giá),https://clickbuy.com.vn/xiaomi-redmi-note-14-pro-plus-5g-chinh-hang.html
Realme C75X 6GB 128GB - 1 đổi 1 12 tháng,"4,190,000 ₫","4,690,000 ₫",11%,,(20 đánh giá),https://clickbuy.com.vn/realme-c75x.html
Samsung Galaxy Z Fold6 (5G) 12GB 512GB - 1 Đổi 1 12 Tháng,"37,590,000 ₫","47,990,000 ₫",21%,[07.06 - 15.06] GIẢM ĐẬM SALE SÂU giảm thêm,(30 đánh giá),https://clickbuy.com.vn/galaxy-z-fold-6-512gb.html
iPhone 12 128GB Chính hãng VN/A - Tặng BH rơi vỡ vào nước,"10,990,000 ₫","21,600,000 ₫",49%,,(56 đánh giá),https://clickbuy.com.vn/apple-iphone-12-128gb-chinh-hang-vn-a.html
iPhone 14 Plus 128GB VNA - Tặng BH rơi vỡ vào nước,"16,990,000 ₫","28,990,000 ₫",41%,,(12 đánh giá),https://clickbuy.com.vn/iphone-14-plus-128gb-chinh-hang-vna.html
Samsung Galaxy S25 Ultra (5G) 12GB 512GB - 1 đổi 1 12 tháng,"29,790,000 ₫","37,490,000 ₫",19%,[07.06 - 15.06] GIẢM ĐẬM SALE SÂU giảm thêm,(46 đánh giá),https://clickbuy.com.vn/samsung-galaxy-s25-ultra-5g-512gb-chinh-hang.html
iPhone 14 128GB VNA - Tặng BH rơi vỡ vào nước,"12,450,000 ₫","25,990,000 ₫",52%,,(20 đánh giá),https://clickbuy.com.vn/iphone-14-128gb-chinh-hang-vna.html
TECNO Camon 30 (12+12GB/256GB) - 1 Đổi 1 12 Tháng,"5,490,000 ₫","6,990,000 ₫",21%,,(68 đánh giá),https://clickbuy.com.vn/tecno-camon-30-12gb.html
TECNO Camon 20 (8+8GB/256GB) - 1 Đổi 1 12 Tháng,"3,690,000 ₫","4,990,000 ₫",26%,,(50 đánh giá),https://clickbuy.com.vn/tecno-camon-20-8gb-256ggb-chinh-hang.html
TECNO Camon 20 Pro (8+8GB/256GB) - 1 Đổi 1 12 Tháng ,"4,190,000 ₫","5,490,000 ₫",24%,,(61 đánh giá),https://clickbuy.com.vn/tecno-camon-20-pro-8gb-256gb-chinh-hang.html
TECNO Spark 30 (5G) (6+6GB/128GB) - 1 Đổi 1 12 tháng,"3,590,000 ₫","4,490,000 ₫",18%,[07.06 - 15.06] GIẢM ĐẬM SALE SÂU giảm thêm,(19 đánh giá),https://clickbuy.com.vn/tecno-spark-30-chinh-hang.html
TECNO Spark 30C (4+4GB/128GB) - 1 Đổi 1 12 Tháng,"2,290,000 ₫","2,890,000 ₫",17%,[07.06 - 15.06] GIẢM ĐẬM SALE SÂU giảm thêm,(41 đánh giá),https://clickbuy.com.vn/tecno-spark-30c.html
Realme 12 (4G) 8GB 256GB - 1 Đổi 12 Tháng,"4,690,000 ₫","7,990,000 ₫",41%,,(33 đánh giá),https://clickbuy.com.vn/realme-12.html
Xiaomi 15 (5G)  - 1 Đổi 1 12 Tháng,"18,390,000 ₫","21,990,000 ₫",14%,[07.06 - 15.06] GIẢM ĐẬM SALE SÂU giảm thêm,(29 đánh giá),https://clickbuy.com.vn/xiaomi-15-5g-chinh-hang.html
Realme C67 (4G) 8GB 128GB - 1 Đổi 1 12 Tháng,"3,990,000 ₫","4,990,000 ₫",20%,,(59 đánh giá),https://clickbuy.com.vn/realme-c67-5g.html
Honor X5b 4GB 64GB - 1 Đổi 1 12 Tháng,"2,050,000 ₫","2,190,000 ₫",6%,,(11 đánh giá),https://clickbuy.com.vn/honor-x5b-chinh-hang.html
Realme C60 4GB 64GB - 1 Đổi 1 12 Tháng,"2,590,000 ₫","2,990,000 ₫",13%,,(42 đánh giá),https://clickbuy.com.vn/realme-c60.html
Vivo Y03t - 1 Đổi 1 12 Tháng,"2,590,000 ₫","3,290,000 ₫",15%,[07.06 - 15.06] GIẢM ĐẬM SALE SÂU giảm thêm,(11 đánh giá),https://clickbuy.com.vn/vivo-y03t.html
iPhone 15 256GB VN/A - Tặng BH rơi vỡ vào nước,"18,490,000 ₫",,0%,,(7 đánh giá),https://clickbuy.com.vn/iphone-15-256gb.html
Realme C51 -  1 Đổi 1 12 Tháng ,"1,990,000 ₫","3,990,000 ₫",50%,,(49 đánh giá),https://clickbuy.com.vn/realme-c51.html
ZTE Blade A55 - 1 Đổi 1 12 Tháng,"1,690,000 ₫","2,290,000 ₫",26%,,(35 đánh giá),https://clickbuy.com.vn/zte-blade-a55.html
Vivo Y04 - 1 Đổi 1 12 tháng,"2,690,000 ₫","3,990,000 ₫",28%,[07.06 - 15.06] GIẢM ĐẬM SALE SÂU giảm thêm,(0 đánh giá),https://clickbuy.com.vn/vivo-y04-chinh-hang.html
Realme C55 (4G) 6GB 128GB - 1 Đổi 1 12 Tháng,"3,490,000 ₫","4,990,000 ₫",30%,,(38 đánh giá),https://clickbuy.com.vn/realme-c55-4g-6gb-128gb-chinh-hang.html
Vivo Y18s 6GB 128GB - 1 Đổi 1 12 Tháng,"3,690,000 ₫","4,190,000 ₫",7%,[07.06 - 15.06] GIẢM ĐẬM SALE SÂU giảm thêm,(11 đánh giá),https://clickbuy.com.vn/vivo-y18s.html
Vivo Y19s 8GB 128GB - 1 Đổi 1 12 Tháng,"4,190,000 ₫","5,090,000 ₫",14%,[07.06 - 15.06] GIẢM ĐẬM SALE SÂU giảm thêm,(16 đánh giá),https://clickbuy.com.vn/vivo-y19s-chinh-hang.html
Vivo Y100 8GB 256GB - 1 Đổi 1 12 Tháng,"5,890,000 ₫","7,690,000 ₫",21%,[07.06 - 15.06] GIẢM ĐẬM SALE SÂU giảm thêm,(18 đánh giá),https://clickbuy.com.vn/vivo-y100-chinh-hang.html
Vivo V30e 12GB 256GB - 1 Đổi 1 12 Tháng ,"8,790,000 ₫","10,490,000 ₫",14%,[07.06 - 15.06] GIẢM ĐẬM SALE SÂU giảm thêm,(9 đánh giá),https://clickbuy.com.vn/vivo-v30e.html
Vivo V50 Lite (5G) 12GB 256GB - 1 Đổi 1 12 Tháng,"10,190,000 ₫","10,990,000 ₫",5%,[07.06 - 15.06] GIẢM ĐẬM SALE SÂU giảm thêm,(26 đánh giá),https://clickbuy.com.vn/vivo-v50-lite-5g-chinh-hang.html
Vivo Y28 (4G) - 1 Đổi 1 12 Tháng,"5,590,000 ₫",,0%,[07.06 - 15.06] GIẢM ĐẬM SALE SÂU giảm thêm,(30 đánh giá),https://clickbuy.com.vn/vivo-y28-4g-chinh-hang.html
Realme C61 (4G) - 1 Đổi 1 12 Tháng,"2,890,000 ₫","3,590,000 ₫",19%,,(25 đánh giá),https://clickbuy.com.vn/realme-c61-chinh-hang.html
Samsung Galaxy S25 (5G) 12GB 512GB - 1 đổi 1 12 tháng,"20,990,000 ₫","26,490,000 ₫",20%,[07.06 - 15.06] GIẢM ĐẬM SALE SÂU giảm thêm,(48 đánh giá),https://clickbuy.com.vn/samsung-galaxy-s25-512gb.html
Samsung Galaxy S23 Ultra (5G) 12GB 512GB - 1 Đổi 1 12 Tháng,"20,990,000 ₫","36,990,000 ₫",43%,,(0 đánh giá),https://clickbuy.com.vn/samsung-galaxy-s23-ultra-5g-12gb-512gb-chinh-hang.html
Samsung Galaxy Z Flip6 (5G) 12GB 512GB - 1 Đổi 1 12 Tháng,"23,990,000 ₫","32,990,000 ₫",26%,[07.06 - 15.06] GIẢM ĐẬM SALE SÂU giảm thêm,(24 đánh giá),https://clickbuy.com.vn/samsung-galaxy-z-flip-6-512gb.html
Samsung Galaxy Z Fold6 (5G) 12GB 1TB - 1 Đổi 1 12 Tháng,"43,490,000 ₫","54,990,000 ₫",20%,[07.06 - 15.06] GIẢM ĐẬM SALE SÂU giảm thêm,(38 đánh giá),https://clickbuy.com.vn/galaxy-z-fold-6-1tb.html
Samsung Galaxy S25 Plus (5G) 12GB 512GB - 1 đổi 1 12 tháng,"24,990,000 ₫","30,490,000 ₫",17%,[07.06 - 15.06] GIẢM ĐẬM SALE SÂU giảm thêm,(42 đánh giá),https://clickbuy.com.vn/samsung-galaxy-s25-plus-512gb.html
Samsung Galaxy Z Flip5 8GB 256GB - 1 Đổi 1 12 Tháng,"14,990,000 ₫","25,990,000 ₫",42%,,(53 đánh giá),https://clickbuy.com.vn/samsung-galaxy-z-flip5-8gb-256gb-chinh-hang.html
Samsung Galaxy S24 Ultra (5G) 12GB 512GB - 1 đổi 1 12 tháng,"23,990,000 ₫","37,490,000 ₫",35%,[Từ 07.06 - 15.06] GIẢM ĐẬM SALE SÂU giảm thêm,(36 đánh giá),https://clickbuy.com.vn/samsung-galaxy-s24-ultra-512gb.html
Samsung Galaxy S25 Ultra (5G) 12GB 1TB - 1 đổi 1 12 tháng,"35,790,000 ₫","44,790,000 ₫",19%,[07.06 - 15.06] GIẢM ĐẬM SALE SÂU giảm thêm,(44 đánh giá),https://clickbuy.com.vn/samsung-galaxy-s25-ultra-5g-1tb-chinh-hang.html
Samsung Galaxy Z Flip5 8GB 512GB - 1 Đổi 1 12 Tháng,"14,990,000 ₫","29,990,000 ₫",50%,,(48 đánh giá),https://clickbuy.com.vn/samsung-galaxy-z-flip5-8gb-512gb-chinh-hang.html
Vivo iQOO Z9 Turbo (5G) 12GB 256GB Box  - Bảo hành 15 Tháng,"6,290,000 ₫","8,990,000 ₫",28%,[07.06 - 15.06] GIẢM ĐẬM SALE SÂU giảm thêm,(45 đánh giá),https://clickbuy.com.vn/vivo-iqoo-z9-turbo.html
Samsung Galaxy A34 (5G) 8GB 256GB -1 Đổi 1 12 Tháng,"5,490,000 ₫","9,990,000 ₫",45%,,(54 đánh giá),https://clickbuy.com.vn/samsung-galaxy-a34-5g-8gb-256gb-chinh-hang.html
Samsung Galaxy S24 Plus (5G) 12GB 256GB - 1 Đổi 1 12 Tháng,"17,690,000 ₫","26,990,000 ₫",33%,[Từ 07.06 - 15.06] GIẢM ĐẬM SALE SÂU giảm thêm,(48 đánh giá),https://clickbuy.com.vn/samsung-galaxy-s24-plus.html
Oppo A58 (4G) 6GB 128GB - 1 Đổi 1 12 Tháng,"3,890,000 ₫","5,690,000 ₫",32%,,(30 đánh giá),https://clickbuy.com.vn/oppo-a58-chinh-hang.html
Realme 13+ (5G) 8GB 256GB - 1 Đổi 1 12 Tháng,"6,690,000 ₫","9,490,000 ₫",30%,,(13 đánh giá),https://clickbuy.com.vn/realme-13-plus.html
Xiaomi Redmi Pad SE 8.7 (Wifi) 4GB 128GB - 1 Đổi 1 12 Tháng,"2,990,000 ₫","3,990,000 ₫",25%,,(13 đánh giá),https://clickbuy.com.vn/xiaomi-redmi-pad-se-8.7-wifi.html
Nokia 220 4G (2024) Chính Hãng,"979,000 ₫",,0%,,(8 đánh giá),https://clickbuy.com.vn/nokia-220-4g-2024.html
Xiaomi Redmi Pad SE 8.7 (4G) 6GB 128GB - 1 Đổi 1 12 Tháng,"4,390,000 ₫","5,490,000 ₫",20%,,(14 đánh giá),https://clickbuy.com.vn/xiaomi-redmi-pad-se-8-7-4g.html
Xiaomi Redmi Pad SE (Wifi) 6GB 128GB - 1 Đổi 1 12 Tháng,"4,390,000 ₫","5,990,000 ₫",27%,,(4 đánh giá),https://clickbuy.com.vn/xiaomi-redmi-pad-se-wifi-chinh-hang.html
INOI 288S (4G) - 1 Đổi 1 12 Tháng ,"990,000 ₫","1,190,000 ₫",17%,,(44 đánh giá),https://clickbuy.com.vn/inoi-288s.html
INOI A83 (4G) 6GB 128GB - 1 Đổi 1 12 Tháng,"1,990,000 ₫","3,190,000 ₫",38%,,(36 đánh giá),https://clickbuy.com.vn/inoi-a83.html
INOI A72 (4G) 4GB 128GB - 1 Đổi 1 12 Tháng,"1,990,000 ₫","2,990,000 ₫",33%,,(56 đánh giá),https://clickbuy.com.vn/inoi-a72.html
INOI Note 13s 8GB 256GB - 1 Đổi 1 12 Tháng,"2,990,000 ₫","3,390,000 ₫",12%,,(33 đánh giá),https://clickbuy.com.vn/inoi-note-13s.html
iPhone 14 Plus 256GB VNA - Tặng BH rơi vỡ vào nước,"21,990,000 ₫","31,990,000 ₫",31%,,(3 đánh giá),https://clickbuy.com.vn/iphone-14-plus-256gb-chinh-hang-vna.html
iPhone 14 256GB chính hãng VNA - Tặng BH rơi vỡ vào nước,"16,490,000 ₫","28,990,000 ₫",43%,,(2 đánh giá),https://clickbuy.com.vn/iphone-14-256gb-chinh-hang-vna.html
Oppo Reno13 F (5G) - 1 Đổi 1 12 Tháng,"8,590,000 ₫","10,990,000 ₫",22%,,(10 đánh giá),https://clickbuy.com.vn/oppo-reno13f-5g-chinh-hang.html
Oppo Reno12 F (5G) 8GB 256GB - 1 Đổi 1 12 Tháng,"6,990,000 ₫","9,490,000 ₫",26%,,(16 đánh giá),https://clickbuy.com.vn/oppo-reno-12f.html
OPPO Reno6 (5G) 6GB 128GB - 1 Đổi 1 12 Tháng,"4,490,000 ₫","12,990,000 ₫",65%,,(8 đánh giá),https://clickbuy.com.vn/oppo-reno6-5g.html
Oppo Reno12 (5G) - 1 Đổi 1 12 Tháng,"9,590,000 ₫","12,990,000 ₫",26%,,(14 đánh giá),https://clickbuy.com.vn/oppo-reno-12.html
Oppo A95 8GB 128GB - 1 Đổi 1 12 Tháng,"3,490,000 ₫","6,990,000 ₫",50%,,(3 đánh giá),https://clickbuy.com.vn/oppo-a95.html
OPPO A18 4GB 64GB - 1 Đổi 1 12 Tháng ,"3,090,000 ₫","3,990,000 ₫",23%,,(26 đánh giá),https://clickbuy.com.vn/oppa-a18-64gb-chinh-hang.html
iPhone 16 512GB Chính Hãng VN/A,"28,490,000 ₫",,0%,,(46 đánh giá),https://clickbuy.com.vn/iphone-16-512gb.html
Oppo A38 4GB 64GB - 1 Đổi 1 12 Tháng,"3,190,000 ₫","3,990,000 ₫",20%,,(32 đánh giá),https://clickbuy.com.vn/oppo-a38-chinh-hang.html
iPhone 16 Plus 512GB Chính Hãng VN/A,"32,390,000 ₫",,0%,,(47 đánh giá),https://clickbuy.com.vn/iphone-16-plus-512gb.html
iPhone 16e 256GB Chính Hãng VN/A,"18,990,000 ₫",,0%,,(0 đánh giá),https://clickbuy.com.vn/iphone-16e-256gb.html
Oppo A78 (4G) 8GB 256GB - 1 Đổi 1 12 Tháng,"5,990,000 ₫","6,990,000 ₫",14%,,(28 đánh giá),https://clickbuy.com.vn/oppo-a78-chinh-hang.html
iPhone 16 Pro 512GB Chính Hãng VN/A,"34,490,000 ₫",,0%,,(47 đánh giá),https://clickbuy.com.vn/iphone-16-pro-512gb.html
Realme Note 60X 3GB 64GB - 1 Đổi 1 12 Tháng ,"2,090,000 ₫","2,990,000 ₫",30%,,(15 đánh giá),https://clickbuy.com.vn/realme-note-60x.html
Realme Narzo 50i 4GB 64GB - 1 Đổi 1 12 Tháng ,"2,790,000 ₫","3,190,000 ₫",13%,,(10 đánh giá),https://clickbuy.com.vn/realme-narzo-50i-4gb-64gb-chinh-hang.html
Nokia C32 4GB 128GB Chính Hãng,"1,790,000 ₫","3,290,000 ₫",46%,,(0 đánh giá),https://clickbuy.com.vn/nokia-c32-4gb-128gb-chinh-hang.html
Nokia 105 4G Pro (2023) Chính Hãng,"899,000 ₫","780,000 ₫",-15%,,(0 đánh giá),https://clickbuy.com.vn/nokia-105-4g-pro-2023-chinh-hang.html
Nokia 110 4G Pro (2023) Chính Hãng,"739,000 ₫","810,000 ₫",9%,,(0 đánh giá),https://clickbuy.com.vn/nokia-110-4g-pro-2023-chinh-hang.html
Nubia Red Magic 8 Pro 8GB 256GB Box,Liên hệ,,0%,,(3 đánh giá),https://clickbuy.com.vn/nubia-red-magic-8-pro-8gb-256gb-box.html
Nubia Red Magic 8 Pro Plus 12GB 256GB Box (Snapdragon 8 Gen 2),Liên hệ,,0%,,(2 đánh giá),https://clickbuy.com.vn/nubia-red-magic-8-pro-plus-12gb-256gb-box.html
Samsung Galaxy S24 Plus (5G) 12GB 512GB - 1 Đổi 1 12 Tháng,"19,990,000 ₫","30,490,000 ₫",34%,,(35 đánh giá),https://clickbuy.com.vn/samsung-galaxy-s24-plus-512gb.html
TCL 406S 4GB 64GB - 1 Đổi 1 12 Tháng,"1,790,000 ₫","2,190,000 ₫",14%,"Học sinh, sinh viên giảm thêm",(43 đánh giá),https://clickbuy.com.vn/tcl-406s.html
ZTE Nubia V60 Design (6+10GB/ 256GB) - 1 Đổi 1 12 Tháng,"2,490,000 ₫","3,290,000 ₫",24%,,(32 đánh giá),https://clickbuy.com.vn/nubia-v60d.html
INOI A54 4GB 256GB - 1 Đổi 1 12 Tháng,"2,690,000 ₫","2,990,000 ₫",10%,,(10 đánh giá),https://clickbuy.com.vn/inoi-a54-chinh-hang.html
INOI 244 (4G) - 1 Đổi 1 12 Tháng,"690,000 ₫",,0%,,(8 đánh giá),https://clickbuy.com.vn/inoi-244-4g.html
INOI 240 (4G) - 1 Đổi 1 12 Tháng,"590,000 ₫",,0%,,(12 đánh giá),https://clickbuy.com.vn/inoi-240-4g.html
MOBELL M539 (4G) Chính Hãng,"700,000 ₫",,0%,,(0 đánh giá),https://clickbuy.com.vn/mobell-m539.html
Mobell M331 (4G) Chính Hãng,"549,000 ₫",,0%,,(0 đánh giá),https://clickbuy.com.vn/mobell-m331.html
Mobell F309 (4G) Chính Hãng,"760,000 ₫",,0%,,(0 đánh giá),https://clickbuy.com.vn/mobell-f309.html
Mobell  F209 (4G) Chính Hãng,"620,000 ₫",,0%,,(0 đánh giá),https://clickbuy.com.vn/mobell-f209.html
Mobell Rock 4 (4G) Chính Hãng,"810,000 ₫",,0%,,(0 đánh giá),https://clickbuy.com.vn/mobell-rock4.html
Mobell M139 (4G) Chính Hãng,"500,000 ₫",,0%,,(0 đánh giá),https://clickbuy.com.vn/mobell-m139.html
Mobell M139 (4G) Chính Hãng,"500,000 ₫",,0%,,(0 đánh giá),https://clickbuy.com.vn/mobell-m139.html
Điện thoại di động Itel it2600 4G Chính hãng,"479,000 ₫",,0%,,(14 đánh giá),https://clickbuy.com.vn/itel-2600-chinh-hang.html
Điện thoại di động Itel IT8010 4G Chính Hãng,"379,000 ₫",,0%,,(13 đánh giá),https://clickbuy.com.vn/itel-it8010-chinh-hang.html
Nokia HMD 105 4G Chính Hãng,"679,000 ₫",,0%,,(7 đánh giá),https://clickbuy.com.vn/nokia-hmd-105-4g.html
Masstel Fami 60S 4G Chính Hãng,"700,000 ₫",,0%,,(16 đánh giá),https://clickbuy.com.vn/masstel-fami-60s.html
Masstel Fami 12S 4G Chính Hãng,"650,000 ₫",,0%,,(17 đánh giá),https://clickbuy.com.vn/masstel-fami-12s.html
Masstel izi 30 4G Chính Hãng,"600,000 ₫","829,000 ₫",28%,,(15 đánh giá),https://clickbuy.com.vn/masstel-izi-30.html
Masstel izi T2 4G Chính Hãng,"500,000 ₫",,0%,,(14 đánh giá),https://clickbuy.com.vn/masstel-izi-t2.html
Masstel izi 15 4G Chính Hãng,"390,000 ₫","500,000 ₫",22%,,(14 đánh giá),https://clickbuy.com.vn/masstel-izi-15.html
Masstel izi 16 4G Chính Hãng,"450,000 ₫",,0%,,(17 đánh giá),https://clickbuy.com.vn/masstel-izi-16.html
iPhone 16 Pro 1TB Chính Hãng VN/A,"37,990,000 ₫","43,990,000 ₫",11%,Thu cũ đổi mới giảm thêm,(45 đánh giá),https://clickbuy.com.vn/iphone-16-pro-1tb.html
Điện thoại di động Itel IT9211 4G Chính Hãng,"479,000 ₫","690,000 ₫",31%,,(9 đánh giá),https://clickbuy.com.vn/itel-it9211-chinh-hang.html
Điện thoại di động Itel it9310 4G Chính Hãng,"639,000 ₫",,0%,,(8 đánh giá),https://clickbuy.com.vn/itel-it9310-chinh-hang.html
Vivo IQOO Neo 9 Box - Bảo hành 15 tháng,"6,990,000 ₫","8,950,000 ₫",22%,,(13 đánh giá),https://clickbuy.com.vn/vivo-iqoo-neo9.html
Vivo IQOO Z9 (Snap 7 Gen 3) Box - Bảo hành 15 Tháng,"4,790,000 ₫","7,890,000 ₫",37%,[07.06 - 15.06] GIẢM ĐẬM SALE SÂU giảm thêm,(39 đánh giá),https://clickbuy.com.vn/vivo-iqoo-z9.html
Vivo IQOO Z9X 8GB 128GB Box - Bảo hành 15 tháng,"3,490,000 ₫","4,950,000 ₫",25%,[07.06 - 15.06] GIẢM ĐẬM SALE SÂU giảm thêm,(16 đánh giá),https://clickbuy.com.vn/vivo-iqoo-z9x.html
Vivo IQOO Z9 Turbo Plus 12GB 256GB Box - Bảo hành 15 Tháng,"7,590,000 ₫","10,990,000 ₫",29%,[07.06 - 15.06] GIẢM ĐẬM SALE SÂU giảm thêm,(29 đánh giá),https://clickbuy.com.vn/vivo-iqoo-z9-turbo-plus.html
TCL 40SE 6GB 256GB - 1 Đổi 1 12 Tháng,"2,890,000 ₫","3,990,000 ₫",28%,,(0 đánh giá),https://clickbuy.com.vn/tcl-40se.html
Vivo IQOO Z9 Turbo 2025 (5G) Box - Bảo hành 15 Tháng,"6,490,000 ₫","9,290,000 ₫",28%,[07.06 - 15.06] GIẢM ĐẬM SALE SÂU giảm thêm,(54 đánh giá),https://clickbuy.com.vn/vivo-iqoo-z9-turbo-endurance-edition-2025-5g-box.html
HONOR X6b 6GB 128GB Chính hãng,"3,290,000 ₫","3,990,000 ₫",18%,,(13 đánh giá),https://clickbuy.com.vn/honor-x6b-chinh-hang.html
Vivo IQOO Neo 9S Pro Plus (5G) 12GB 256GB Box - Bảo hành 15 tháng,"8,390,000 ₫","10,950,000 ₫",23%,,(19 đánh giá),https://clickbuy.com.vn/vivo-iqoo-neo-9s-pro-plus-5g-box.html
Vivo X200 Pro (5G) Box - Bảo hành 15 tháng,"17,790,000 ₫","22,690,000 ₫",20%,[07.06 - 15.06] GIẢM ĐẬM SALE SÂU giảm thêm,(13 đánh giá),https://clickbuy.com.vn/vivo-x200-pro-box.html
Vivo IQOO Neo 9S Pro (5G) 12GB 256GB Box - Bảo hành 15 tháng,"9,490,000 ₫","10,950,000 ₫",13%,,(24 đánh giá),https://clickbuy.com.vn/vivo-iqoo-neo-9s-pro-box.html
Infinix HOT 40i (8+8GB/256GB) - 1 Đổi 1 12 Tháng,"2,390,000 ₫","3,190,000 ₫",25%,,(62 đánh giá),https://clickbuy.com.vn/infinix-hot-40i-chinh-hang.html
Infinix HOT 40 Pro (8+8GB/256GB) - 1 Đổi 1 12 Tháng,"3,390,000 ₫","4,290,000 ₫",21%,,(62 đánh giá),https://clickbuy.com.vn/infinix-hot-40-pro-chinh-hang.html
Vivo IQOO Neo 10 12GB 256GB Box - Bảo hành 15 tháng ,"8,190,000 ₫","10,990,000 ₫",25%,,(29 đánh giá),https://clickbuy.com.vn/vivo-iqoo-neo-10-box.html
