product_name,new_price,old_price,discount,gift_detail,number_of_reviews,product_link,screen_size,cpu,os,internal_storage,ram,battery_capacity,color,product_condition,brand,main_camera,selfie_camera,resolution,fast_charging
iPhone 16 Pro Max 256GB Chính Hãng VN/A,"29,990,000 ₫","35,990,000 ₫",17%,,(69 đánh giá),https://clickbuy.com.vn/iphone-16-pro-max.html,"6,9 inch",Apple A18 Pro,iOS,256GB,,,"Black Titanium, White Titanium, Natural Titanium, Desert Titanium",Mới 100%,Apple,48MP - 12MP - 12MP,,,
Samsung Galaxy S25 Ultra (5G) 12GB 256GB - 1 đổi 1 12 tháng,"24,990,000 ₫","33,990,000 ₫",25%,[07.06 - 15.06] GIẢM ĐẬM SALE SÂU giảm thêm,(48 đánh giá),https://clickbuy.com.vn/samsung-galaxy-s25-ultra.html,6.9 inches,Snapdragon 8 Elite For Galaxy (3nm),Android,256GB,12GB,5000 mAh,"Titanium Silver, Titanium Black, Titanium Gray, Titanium White",New,Samsung,50MP - 200MP - 50MP - 10MP,12MP,3120 x 1440 pixels (Quad HD+),45W
Samsung Galaxy S24 Ultra (5G) 12GB 256GB - 1 đổi 1 12 tháng,"21,490,000 ₫","33,990,000 ₫",35%,[07.06 - 15.06] GIẢM ĐẬM SALE SÂU giảm thêm,(69 đánh giá),https://clickbuy.com.vn/samsung-galaxy-s24-ultra.html,6.8 inches,Snapdragon 8 Gen 3 (4 nm),"Android 14, One UI 6.1",256GB,12GB,5000mAh,"Black, Purple, Gray, Yellow",New,Samsung,200MP - 50MP - 10MP - 12MP,12MP,1440 x 3088 pixels,45W
TECNO Camon 40 (8+8GB/256GB) - Lỗi 1 đổi 1 12 tháng,"5,490,000 ₫","6,490,000 ₫",12%,[07.06 - 15.06] GIẢM ĐẬM SALE SÂU giảm thêm,(16 đánh giá),https://clickbuy.com.vn/tecno-camon-40-8gb-256gb-loi-1-doi-1-12-thang.html,"AMOLED, 6.78 inches, 120Hz",Mediatek Helio G100 Ultimate (6 nm),"Android 15, HIOS 15",256GB,8GB,5200 mAh,"Galaxy Black, Emerald Glow Green, Glacier White, Emerald Lake Green",New,TECNO,50 MP - 8 MP,32 MP,1080 x 2436 pixels,45W
Xiaomi Redmi Note 14 - 1 Đổi 1 12 Tháng,"4,090,000 ₫","4,990,000 ₫",14%,[07.06 - 15.06] GIẢM ĐẬM SALE SÂU giảm thêm,(83 đánh giá),https://clickbuy.com.vn/xiaomi-redmi-note-14-4g-chinh-hang.html,"AMOLED, 6.67 inches, 120Hz",MediaTek MT8781 Helio G99 Ultra,"Android 14, HyperOS",128GB,6GB,Li - Po 5500 mAh,"Green, Purple",New,Xiaomi,108 MP - 2 MP - 2 MP,20 MP,Full HD+ (1080 x 2400 pixels),33W
iPhone 16 Plus 128GB Chính Hãng VN/A,"21,890,000 ₫","25,990,000 ₫",16%,,(49 đánh giá),https://clickbuy.com.vn/iphone-16-plus.html,6.7 inch,A18 Bionic,iOS,128GB,,,"Black, White, Pink, Blue, Green",New,Apple,48MP - 12MP,,,
TECNO Camon 40 Pro (8+8GB/256GB) - 1 Đổi 1 12 Tháng,"5,790,000 ₫","6,990,000 ₫",14%,[07.06 - 15.06] GIẢM ĐẬM SALE SÂU giảm thêm,(14 đánh giá),https://clickbuy.com.vn/tecno-camon-40-pro-chinh-hang.html,"AMOLED, 6.78 inches, 120Hz",Mediatek Helio G100 Ultimate (6 nm),"Android 15, HIOS 15",256GB,8GB,5200 mAh,"Glacier White, Galaxy Black, Emerald Lake Green",New,TECNO,50 MP - 8 MP,50 MP,1080 x 2436 pixels,45W
iPhone 16 Pro 128GB Chính Hãng VN/A,"24,590,000 ₫",,0%,,(52 đánh giá),https://clickbuy.com.vn/iphone-16-pro.html,"6,3 inch",Apple A18 Pro,iOS,128GB,,,"Black Titanium, White Titanium, Natural Titanium, Desert Titanium",New,Apple,48MP - 12MP - 12MP,,,
Xiaomi 14T 12GB 512GB - 1 Đổi 1 12 Tháng,"12,090,000 ₫","13,990,000 ₫",11%,[07.06 - 15.06] GIẢM ĐẬM SALE SÂU giảm thêm,(34 đánh giá),https://clickbuy.com.vn/xiaomi-14t-chinh-hang.html,"AMOLED 6.67 inches, 144Hz",Mediatek Dimensity 8300 Ultra (4 nm),"Android 14, HyperOS",512GB,12GB,Li-Po 5000 mAh,"Titan Gray, Titan Blue, Titan Black, Lemon Green",New,Xiaomi,50 MP - 50 MP - 12 MP,32 MP,1220 x 2712 pixels,67W
Samsung Galaxy A56 (5G) 8GB 128GB - 1 Đổi 1 12 Tháng,"8,590,000 ₫","9,990,000 ₫",12%,[Từ 07.06 - 15.06] GIẢM ĐẬM SALE SÂU giảm thêm,(32 đánh giá),https://clickbuy.com.vn/samsung-galaxy-a56-5g-chinh-hang.html,"Super AMOLED, 6.7 inches, 120Hz",Exynos 1580 (4 nm),"Android 15, One UI 7",128GB/ 256GB,8GB,5000 mAh,"Pink, Olive, Graphite, Lightgray",New,samsung,50 MP - 12 MP - 5 MP,12 MP,1080 x 2340 pixels,45W
Samsung Galaxy A16 (4G) 4GB 128GB - 1 Đổi 1 12 Tháng,"3,990,000 ₫","5,890,000 ₫",31%,[Từ 07.06 - 15.06] GIẢM ĐẬM SALE SÂU giảm thêm,(23 đánh giá),https://clickbuy.com.vn/samsung-galaxy-a16-4g.html,"AMOLED, 6.7 inches, 90 Hz",MediaTek Helio G99,Android 14,128GB,4GB,Li-Ion 5000 mAh,"Blaxk, Gray, Light Green",New,samsung,50 MP - 5 MP - 2 MP,13 MP,1080 x 2340 (FHD+),25W
Xiaomi 14T Pro - 1 Đổi 1 12 Tháng,"13,990,000 ₫","17,990,000 ₫",21%,[07.06 - 15.06] GIẢM ĐẬM SALE SÂU giảm thêm,(54 đánh giá),https://clickbuy.com.vn/xiaomi-14t-pro-chinh-hang.html,"AMOLED, 6.67 inches",Mediatek Dimensity 9300+ (4 nm),"Android 14, HyperOS",512GB,12GB,Li-Po 5000 mAh,"Titan Gray, Titan Blue, Titan Black",New,Xiaomi,50 MP - 50 MP - 12 MP,32 MP,1220 x 2712 pixels,"120W có dây, 50W không dây"
Samsung Galaxy A36 (5G) 8GB 128GB - 1 Đổi 1 12 Tháng,"6,990,000 ₫","8,290,000 ₫",13%,[Từ 07.06 - 15.06] GIẢM ĐẬM SALE SÂU giảm thêm,(31 đánh giá),https://clickbuy.com.vn/samsung-galaxy-a36-chinh-hang.html,"Super AMOLED, 6.7 inches, 120Hz",Snapdragon 6 Gen 3,"Android 15, One UI 7",128GB,8GB,5000 mAh,"Lavender, Black, White, Lime",New,samsung,50 MP - 8 MP - 5 MP,12 MP,1080 x 2340 pixels,45W
iPhone 16 128GB Chính Hãng VN/A,"18,790,000 ₫","22,990,000 ₫",18%,,(54 đánh giá),https://clickbuy.com.vn/iphone-16.html,6.1 inch,Apple A18 Bionic,iOS,128GB,,,"Black, White, Pink, Blue, Green",New,Apple,48MP - 12MP,,2556x1179 pixel,
Samsung Galaxy S25 (5G) 12GB 256GB - 1 đổi 1 12 tháng,"17,990,000 ₫","22,990,000 ₫",20%,[07.06 - 15.06] GIẢM ĐẬM SALE SÂU giảm thêm,(54 đánh giá),https://clickbuy.com.vn/samsung-galaxy-s25.html,6.2 inches,Snapdragon 8 Elite For Galaxy (3nm),Android,256GB,12GB,4000 mAh,"Ice Blue, Navy, Silver Shadow, Mint",New,Samsung,50MP - 10MP - 12MP,12MP,2340 x 1080-pixel,25W
Xiaomi 15 Ultra (5G) 16GB 512GB - 1 Đổi 1 12 Tháng,"26,990,000 ₫","31,990,000 ₫",14%,[07.06 - 15.06] GIẢM ĐẬM SALE SÂU giảm thêm,(33 đánh giá),https://clickbuy.com.vn/xiaomi-15-ultra-chinh-hang.html,"LTPO AMOLED, 6.73 inches, 120Hz",Snapdragon 8 Elite (3 nm),"Android 15, HyperOS 2",512GB,16GB,5410mAh,"Black, White, Silver Chrome, Green",New,Xiaomi,50 MP - 50 MP - 200 MP - 50 MP,32,3200 x 1440 pixels,90W
Xiaomi Redmi Note 13 6GB 128GB - 1 Đổi 1 12 Tháng,"3,490,000 ₫","4,890,000 ₫",25%,[07.06 - 15.06] GIẢM ĐẬM SALE SÂU giảm thêm,(70 đánh giá),https://clickbuy.com.vn/xiaomi-redmi-note13-chinh-hang.html,"6,67 inches",Qualcomm Snapdragon 685,Android,128GB,6GB,5000 mAh,33W,New,Xiaomi,108MP - 8MP - 2MP,16MP,1080 x 2400 pixels,
Samsung Galaxy Z Fold6 (5G) 12GB 256GB - 1 Đổi 1 12 Tháng,"32,990,000 ₫","43,990,000 ₫",24%,[07.06 - 15.06] GIẢM ĐẬM SALE SÂU giảm thêm,(29 đánh giá),https://clickbuy.com.vn/galaxy-z-fold-6.html,"Màn ngoài: 6,3 inch - Màn trong: 7,6 inch",Snapdragon 8 Gen 3 (4 nm),"Android 14, One UI 6.1",256GB,12GB,4400 mAh,"Navy, Silver Shadow, Pink",New,Samsung,50MP - 10MP - 12MP,10MP,1856 x 2160 pixels,45W
TECNO Spark Go 1 (4+4GB/64GB) - 1 Đổi 1 12 Tháng,"1,990,000 ₫","2,490,000 ₫",16%,[07.06 - 15.06] GIẢM ĐẬM SALE SÂU giảm thêm,(47 đánh giá),https://clickbuy.com.vn/tecno-spark-go1.html,"6.67 inches, 120Hz",Unisoc T615 (12 nm),"Android 14 (Go edition), HIOS 14",64GB,4GB,5000 mAh,"Startrail Black, Glittery White",New,TECNO,13 MP,8 MP,720 x 1600 pixels,15W
Samsung Galaxy S25 Plus (5G) 12GB 256GB - 1 đổi 1 12 tháng,"20,590,000 ₫","26,990,000 ₫",22%,[07.06 - 15.06] GIẢM ĐẬM SALE SÂU giảm thêm,(49 đánh giá),https://clickbuy.com.vn/samsung-galaxy-s25-plus.html,6.7 inches,Snapdragon 8 Elite For Galaxy (3nm),Android,256GB,12GB,4900 mAh,"Ice Blue, Navy, Silver Shadow, Mint",New,Samsung,50MP - 10MP - 12MP,12MP,3120 x 1440 pixels (Quad HD+),45W
iPhone 16e 128GB Chính Hãng VN/A,"15,990,000 ₫","16,990,000 ₫",6%,,(4 đánh giá),https://clickbuy.com.vn/iphone-16e.html,6.1 inches,Apple A18,iOS,128GB,,Thời gian xem video Lên đến 26 giờ - thời gian xem video (trực tuyến) Lên đến 21 giờ,"Black, White",New,A,48MP,12MP,2532 x 1170 pixels,
iPhone 15 128GB VN/A - Tặng BH rơi vỡ vào nước,"15,190,000 ₫","23,990,000 ₫",37%,,(23 đánh giá),https://clickbuy.com.vn/iphone-15.html,,Apple A16 Bionic,iOS 16,128GB,6GB,3.349 mAh,"Space Black, Starlight, Yellow, Green, Pink",new,,Camera chính: 48MP Camera góc siêu rộng: 12MP Camera tele: 12MP,,,
Xiaomi Redmi Note 13 8GB 128GB - 1 Đổi 1 12 Tháng,"3,890,000 ₫","5,290,000 ₫",23%,[07.06 - 15.06] GIẢM ĐẬM SALE SÂU giảm thêm,(73 đánh giá),https://clickbuy.com.vn/xiaomi-redmi-note13-8gb-128gb-chinh-hang.html,"6,67 inches",Qualcomm Snapdragon 685,Android,128GB,8GB,5000 mAh,33W,New,Xiaomi,108MP - 8MP - 2MP,16MP,1080 x 2400 pixels,
TECNO Pova 6 (8+8GB/256GB) - 1 Đổi 1 12 Tháng,"5,290,000 ₫","6,490,000 ₫",15%,[07.06 - 15.06] GIẢM ĐẬM SALE SÂU giảm thêm,(20 đánh giá),https://clickbuy.com.vn/tecno-pova-6.html,6.78”FHD+ | Amoled | 120Hz,MTK Helio G99 Ultimate,Android 14,256GB,8GB,6000mAh,"Gray, Green, Blue",New,Tecno,108 MP,32 MP,1080 x 2460 pixels (FHD+),70W
Realme Note 60 4GB 64GB - 1 Đổi 1 12 Tháng,"2,590,000 ₫","3,090,000 ₫",16%,,(16 đánh giá),https://clickbuy.com.vn/realme-note-60.html,"IPS LCD 6.745 inch, 90Hz",UNISOC T612,realme UI Chạy trên nền tảng Android 14,64GB,4GB,Li-po 5000 mAh,"Black, Blue",New,realme,32MP,5MP,HD+ 1600*720,10W
Samsung Galaxy A16 (5G) 8GB 128GB - 1 Đổi 1 12 Tháng,"5,090,000 ₫","6,090,000 ₫",15%,[Từ 07.06 - 15.06] GIẢM ĐẬM SALE SÂU giảm thêm,(21 đánh giá),https://clickbuy.com.vn/samsung-galaxy-a16-5g.html,"Super AMOLED, 6.7 inches, 90Hz",MediaTek Dimensity 6300 5G,,128GB,8GB,Li-Ion 5000 mAh,"Blue Black, Light Gray, Gold, Light Green",New,samsung,50 MP - 5 MP - 2 MP,13 MP,1080 x 2340 (FHD+),25W
iPhone 15 Plus 128GB VN/A - Tặng BH rơi vỡ vào nước,"18,890,000 ₫","25,990,000 ₫",27%,,(25 đánh giá),https://clickbuy.com.vn/iphone-15-plus.html,,,,,,,,,,,,,
iPhone 13 128GB chính hãng VN/A - Tặng BH rơi vỡ vào nước,"11,590,000 ₫","24,490,000 ₫",53%,,(285 đánh giá),https://clickbuy.com.vn/apple-iphone-13-128gb-chinh-hang-vn-a.html,"6,1 inches",Apple A15,IOS 15,128 GB,,3240mAh,"Black,Blue,Pink,Red,Silver,Green",new,,"Camera góc siêu rộng: 12MP, ƒ/2.4",12 MP,2532 x 1170 pixels,
Samsung Galaxy Z Flip6 (5G) 12GB 256GB - 1 Đổi 1 12 Tháng,"18,490,000 ₫","28,990,000 ₫",34%,[07.06 - 15.06] GIẢM ĐẬM SALE SÂU giảm thêm,(30 đánh giá),https://clickbuy.com.vn/galaxy-z-flip-6.html,"Màn ngoài: 3,4 inch - Màn Trong: 6,7 inch",Snapdragon 8 Gen 3 (4 nm),"Android 14, One UI 6.1",256GB,8GB,"4000 mAh,","Yellow, Silver Shadow, Mint, Blue",New,Samsung,50MP - 12MP,10MP,1080 x 2640 pixels,25W
Xiaomi Redmi 13C 4GB 128GB - 1 Đổi 1 12 Tháng,"2,390,000 ₫","3,590,000 ₫",31%,[07.06 - 15.06] GIẢM ĐẬM SALE SÂU giảm thêm,(49 đánh giá),https://clickbuy.com.vn/xiaomi-redmi-13c.html,6.74 inches,Mediatek MT6769Z Helio G85 (12nm),"Android 13, MIUI 14",128GB,4GB,5000mAh,"Black, Blue, Green",New,Xiaomi,50MP - 2MP - 0.08MP,13MP,720 x 1600 pixels,18W
iPhone 16 Pro Max 512GB Chính Hãng VN/A,"36,390,000 ₫",,0%,,(49 đánh giá),https://clickbuy.com.vn/iphone-16-pro-max-512gb.html,"6,9 inch",Apple A18 Pro,iOS,512GB,,,"Black Titanium, White Titanium, Natural Titanium, Desert Titanium",New,Apple,48MP - 12MP - 12MP,,,
Samsung Galaxy M15 (5G) 4GB 128GB - 1 Đổi 1 12 Tháng,"3,690,000 ₫","4,990,000 ₫",26%,,(40 đánh giá),https://clickbuy.com.vn/samsung-galaxy-m15-5g-chinh-hang.html,"Super AMOLED, 6.5 inches, 90Hz",Mediatek Dimensity 6100+ (6 nm),"Android 14, One UI 6",128GB,4GB,6000 mAh,"Light Blue, Dark Blue, Gray",New,samsung,50 MP - 5 MP - 2 MP,13 MP,1080 x 2340 pixels,25W
iPhone 16 Pro 256GB Chính Hãng VN/A,"27,490,000 ₫","31,990,000 ₫",14%,,(51 đánh giá),https://clickbuy.com.vn/iphone-16-pro-256gb.html,"6,3 inch",Apple A18 Pro,iOS,256GB,,,"Black Titanium, White Titanium, Natural Titanium, Desert Titanium",New,Apple,48MP - 12MP - 12MP,,,
iPhone 15 Pro Max 512GB VN/A - Tặng BH rơi vỡ vào nước,"30,990,000 ₫","45,990,000 ₫",33%,,(1 đánh giá),https://clickbuy.com.vn/iphone-15-pro-max-512gb.html,,,,,,,,,,,,,
Xiaomi Redmi 14C - 1 Đổi 1 12 Tháng,"2,590,000 ₫","3,690,000 ₫",27%,[07.06 - 15.06] GIẢM ĐẬM SALE SÂU giảm thêm,(17 đánh giá),https://clickbuy.com.vn/xiaomi-redmi-14c.html,IPS LCD 	 6.88 inches,MediaTek Helio G81 Ultra,HyperOS Lite 2.0 –  Android 14,128GB/ 256GB,4GB/ 6GB/ 8GB,Li-Po 5160mAh,"Black, Blue, Green",New,Xiaomi,50MP,13MP,HD+ (1650 x 720) ~ 269 pixels,18W
Samsung Galaxy Z Fold5 12GB 512GB - 1 Đổi 1 12 Tháng,"24,990,000 ₫","44,990,000 ₫",44%,,(45 đánh giá),https://clickbuy.com.vn/samsung-galaxy-z-fold5-12gb-512gb-chinh-hang.html,7.6 inches,Snapdragon 8 Gen 2 for Galaxy,"Android 13, One UI 5.1",512GB,12 GB,4400mAh,"Blue,Black,Cream",new,Samsung,50MP - 12MP - 12MP,10MP (bên ngoài) + 4MP (dưới màn hình),1812 x 2176 pixels,Sạc nhanh 25W
iPhone 16 256GB Chính Hãng VN/A,"22,190,000 ₫","25,990,000 ₫",15%,,(45 đánh giá),https://clickbuy.com.vn/iphone-16-256gb.html,6.1 inch,Apple A18 Bionic,iOS,256GB,,,"Black, White, Pink, Blue, Green",New,Apple,48MP - 12MP,,2556x1179 pixel,
iPhone 16 Plus 256GB Chính Hãng VN/A,"24,890,000 ₫",,0%,,(46 đánh giá),https://clickbuy.com.vn/iphone-16-plus-256gb.html,6.7 inch,A18 Bionic,iOS,256GB,,,"Black, White, Pink, Blue, Green",New,Apple,48MP - 12MP,,,
iPhone 11 64GB chính hãng VN/A - Tặng BH rơi vỡ vào nước,"8,790,000 ₫","14,990,000 ₫",41%,,(505 đánh giá),https://clickbuy.com.vn/apple-iphone-11-64gb-chinh-hang-vn-a.html,6.1 inch,Apple A13 Bionic (7 nm+),iOS 13,64 GB,4 GB,Li-Ion 3110mAh,"Purple,Green,Yellow,Black,White",new,,Dual 12 MP,12 MP,828 x 1792 pixels,
Oscal Tiger 12 12GB 256GB - 1 Đổi 1 12 Tháng,"3,090,000 ₫","4,590,000 ₫",28%,"Học sinh, sinh viên giảm thêm",(8 đánh giá),https://clickbuy.com.vn/oscal-tiger-12.html,6.78 inch,MediaTek Helio G99,Android,256GB,12GB,5000mAh,"Black, Blue, Purple",New,Oscal,64MP - 2MP,13MP,1080x2460,33W
iPhone 12 64GB Chính hãng VN/A - Tặng BH rơi vỡ vào nước,"9,990,000 ₫","14,990,000 ₫",33%,,(157 đánh giá),https://clickbuy.com.vn/apple-iphone-12-64gb-chinh-hang-vn-a.html,6.1 inch,Apple A14 Bionic (5nm),iOS 14,64 GB,4 GB,Li-Ion 2815 mAh,"Blue,Green,Red,White,Black,Purple",new,,Dual 12 MP,12 MP,1170 x 2532 pixels,
Xiaomi Redmi 13 (4G) 6GB 128GB - 1 Đổi 1 12 Tháng,"3,390,000 ₫","4,990,000 ₫",32%,,(97 đánh giá),https://clickbuy.com.vn/redmi-13-chinh-hang.html,"IPS LCD, 6.79 inches",Mediatek Helio G91 Ultra,"Android 14, HyperOS",128GB,6GB,5030 mAh,"Black, Blue, Pink, Yellow",New,Xiaomi,108 MP - 2 MP,13 MP,1080 x 2400 pixels,33W
Xiaomi Redmi Note 14 (5G) 8GB 256GB - 1 Đổi 1 12 Tháng,"6,390,000 ₫","7,290,000 ₫",10%,[07.06 - 15.06] GIẢM ĐẬM SALE SÂU giảm thêm,(22 đánh giá),https://clickbuy.com.vn/xiaomi-redmi-note-14-5g-chinh-hang.html,"AMOLED, 6.67 inches, 120Hz",Dimensity 7025 Ultra (6 nm),"Android 14, HyperOS",256GB,8GB,5110 mAh,"Midnight Black, Lavender Purple, Coral Green",New,Xiaomi,108 MP - 8 MP - 2 MP,20 MP,1080 x 2400 pixels,45W
Xiaomi Redmi A3 - 1 Đổi 1 12 Tháng,"1,890,000 ₫","2,990,000 ₫",37%,,(66 đánh giá),https://clickbuy.com.vn/xiaomi-redmi-a3-3gb-64gb-chinh-hang.html,"6.71inch, IPS LCD, 90Hz, 500 nits",Mediatek Helio G36 (12 nm),"Android 14, MIUI",64GB,3GB,5000mAh,"Black, Blue, Green",New,Xiaomi,8MP - 0.08MP,5MP,720 x 1650 pixels,10W
TECNO POVA 6 NEO (8+8/128GB) - 1 Đổi 1 12 Tháng,"3,690,000 ₫","4,590,000 ₫",15%,[07.06 - 15.06] GIẢM ĐẬM SALE SÂU giảm thêm,(49 đánh giá),https://clickbuy.com.vn/tecno-pova-6neo.html,IPS LCD 6.78 inches,Mediatek Helio G99 Ultimate (6 nm),"Android 14, HIOS 14",128GB,8GB,7000 mAh,"Silver, Black, Green",New,TECNO,50 MP,8 MP,1080 x 2460 pixels,33W
Realme C65s 8GB 256GB - 1 Đổi 1 12 Tháng,"4,790,000 ₫","5,290,000 ₫",9%,,(17 đánh giá),https://clickbuy.com.vn/realme-c65s-chinh-hang.html,"IPS LCD, 6.745 inches, 90Hz",Unisoc Tiger T612,Android 14,128GB/ 256GB,6GB/ 8GB,Li-Po 5000mAh,"Green, Blue",New,realme,50 MP,8 MP,1600 x 720 pixels (HD+),45W
Samsung Galaxy A26 (5G) 8GB 128GB - 1 Đổi 1 12 Tháng,"5,990,000 ₫","6,990,000 ₫",11%,[Từ 07.06 - 15.06] GIẢM ĐẬM SALE SÂU giảm thêm,(20 đánh giá),https://clickbuy.com.vn/samsung-galaxy-a26.html,"Super AMOLED, 6.7 inches, 120Hz",Exynos 1380 (5 nm),"Android 15, One UI 7",128GB/ 256GB,6GB/ 8GB,5000 mAh,"Black, White, Mint, Peach Pink",New,samsung,50 MP - 8 MP - 2 MP,13 MP,1080 x 2340 pixels,25W
Samsung Galaxy A06 4GB 128GB - 1 Đổi 1 12 Tháng,"2,490,000 ₫","3,890,000 ₫",33%,[Từ 07.06 - 15.06] GIẢM ĐẬM SALE SÂU giảm thêm,(42 đánh giá),https://clickbuy.com.vn/samsung-galaxy-a06.html,"PLS LCD, 6.7 inches",Mediatek Helio G85 (12 nm),Android 14,128GB,4GB,Li-Po 5000 mAh,"Blue, Green, Black",New,Samsung,50 MP - 2 MP,8 MP,720 x 1600 pixels,25W
Samsung Galaxy A06 (5G) 4GB 128GB - 1 Đổi 1 12 Tháng,"2,890,000 ₫","3,990,000 ₫",25%,[Từ 07.06 - 15.06] GIẢM ĐẬM SALE SÂU giảm thêm,(114 đánh giá),https://clickbuy.com.vn/samsung-galaxy-a06-5g-chinh-hang.html,"PLS LCD, 6.7 inches, 90Hz",Mediatek Dimensity 6300 (6 nm),"Android 15, One UI 7",128GB,4GB,Li-Po 5000 mAh,"Gray, Light Green, Black",New,Samsung,50 MP - 2 MP,8 MP,"720 x 1600 pixels,",25W
Samsung Galaxy A05S (4G) 4GB 128GB - 1 Đổi 1 12 Tháng,"3,090,000 ₫","3,990,000 ₫",23%,,(64 đánh giá),https://clickbuy.com.vn/samsung-galaxy-a05s-4g-4gb-128gb-chinh-hang.html,6.7 inches,Snapdragon 680 4G,Android 13,128GB,4GB,5000mAh,"Black, Green, Silver",New,Samsung,50MP - 2MP - 2MP,13MP,1080 x 2400 pixels,25W
Samsung Galaxy S23 Ultra (5G) 8GB 256GB - 1 Đổi 1 12 Tháng,"18,490,000 ₫","31,990,000 ₫",42%,,(17 đánh giá),https://clickbuy.com.vn/samsung-galaxy-s23-ultra-5g-8gb-256gb-chinh-hang.html,6.8 inches,Qualcomm SM8550 Snapdragon 8 Gen 2 (4 nm),,256 GB,8Gb,5000 mAh,"Green,Lavender,Cream,Aura Black,Sky Blue,Red",new,,200MP - 10MP - 10MP,12MP,1440 x 3088 pixels (QHD+),Sạc nhanh 25W
INOI A75 6GB 256GB - 1 Đổi 1 12 Tháng,"3,590,000 ₫","3,790,000 ₫",5%,,(0 đánh giá),https://clickbuy.com.vn/inoi-a75.html,6.8 inches,MediaTek Helio G99,,256GB,6GB,5000 mAh,"Pearl White, Titanium Black",New,INOI,50 MP - 2 MP,24 MP,FHD+,33W
Samsung Galaxy A35 (5G) 8GB 128GB - 1 Đổi 1 12 Tháng,"6,490,000 ₫","8,290,000 ₫",22%,,(68 đánh giá),https://clickbuy.com.vn/samsung-galaxy-a35.html,6.6 inches,Exynos 1380 (5 nm),"Android 14, One UI 6.1",128GB,8GB,5000 mAh,"Black, Blue, Gold",New,Samsung,50MP - 8MP - 5MP,13MP,1080 x 2340 pixels,25W
INOI A75 8GB 512GB - 1 Đổi 1 12 Tháng,"4,590,000 ₫","4,990,000 ₫",8%,,(0 đánh giá),https://clickbuy.com.vn/inoi-a75-8gb-512gb.html,6.8 inches,MediaTek Helio G99,,512GB,8GB,5000 mAh,"Pearl White, Titanium Black",New,INOI,50 MP - 2 MP,24 MP,FHD+,33W
Samsung Galaxy A55 (5G) 8GB 128GB - 1 Đổi 1 12 Tháng,"7,990,000 ₫","9,990,000 ₫",20%,,(57 đánh giá),https://clickbuy.com.vn/samsung-galaxy-a55.html,6.6 inches,Exynos 1480,"Android 14, One UI 6.1",128GB,8GB,5000 mAh,"Black, Blue, Purple",New,Samsung,50MP - 12MP - 5MP,32MP,1080 x 2340 pixels,25W
INOI A35 4GB 128GB - 1 Đổi 1 12 Tháng,"1,990,000 ₫","2,390,000 ₫",8%,Phiếu Mua Hàng giảm thêm,(0 đánh giá),https://clickbuy.com.vn/inoi-a35.html,"IPS HD+, 6,56 inches, 90Hz",Unisoc T606,,,4GB,5000 mAh,"Titanium Black, Misty Blue",New,INOI,50 MP,8 MP,,
Xiaomi Redmi Note 12 Pro 8GB 256GB - 1 Đổi 1 12 Tháng,"4,990,000 ₫","7,990,000 ₫",38%,,(41 đánh giá),https://clickbuy.com.vn/xiaomi-redmi-note-12-pro-4g-8gb-256gb-chinh-hang.html,6.67 inches,Qualcomm SM7150 Snapdragon 732G (8 nm),MIUI 13 dựa trên Android 11,256 GB,8Gb,5000 mAh,"Gray,Blue,Cloud Blue",new,Xiaomi,108MP - 2MP - 2MP - 2MP,16 MP,1080 x 2400 pixels,67W
TECNO Pova 5 (8+8GB/256GB) - 1 Đổi 1 12 Tháng,"3,590,000 ₫","5,990,000 ₫",37%,[07.06 - 15.06] GIẢM ĐẬM SALE SÂU giảm thêm,(37 đánh giá),https://clickbuy.com.vn/tecno-pova-5-8gb-256gb-chinh-hang.html,6.78 inchs,MediaTek Helio G99 (6nm),"Android 13, HIOS 13",256 GB,8Gb,6000 mAh,"Gold,Blue,Black",new,Tecno,50MP,8MP,1080 x 2460 pixels,Sạc nhanh 45W
Samsung Galaxy A25 (5G) 6GB 128GB - 1 Đổi 1 12 Tháng,"4,890,000 ₫","6,590,000 ₫",26%,,(47 đánh giá),https://clickbuy.com.vn/samsung-galaxy-a25.html,6.5 inches,Exynos 1280 (5 nm),"Android 14, One UI 6",128GB,6GB,5000 mAh,"Black, Blue, Yellow",New,Samsung,50MP - 8MP - 2MP,13MP,1080 x 2340 pixels,25W
Samsung Galaxy S24 FE (5G) 8GB 128GB - 1 Đổi 1 12 Tháng,"11,990,000 ₫","16,990,000 ₫",28%,[Từ 07.06 - 15.06] GIẢM ĐẬM SALE SÂU giảm thêm,(15 đánh giá),https://clickbuy.com.vn/galaxy-s24-fe.html,"6.7 inches, Dynamic AMOLED 2X, 120Hz",Exynos 2400e (4 nm),"Android 14, One UI 6.1.1",128GB/ 256GB,8GB,Li-Ion 4565 mAh,"Graphite, Blue, Silver, Green, Yellow",New,Samsung,50MP - 8MP - 12MP,10 MP,1080 x 2340 pixels,"Có dây 25W, Không dây 15W"
Samsung Galaxy S24 FE (5G) 8GB 256GB - 1 Đổi 1 12 Tháng,"13,590,000 ₫","18,490,000 ₫",25%,[07.06 - 15.06] GIẢM ĐẬM SALE SÂU giảm thêm,(0 đánh giá),https://clickbuy.com.vn/samsung-galaxy-s24-fe-5g-8gb-256gb.html,"6.7 inches, Dynamic AMOLED 2X, 120Hz",Exynos 2400e (4 nm),"Android 14, One UI 6.1.1",128GB/ 256GB,8GB,Li-Ion 4565 mAh,"Graphite, Blue, Silver, Green, Yellow",New,Samsung,50MP - 8MP - 12MP,10 MP,1080 x 2340 pixels,"Có dây 25W, Không dây 15W"
iPhone 11 128GB Chính hãng VN/A - Tặng BH rơi vỡ vào nước,"9,490,000 ₫","21,690,000 ₫",56%,,(269 đánh giá),https://clickbuy.com.vn/apple-iphone-11-128gb-chinh-hang-vn-a.html,6.1 inch,Apple A13 Bionic (7 nm+),iOS 13,128 GB,4 GB,Li-Ion 3110mAh,"Yellow,Black,White,Green,Purple,Red",new,,Dual 12 MP,12 MP,828 x 1792 pixels,
Xiaomi Redmi Note 14 Pro (4G) 8GB 256GB - 1 Đổi 1 12 Tháng,"6,490,000 ₫","7,990,000 ₫",16%,[07.06 - 15.06] GIẢM ĐẬM SALE SÂU giảm thêm,(63 đánh giá),https://clickbuy.com.vn/xiaomi-redmi-note-14-pro-4g-chinh-hang.html,"POLED, 6.67 inches, 120Hz",Mediatek Helio G100 Ultra (6 nm),"Android 14, HyperOS 1.0",128GB/ 256GB,6GB/ 8GB,5500 mAh,"Black, Purple, Green",New,Xiaomi,200 MP - 8 MP - 2 MP,16 MP,Full HD+ (1080 x 2400 pixels),45W
Xiaomi Redmi Note 14 Pro (5G) 8GB 256GB - 1 Đổi 1 12 Tháng,"7,790,000 ₫","9,490,000 ₫",16%,[07.06 - 15.06] GIẢM ĐẬM SALE SÂU giảm thêm,(11 đánh giá),https://clickbuy.com.vn/xiaomi-redmi-note-14-pro-5g-chinh-hang.html,"AMOLED, 6.67 inches , 120Hz",MediaTek Dimensity 7300-Ultra (4 nm),Android 14,256GB,8GB,Li-Po 5110 mAh,"Lavender Purple, Coral Green, Midnight Black",New,Xiaomi,200 MP - 8 MP - 2 MP,20 MP,1.5K (1220 x 2712 Pixels),45W
TECNO Camon 40 (8+8GB/128GB) - Lỗi 1 đổi 1 12 tháng,"5,190,000 ₫","5,990,000 ₫",10%,[07.06 - 15.06] GIẢM ĐẬM SALE SÂU giảm thêm,(15 đánh giá),https://clickbuy.com.vn/tecno-camon-40-chinh-hang.html,"AMOLED, 6.78 inches, 120Hz",Mediatek Helio G100 Ultimate (6 nm),"Android 15, HIOS 15",128GB,8GB,5200 mAh,"Galaxy Black, Emerald Glow Green, Glacier White, Emerald Lake Green",New,TECNO,50 MP - 8 MP,32 MP,1080 x 2436 pixels,45W
TECNO Pova 5 (8+8GB/128GB) - 1 Đổi 1 12 Tháng,"3,390,000 ₫","4,990,000 ₫",28%,[07.06 - 15.06] GIẢM ĐẬM SALE SÂU giảm thêm,(43 đánh giá),https://clickbuy.com.vn/tecno-pova-5-8gb-128gb-chinh-hang.html,6.78 inchs,MediaTek Helio G99 (6nm),"Android 13, HIOS 13",128GB,8Gb,6000 mAh,"Gold,Blue,Black",new,Tecno,50MP,8MP,1080 x 2460 pixels,Sạc nhanh 45W
TECNO Camon 30 (8+8GB/256GB) - 1 Đổi 1 12 Tháng,"4,890,000 ₫","6,490,000 ₫",22%,[07.06 - 15.06] GIẢM ĐẬM SALE SÂU giảm thêm,(81 đánh giá),https://clickbuy.com.vn/tecno-camon-30.html,"AMOLED 6,78 inch",Mediatek Helio G99 Ultimate,"Android 14, HIOS 14",256GB,8GB,5000 mAh,"Black, White, Brown",New,Tecno,50 MP - 2 MP,50 MP,1080 x 2436 pixels,70W
TECNO Spark 20 Pro+ (8+8GB/256GB) - 1 Đổi 1 12 Tháng,"4,390,000 ₫","5,490,000 ₫",18%,[07.06 - 15.06] GIẢM ĐẬM SALE SÂU giảm thêm,(46 đánh giá),https://clickbuy.com.vn/tecno-spark-20-pro-plus.html,"6,78 inches",Mediatek Helio G99 Ultimate,Android 14,256GB,8GB có thể mở rộng lên 16GB,5000mAh,"Black, White, Gold, Green",New,Tecno,108MP - 2MP - 32MP,32MP,,33W
TECNO Camon 30S (8+8GB/256GB) - 1 Đổi 1 12 Tháng,"4,490,000 ₫","5,490,000 ₫",15%,[07.06 - 15.06] GIẢM ĐẬM SALE SÂU giảm thêm,(32 đánh giá),https://clickbuy.com.vn/tecno-camon-30s.html,"AMOLED FHD+, 6.78inches, 120 Hz",Helio G100,Android 14,256GB,8GB,5000 mAh,"Celestial Black, Dawn Gold, Nebula Violet",New,TECNO,50 MP - 2 MP,13 MP,1080*2436 pixel,33W
Xiaomi Redmi Note 14 Pro Plus (5G) 8GB 256GB- 1 Đổi 1 12 Tháng,"9,090,000 ₫","10,990,000 ₫",15%,[07.06 - 15.06] GIẢM ĐẬM SALE SÂU giảm thêm,(62 đánh giá),https://clickbuy.com.vn/xiaomi-redmi-note-14-pro-plus-5g-chinh-hang.html,"AMOLED, 6.67 inches, 120 Hz",Snapdragon 7s Gen 3 5G 8 nhân,,256GB,8GB,Li-Po 5110 mAh,"Black, Blue, Purple",New,Xiaomi,200 MP - 8 MP - 2 MP,20 MP,1.5K (1220 x 2712 Pixels),120W
Realme C75X 6GB 128GB - 1 đổi 1 12 tháng,"4,190,000 ₫","4,690,000 ₫",11%,,(20 đánh giá),https://clickbuy.com.vn/realme-c75x.html,"6.67"" - Tần số quét 120 Hz","MediaTek Helio G81-Ultra 8 nhân, 2 nhân 2.0 GHz & 6 nhân 1.7 GHz",Android 15,128 GB,6 GB,"5600 mAh, Li-Po, 45 W","Hồng, Xanh Dương",New,Realme,50 MP,5 MP,,
Samsung Galaxy Z Fold6 (5G) 12GB 512GB - 1 Đổi 1 12 Tháng,"37,590,000 ₫","47,990,000 ₫",21%,[07.06 - 15.06] GIẢM ĐẬM SALE SÂU giảm thêm,(30 đánh giá),https://clickbuy.com.vn/galaxy-z-fold-6-512gb.html,"Màn ngoài: 6,3 inch - Màn trong: 7,6 inch",Snapdragon 8 Gen 3 (4 nm),"Android 14, One UI 6.1",512GB,12GB,4400 mAh,"Navy, Silver Shadow, Pink",New,Samsung,50MP - 10MP - 12MP,10MP,1856 x 2160 pixels,45W
iPhone 12 128GB Chính hãng VN/A - Tặng BH rơi vỡ vào nước,"10,990,000 ₫","21,600,000 ₫",49%,,(56 đánh giá),https://clickbuy.com.vn/apple-iphone-12-128gb-chinh-hang-vn-a.html,6.1 inch,Apple A14 Bionic (5nm),iOS 14,128 GB,4 GB,Li-Ion 2815 mAh,"Black,Blue,Green,Red,White,Purple",new,,Dual 12 MP,12 MP,1170 x 2532 pixels,
iPhone 14 Plus 128GB VNA - Tặng BH rơi vỡ vào nước,"16,990,000 ₫","28,990,000 ₫",41%,,(12 đánh giá),https://clickbuy.com.vn/iphone-14-plus-128gb-chinh-hang-vna.html,6.7 inches,Apple A15 Bionic,iOS 16,128GB,6 GB,,"Purple,Starlight,Aura Red,Aura Blue,Black,Yellow",new,Apple,Camera chính 12MP Camera góc siêu rộng 12MP,12MP khẩu độ f/1.9,,
Samsung Galaxy S25 Ultra (5G) 12GB 512GB - 1 đổi 1 12 tháng,"29,790,000 ₫","37,490,000 ₫",19%,[07.06 - 15.06] GIẢM ĐẬM SALE SÂU giảm thêm,(46 đánh giá),https://clickbuy.com.vn/samsung-galaxy-s25-ultra-5g-512gb-chinh-hang.html,6.9 inches,Snapdragon 8 Elite For Galaxy (3nm),Android,512GB,12GB,5000 mAh,"Titanium Silver, Titanium Black, Titanium Gray, Titanium White",New,Samsung,50MP - 200MP - 50MP - 10MP,12MP,3120 x 1440 pixels (Quad HD+),45W
iPhone 14 128GB VNA - Tặng BH rơi vỡ vào nước,"12,450,000 ₫","25,990,000 ₫",52%,,(21 đánh giá),https://clickbuy.com.vn/iphone-14-128gb-chinh-hang-vna.html,"6,1 inches",Apple A15 Bionic,iOS 16,128GB,6 GB,"3,279mAh","Black,Starlight,Red,Blue,Purple,Yellow",new,Apple,Camera góc rộng: 12MP Camera góc siêu rộng: 12MP,,,
TECNO Camon 30 (12+12GB/256GB) - 1 Đổi 1 12 Tháng,"5,490,000 ₫","6,990,000 ₫",21%,,(68 đánh giá),https://clickbuy.com.vn/tecno-camon-30-12gb.html,"AMOLED 6,78 inch",Mediatek Helio G99 Ultimate,"Android 14, HIOS 14",256GB,8GB,5000 mAh,"Black, White, Brown",New,Tecno,50 MP - 2 MP,50 MP,1080 x 2436 pixels,70W
TECNO Camon 20 (8+8GB/256GB) - 1 Đổi 1 12 Tháng,"3,690,000 ₫","4,990,000 ₫",26%,,(50 đánh giá),https://clickbuy.com.vn/tecno-camon-20-8gb-256ggb-chinh-hang.html,6.67 inches,MediaTek MT6769Z Helio G85 (12nm),"Android 13, HIOS 13",256 GB,8Gb,5000 mAh,"White,Blue,Black",new,Tecno,64MP - 2MP,32 MP,1080 x 2400 pixels,33w
TECNO Camon 20 Pro (8+8GB/256GB) - 1 Đổi 1 12 Tháng,"4,190,000 ₫","5,490,000 ₫",24%,,(61 đánh giá),https://clickbuy.com.vn/tecno-camon-20-pro-8gb-256gb-chinh-hang.html,6.67 inches,Mediatek MT8781 Helio G99 (6nm),"Android 13, HIOS 13",256GB,8GB,Li-Po 5000 mAh,"Black, Blue",New,Tecno,64MP - 2MP,32MP,1080 x 2400 pixels,33W
TECNO Spark 30 (5G) (6+6GB/128GB) - 1 Đổi 1 12 tháng,"3,590,000 ₫","4,490,000 ₫",18%,[07.06 - 15.06] GIẢM ĐẬM SALE SÂU giảm thêm,(19 đánh giá),https://clickbuy.com.vn/tecno-spark-30-chinh-hang.html,"HD+, 6.67inches, 120Hz",MediaTek Dimensity 6300 5G,Android 14,128GB,6GB,5000mAh,"Midnight Shadow, Aurora Cloud, Azure Sky",New,TECNO,108 MP,8 MP,720*1600 pixel,18W
TECNO Spark 30C (4+4GB/128GB) - 1 Đổi 1 12 Tháng,"2,290,000 ₫","2,890,000 ₫",17%,[07.06 - 15.06] GIẢM ĐẬM SALE SÂU giảm thêm,(41 đánh giá),https://clickbuy.com.vn/tecno-spark-30c.html,6.67 inches,Helio G81,Android 14,128GB/ 256GB,8GB/12GB,5000mAh,"Orbit Black, Orbit White, Magic Skin 3.0",New,TECNO,48 MP,8 MP,720 x 1600 pixels,18W
Realme 12 (4G) 8GB 256GB - 1 Đổi 12 Tháng,"4,690,000 ₫","7,990,000 ₫",41%,,(33 đánh giá),https://clickbuy.com.vn/realme-12.html,"AMOLED, 6.67 inches, 120Hz, 600 nits",Snapdragon 685 (6 nm),"Android 14, Realme UI 5.0",256GB,8GB,5000 mAh,"Skyline Silver, Pioneer Green",New,realme,50 MP - 2 MP,16 MP,1080 x 2400 pixels,67W
Xiaomi 15 (5G)  - 1 Đổi 1 12 Tháng,"18,390,000 ₫","21,990,000 ₫",14%,[07.06 - 15.06] GIẢM ĐẬM SALE SÂU giảm thêm,(29 đánh giá),https://clickbuy.com.vn/xiaomi-15-5g-chinh-hang.html,"CrystalRes AMOLED, 6.36 inches, 120Hz",Snapdragon 8 Elite (3 nm),"Android 15, HyperOS 2",256GB,12GB,Si/C Li-Ion 5240mAh,"Black, White, Green",New,Xiaomi,50 MP - 50 MP - 50 MP,32 MP,1200 x 2670 pixels,90W
Realme C67 (4G) 8GB 128GB - 1 Đổi 1 12 Tháng,"3,990,000 ₫","4,990,000 ₫",20%,,(59 đánh giá),https://clickbuy.com.vn/realme-c67-5g.html,"IPS LCD, 6.72 inches",Qualcomm SM6225 Snapdragon 685 (6 nm),"Android , Realme UI",128GB,8GB,5000 mAh,"Sunny Oasis, Black Rock",New,realme,108 MP - 2 MP,8 MP,,33W
Honor X5b 4GB 64GB - 1 Đổi 1 12 Tháng,"2,050,000 ₫","2,190,000 ₫",6%,,(11 đánh giá),https://clickbuy.com.vn/honor-x5b-chinh-hang.html,"TFT LCD, 6.56 inches, 90Hz",Mediatek Helio G36 (12 nm),"Android 14, Magic OS 8",64GB,4,Li-Po 5200 mAh,"Ocean Blue, Starry Purple, Midnight Black",New,Honor,13 MP,5 MP,720 x 1612 pixels (HD+),10W
Realme C60 4GB 64GB - 1 Đổi 1 12 Tháng,"2,590,000 ₫","2,990,000 ₫",13%,,(42 đánh giá),https://clickbuy.com.vn/realme-c60.html,"6,74 inches",Unisoc T612,Android 13,64GB,4GB,5000mAh,"Black, Blue",New,Realme,13MP,5MP,HD+,
Vivo Y03t - 1 Đổi 1 12 Tháng,"2,590,000 ₫","3,290,000 ₫",15%,[07.06 - 15.06] GIẢM ĐẬM SALE SÂU giảm thêm,(11 đánh giá),https://clickbuy.com.vn/vivo-y03t.html,6.56 inches,Unisoc T612,"Android 14, Funtouch OS 14",64GB/ 128MB,4GB,"Li-ion, 5000mAh","Space Black, Gem Green",New,Vivo,13 MP - 0.08 MP,5 MP,1612 × 720pixels,15W
iPhone 15 256GB VN/A - Tặng BH rơi vỡ vào nước,"18,490,000 ₫",,0%,,(7 đánh giá),https://clickbuy.com.vn/iphone-15-256gb.html,,6‑core CPU,,256GB,6GB,,,,,Camera chính: 48MP Camerra góc rộng: 12MP Camera Tele: 12MP,12MP,,
Realme C51 -  1 Đổi 1 12 Tháng,"1,990,000 ₫","3,990,000 ₫",50%,,(49 đánh giá),https://clickbuy.com.vn/realme-c51.html,6.74 inches,Unisoc Tiger T612 (12 nm),"Android 13, Realme UI T",64GB,3GB,5000 mAh,"Green, Black",New,Realme,50MP - 0.0MP,5MP,"720 x 1600 pixels,",33W
ZTE Blade A55 - 1 Đổi 1 12 Tháng,"1,690,000 ₫","2,290,000 ₫",26%,,(35 đánh giá),https://clickbuy.com.vn/zte-blade-a55.html,"6.75inches, 90Hz",Unisoc SC9863A1,Android U,64GB,4GB,5000mAh,"Mint Green, Starry Black",New,ZTE,13MP + Camera AI,8 MP,HD+,10W
Vivo Y04 - 1 Đổi 1 12 tháng,"2,690,000 ₫","3,990,000 ₫",28%,[07.06 - 15.06] GIẢM ĐẬM SALE SÂU giảm thêm,(0 đánh giá),https://clickbuy.com.vn/vivo-y04-chinh-hang.html,"IPS LCD, 6.74 inches, 90Hz",Unisoc T7225 (12 nm),"Android 14, Funtouch 14",64GB/ 128GB,4GB/ 6GB,Li-Ion 5500 mAh,"Titanium Gold, Dark Green",New,Vivo,13 MP - 0.08 MP,5 MP,720 x 1600 pixels,15W
Realme C55 (4G) 6GB 128GB - 1 Đổi 1 12 Tháng,"3,490,000 ₫","4,990,000 ₫",30%,,(38 đánh giá),https://clickbuy.com.vn/realme-c55-4g-6gb-128gb-chinh-hang.html,6.72 inchs,Mediatek Helio G88 (12nm),"Android 13, Realme UI 4.0",128GB,6 GB,,"Gold,Black",new,Realme,64MP - 2MP,8MP,1080 x 2400 pixels,
Vivo Y18s 6GB 128GB - 1 Đổi 1 12 Tháng,"3,690,000 ₫","4,190,000 ₫",7%,[07.06 - 15.06] GIẢM ĐẬM SALE SÂU giảm thêm,(11 đánh giá),https://clickbuy.com.vn/vivo-y18s.html,"LCD 6.56 inches, 90Hz",Helio G85,"Android 14, Funtouch OS 14",128MB,6GB,Li-ion 5000mAh,"Mocha Brown, Wave Aqua",New,Vivo,50 MP - 0.08 MP,8 MP,1612 × 720pixels,15W
Vivo Y19s 8GB 128GB - 1 Đổi 1 12 Tháng,"4,190,000 ₫","5,090,000 ₫",14%,[07.06 - 15.06] GIẢM ĐẬM SALE SÂU giảm thêm,(16 đánh giá),https://clickbuy.com.vn/vivo-y19s-chinh-hang.html,"IPS LCD, 6.68 inches",Unisoc Tiger T612,Android 14,128GB,8GB,Li-Ion 5500 mAh,"Silver, Blue, Black",New,Vivo,50 MP - 0.08  MP,5 MP,HD+ (720 x 1608 Pixels),15W
Vivo Y100 8GB 256GB - 1 Đổi 1 12 Tháng,"5,890,000 ₫","7,690,000 ₫",21%,[07.06 - 15.06] GIẢM ĐẬM SALE SÂU giảm thêm,(18 đánh giá),https://clickbuy.com.vn/vivo-y100-chinh-hang.html,"AMOLED, 6.67 inches , 120Hz",Snapdragon 685,Android 14,256GB,8GB,Li-Ion 5000 mAh,"Mint, Black",New,Vivo,50 MP - 2 MP,8 MP,Full HD+ (1080 x 2400 Pixels),80 W
Vivo V30e 12GB 256GB - 1 Đổi 1 12 Tháng,"8,790,000 ₫","10,490,000 ₫",14%,[07.06 - 15.06] GIẢM ĐẬM SALE SÂU giảm thêm,(9 đánh giá),https://clickbuy.com.vn/vivo-v30e.html,"AMOLED  6.78 inches, 120Hz",Snapdragon 6 Gen1,"Android 14, Funtouch OS 14",256GB,12GB,5500 mAh (TYP),"Velvet Red (Coco Brown), Silk Blue, Sky Mirror",New,Vivo,50 MP - 8 MP,32 MP,1080 x 2400 pixels,44W
Vivo V50 Lite (5G) 12GB 256GB - 1 Đổi 1 12 Tháng,"10,190,000 ₫","10,990,000 ₫",5%,[07.06 - 15.06] GIẢM ĐẬM SALE SÂU giảm thêm,(26 đánh giá),https://clickbuy.com.vn/vivo-v50-lite-5g-chinh-hang.html,"AMOLED, 6.77inches, 1800 nits",MediaTek Dimensity 6300,"Android 15, Funtouch OS 15",256GB,8GB/ 12GB,Li-ion 6500mAh,"Phantom Black, Titanium Gold, Fantasy Purple, Silk Green",New,Vivo,50 MP - 8 MP,32 MP,2392 × 1080 pixels,90W
Vivo Y28 (4G) - 1 Đổi 1 12 Tháng,"5,590,000 ₫",,0%,[07.06 - 15.06] GIẢM ĐẬM SALE SÂU giảm thêm,(30 đánh giá),https://clickbuy.com.vn/vivo-y28-4g-chinh-hang.html,"IPS LCD, 6.68 inches, 90 Hz",MediaTek Helio G85,Android 14,128GB/ 256GB,8GB,Li-Ion 6000 mAh,"Orange, Green",New,Vivo,50 MP - 2 MP,8 MP,HD+ (720 x 1608 Pixels),44W
Realme C61 (4G) - 1 Đổi 1 12 Tháng,"2,890,000 ₫","3,590,000 ₫",19%,,(25 đánh giá),https://clickbuy.com.vn/realme-c61-chinh-hang.html,6.745inch,UNISOC T612,Android,64GB / 128GB,4GB,5000mAh,"Green, Gold",New,Realme,50MP,5MP,HD+ 720*1600,15W
Samsung Galaxy S25 (5G) 12GB 512GB - 1 đổi 1 12 tháng,"20,990,000 ₫","26,490,000 ₫",20%,[07.06 - 15.06] GIẢM ĐẬM SALE SÂU giảm thêm,(48 đánh giá),https://clickbuy.com.vn/samsung-galaxy-s25-512gb.html,6.2 inches,Snapdragon 8 Elite For Galaxy (3nm),Android,512GB,12GB,4000 mAh,"Ice Blue, Navy, Silver Shadow, Mint",New,Samsung,50MP - 10MP - 12MP,12MP,2340 x 1080-pixel,25W
Samsung Galaxy S23 Ultra (5G) 12GB 512GB - 1 Đổi 1 12 Tháng,"20,990,000 ₫","36,990,000 ₫",43%,,(0 đánh giá),https://clickbuy.com.vn/samsung-galaxy-s23-ultra-5g-12gb-512gb-chinh-hang.html,6.8 inches,Qualcomm SM8550 Snapdragon 8 Gen 2 (4 nm),,512GB,12 GB,5000 mAh,"Green,Lavender,Cream,Aura Black",new,,200MP - 10MP - 10MP,12MP,1440 x 3088 pixels (QHD+),Sạc nhanh 25W
Samsung Galaxy Z Flip6 (5G) 12GB 512GB - 1 Đổi 1 12 Tháng,"23,990,000 ₫","32,990,000 ₫",26%,[07.06 - 15.06] GIẢM ĐẬM SALE SÂU giảm thêm,(24 đánh giá),https://clickbuy.com.vn/samsung-galaxy-z-flip-6-512gb.html,"Màn ngoài: 3,4 inch - Màn Trong: 6,7 inch",Snapdragon 8 Gen 3 (4 nm),"Android 14, One UI 6.1",512GB,12GB,"4000 mAh,","Yellow, Silver Shadow, Mint, Blue",New,Samsung,50MP - 12MP,10MP,1080 x 2640 pixels,25W
Samsung Galaxy Z Fold6 (5G) 12GB 1TB - 1 Đổi 1 12 Tháng,"43,490,000 ₫","54,990,000 ₫",20%,[07.06 - 15.06] GIẢM ĐẬM SALE SÂU giảm thêm,(38 đánh giá),https://clickbuy.com.vn/galaxy-z-fold-6-1tb.html,"Màn ngoài: 6,3 inch - Màn trong: 7,6 inch",Snapdragon 8 Gen 3 (4 nm),"Android 14, One UI 6.1",1TB,12GB,4400 mAh,"Navy, Silver Shadow, Pink",New,Samsung,50MP - 10MP - 12MP,10MP,1856 x 2160 pixels,45W
Samsung Galaxy S25 Plus (5G) 12GB 512GB - 1 đổi 1 12 tháng,"24,990,000 ₫","30,490,000 ₫",17%,[07.06 - 15.06] GIẢM ĐẬM SALE SÂU giảm thêm,(42 đánh giá),https://clickbuy.com.vn/samsung-galaxy-s25-plus-512gb.html,6.7 inches,Snapdragon 8 Elite For Galaxy (3nm),Android,512GB,12,4900 mAh,"Ice Blue, Navy, Silver Shadow, Mint",New,Samsung,50MP - 10MP - 12MP,12MP,3120 x 1440 pixels (Quad HD+),45W
Samsung Galaxy Z Flip5 8GB 256GB - 1 Đổi 1 12 Tháng,"14,990,000 ₫","25,990,000 ₫",42%,,(53 đánh giá),https://clickbuy.com.vn/samsung-galaxy-z-flip5-8gb-256gb-chinh-hang.html,6.7 inches,Snapdragon 8 Gen 2 for Galaxy,"Android 13, One UI 5.1",256 GB,8Gb,3700 mAh,"Ocean Green,Lavender,Graphite Black,Cream",new,Samsung,12MP - 12MP,10 MP,1080 x 2640 pixels,Sạc nhanh 25W
Samsung Galaxy S24 Ultra (5G) 12GB 512GB - 1 đổi 1 12 tháng,"23,990,000 ₫","37,490,000 ₫",35%,[Từ 07.06 - 15.06] GIẢM ĐẬM SALE SÂU giảm thêm,(36 đánh giá),https://clickbuy.com.vn/samsung-galaxy-s24-ultra-512gb.html,6.8 inches,Snapdragon 8 Gen 3 (4 nm),"Android 14, One UI 6.1",512GB,12GB,5000 mAh,"Black, Purple, Gray, Yellow",New,Samsung,200MP - 50MP - 10MP - 12MP,12MP,1440 x 3088 pixels,45W
Samsung Galaxy S25 Ultra (5G) 12GB 1TB - 1 đổi 1 12 tháng,"35,790,000 ₫","44,790,000 ₫",19%,[07.06 - 15.06] GIẢM ĐẬM SALE SÂU giảm thêm,(44 đánh giá),https://clickbuy.com.vn/samsung-galaxy-s25-ultra-5g-1tb-chinh-hang.html,6.9 inches,Snapdragon 8 Elite For Galaxy (3nm),Android,1TB,12GB,5000 mAh,"Titanium Silver, Titanium Black, Titanium Gray, Titanium White",New,Samsung,50MP - 200MP - 50MP - 10MP,12MP,3120 x 1440 pixels (Quad HD+),45W
Samsung Galaxy Z Flip5 8GB 512GB - 1 Đổi 1 12 Tháng,"14,990,000 ₫","29,990,000 ₫",50%,,(48 đánh giá),https://clickbuy.com.vn/samsung-galaxy-z-flip5-8gb-512gb-chinh-hang.html,6.7 inches,Snapdragon 8 Gen 2 for Galaxy,"Android 13, One UI 5.1",512 GB,8Gb,3700 mAh,"Cream,Ocean Green,Lavender,Graphite Black",new,Samsung,12MP - 12MP,10 MP,1080 x 2640 pixels,Sạc nhanh 25W
Vivo iQOO Z9 Turbo (5G) 12GB 256GB Box  - Bảo hành 15 Tháng,"6,290,000 ₫","8,990,000 ₫",28%,[07.06 - 15.06] GIẢM ĐẬM SALE SÂU giảm thêm,(45 đánh giá),https://clickbuy.com.vn/vivo-iqoo-z9-turbo.html,"AMOLED HDR, 6.78 inches",Snapdragon 8s Gen 3 (4 nm),"Android 14, OriginOS 4",256GB,12GB/16GB,6000 mAh,"White, Mint, Black",New,Vivo,50 MP - 8 MP,16 MP,1.5K (1260 x 2800 pixels),80W
Samsung Galaxy A34 (5G) 8GB 256GB -1 Đổi 1 12 Tháng,"5,490,000 ₫","9,990,000 ₫",45%,,(54 đánh giá),https://clickbuy.com.vn/samsung-galaxy-a34-5g-8gb-256gb-chinh-hang.html,6.6 inch,Dimensity 1080,"Android 13, One UI 5",256GB,8Gb,5000 mAh,"Silver,Black,Green",new,Samsung,48MP - 8MP - 5MP,13 MP,1080 x 2400 pixels,Sạc nhanh 25W
Samsung Galaxy S24 Plus (5G) 12GB 256GB - 1 Đổi 1 12 Tháng,"17,690,000 ₫","26,990,000 ₫",33%,[Từ 07.06 - 15.06] GIẢM ĐẬM SALE SÂU giảm thêm,(48 đánh giá),https://clickbuy.com.vn/samsung-galaxy-s24-plus.html,6.7 inches,Exynos 2400,"Android 14, One UI 6.1",256GB,12GB,4900 mAh,"Black, Purple, Gray, Yellow",New,Samsung,50MP - 10MP - 12MP,12MP,1440 x 3088 pixels,45W
Oppo A58 (4G) 6GB 128GB - 1 Đổi 1 12 Tháng,"3,890,000 ₫","5,690,000 ₫",32%,,(30 đánh giá),https://clickbuy.com.vn/oppo-a58-chinh-hang.html,"6.72 inches, IPS LCD",Mediatek MT6769 Helio G85 (12nm),"Android 13, Android 14, ColorOS 14",128GB,6GB,5000mAh,"Black, Green",New,,50 MP - 2 MP,8 MP,1080 x 2400 pixels,33W
Realme 13+ (5G) 8GB 256GB - 1 Đổi 1 12 Tháng,"6,690,000 ₫","9,490,000 ₫",30%,,(13 đánh giá),https://clickbuy.com.vn/realme-13-plus.html,"AMOLED, 6.67 inches , 120Hz",Dimensity 7300 Energy (4 nm),"Android 14, Realme UI 5.0",128GB/ 256GB/ 512GB,8GB/ 12GB,5000 mAh,"Victory Gold, Speed Green, Dark Purple",New,realme,50 MP - 2 MP,16 MP,1080 x 2400 pixels,80W
Xiaomi Redmi Pad SE 8.7 (Wifi) 4GB 128GB - 1 Đổi 1 12 Tháng,"2,990,000 ₫","3,990,000 ₫",25%,,(13 đánh giá),https://clickbuy.com.vn/xiaomi-redmi-pad-se-8.7-wifi.html,"LCD 8.7 inches, 90Hz",MediaTek Helio G85,Android 14,128GB,4GB,6650mAh,"Black, Blue, Green",New,Xiaomi,8 MP,5 MP,1340 x 800 pixel,18W
Nokia 220 4G (2024) Chính Hãng,"979,000 ₫",,0%,,(8 đánh giá),https://clickbuy.com.vn/nokia-220-4g-2024.html,TFT LCD 2.8 inches,Unisoc T107 (22 nm),S30+,128MB,64MB,1450 mAh,"Black, Orange",New,Nokia,,,QVGA 320 x 240 Pixels,
Xiaomi Redmi Pad SE 8.7 (4G) 6GB 128GB - 1 Đổi 1 12 Tháng,"4,390,000 ₫","5,490,000 ₫",20%,,(14 đánh giá),https://clickbuy.com.vn/xiaomi-redmi-pad-se-8-7-4g.html,"LCD 8.7 inches, 90Hz",MediaTek Helio G85,Android 14,128GB,6GB,6650mAh,"Black, Blue, Green",New,Xiaomi,8 MP,5 MP,1340 x 800 pixel,18W
Xiaomi Redmi Pad SE (Wifi) 6GB 128GB - 1 Đổi 1 12 Tháng,"4,390,000 ₫","5,990,000 ₫",27%,,(4 đánh giá),https://clickbuy.com.vn/xiaomi-redmi-pad-se-wifi-chinh-hang.html,11.0 inches,Snapdragon 680 4G (6 nm),"Android 13, MIUI Pad 14",128GB,6GB,Li-Po 8000 mAh,"Purple, Gray, Mint",New,Xiaomi,8MP,5MP,1200 x 1920 pixels,18W
INOI 288S (4G) - 1 Đổi 1 12 Tháng,"990,000 ₫","1,190,000 ₫",17%,,(44 đánh giá),https://clickbuy.com.vn/inoi-288s.html,2 inches,,,,,1000mAh,Silver,New,INOI,"0,3MP",,,
INOI A83 (4G) 6GB 128GB - 1 Đổi 1 12 Tháng,"1,990,000 ₫","3,190,000 ₫",38%,,(36 đánh giá),https://clickbuy.com.vn/inoi-a83.html,"6,5 inches",Unisoc T606,Android,128GB,6GB,4000mAh,"Black, Blue",New,INOI,48MP - 2MP - 2MP,13MP,1600 x 720 Pixels,
INOI A72 (4G) 4GB 128GB - 1 Đổi 1 12 Tháng,"1,990,000 ₫","2,990,000 ₫",33%,,(56 đánh giá),https://clickbuy.com.vn/inoi-a72.html,"6,5 inches",Unisoc T310,Android,128GB,4GB,5000mAh,"Black, Purple",New,INOI,13MP - 2MP - 2MP,5MP,,
INOI Note 13s 8GB 256GB - 1 Đổi 1 12 Tháng,"2,990,000 ₫","3,390,000 ₫",12%,,(33 đánh giá),https://clickbuy.com.vn/inoi-note-13s.html,7.0 inches,Unisoc T606 (12 nm),Android,256GB,8GB,5000mAh,"Black, Gold",New,INOI,16MP - 2MP - 2MP,8MP,1600 x 720 Pixels,
iPhone 14 Plus 256GB VNA - Tặng BH rơi vỡ vào nước,"21,990,000 ₫","31,990,000 ₫",31%,,(3 đánh giá),https://clickbuy.com.vn/iphone-14-plus-256gb-chinh-hang-vna.html,6.7 inches,Apple A15 Bionic,iOS 16,256 GB,6 GB,,"Purple,Starlight,Aura Red,Aura Blue,Black,Yellow",new,Apple,Camera chính 12MP Camera góc siêu rộng 12MP,12MP khẩu độ f/1.9,,
iPhone 14 256GB chính hãng VNA - Tặng BH rơi vỡ vào nước,"16,490,000 ₫","28,990,000 ₫",43%,,(2 đánh giá),https://clickbuy.com.vn/iphone-14-256gb-chinh-hang-vna.html,6.1 inch,Apple A15 Bionic,iOS 16,256 GB,6 GB,"3,279mAh","Black,Purple,Starlight,Red,Blue,Yellow",new,Apple,Camera góc rộng: 12MP Camera góc siêu rộng: 12MP,,,
Oppo Reno13 F (5G) - 1 Đổi 1 12 Tháng,"8,590,000 ₫","10,990,000 ₫",22%,,(10 đánh giá),https://clickbuy.com.vn/oppo-reno13f-5g-chinh-hang.html,"AMOLED, 6.67 inches,",MediaTek Helio G100,Android 15,256GB,8GB/ 12GB,5800 mAh,"Gray, Purple, Blue",New,Oppo,50 MP - 8 MP - 2 MP,32 MP,Full HD+ (1080 x 2400 pixels),45W
Oppo Reno12 F (5G) 8GB 256GB - 1 Đổi 1 12 Tháng,"6,990,000 ₫","9,490,000 ₫",26%,,(16 đánh giá),https://clickbuy.com.vn/oppo-reno-12f.html,"AMOLED, 6.67 inches, 120Hz",Mediatek Dimensity 6300 (6 nm),"Android 14, ColorOS 14",256GB,12GB,5000 mAh,"Green, Orange",New,oppo,50MP - 8MP - 2MP,32 MP,1080 x 2400 pixels,45W
OPPO Reno6 (5G) 6GB 128GB - 1 Đổi 1 12 Tháng,"4,490,000 ₫","12,990,000 ₫",65%,,(8 đánh giá),https://clickbuy.com.vn/oppo-reno6-5g.html,,MediaTek Dimensity 900 5G,Android 11,128 GB,8Gb,"4300 mAh, 65 W","Silver,Black",new,,"Chính 64 MP & Phụ 8 MP, 2 MP",32 MP,"AMOLED, 6.43"", Full HD+",
Oppo Reno12 (5G) - 1 Đổi 1 12 Tháng,"9,590,000 ₫","12,990,000 ₫",26%,,(14 đánh giá),https://clickbuy.com.vn/oppo-reno-12.html,"AMOLED, 6.7 inches, 120Hz, HDR10+",Mediatek Dimensity 7300 Energy (4 nm),"Android 14, ColorOS 14.1",256GB,12GB,5000 mAh,"Brown, Silver, Pink",New,oppo,50 MP - 8 MP - 2 MP,32 MP,1080 x 2412 pixels,80W
Oppo A95 8GB 128GB - 1 Đổi 1 12 Tháng,"3,490,000 ₫","6,990,000 ₫",50%,,(3 đánh giá),https://clickbuy.com.vn/oppo-a95.html,6.43 inches,Qualcomm® Snapdragon™ 662,"ColorOS 11.1, Android 11",128 GB,8 GB,5000 mAh,"Black,Silver",,,"Camera chính: 48MP, f/1.7, AF Camera chân dung: 2MP, f/2.4 Camera macro: 2MP, f/2.4","16MP, f/2.45",1080 x 2400 pixels (FullHD+),
OPPO A18 4GB 64GB - 1 Đổi 1 12 Tháng,"3,090,000 ₫","3,990,000 ₫",23%,,(26 đánh giá),https://clickbuy.com.vn/oppa-a18-64gb-chinh-hang.html,"6.56inch, IPS LCD",Mediatek MT6769 Helio G85 (12nm),"Android 13, Android 14, ColorOS 14",64GB,4GB,5000 mAh,"Black, Blue",New,,"8 MP - 2 MP,",,"720 x 1612 pixel,",
iPhone 16 512GB Chính Hãng VN/A,"28,490,000 ₫",,0%,,(46 đánh giá),https://clickbuy.com.vn/iphone-16-512gb.html,6.1 inch,Apple A18 Bionic,iOS,512GB,,,"Black, White, Pink, Blue, Green",New,Apple,48MP - 12MP,,2556x1179 pixel,
Oppo A38 4GB 64GB - 1 Đổi 1 12 Tháng,"3,190,000 ₫","3,990,000 ₫",20%,,(32 đánh giá),https://clickbuy.com.vn/oppo-a38-chinh-hang.html,"6,56 inch, IPS LCD",Lõi tám (2x2.0 GHz Cortex-A75 & 6x1.8 GHz Cortex-A55),"Android 13,  Android 14, ColorOS 14",64GB,4GB,5000mAh,"Black, Gold",New,oppo,50 MP - 2 MP,5 MP,720 x 1612 pixel,33W
iPhone 16 Plus 512GB Chính Hãng VN/A,"32,390,000 ₫",,0%,,(47 đánh giá),https://clickbuy.com.vn/iphone-16-plus-512gb.html,6.7 inch,A18 Bionic,iOS,512GB,,,"Black, White, Pink, Blue, Green",New,Apple,48MP - 12MP,,,
iPhone 16e 256GB Chính Hãng VN/A,"18,990,000 ₫",,0%,,(0 đánh giá),https://clickbuy.com.vn/iphone-16e-256gb.html,6.1 inches,Apple A18,iOS,256GB,,Thời gian xem video Lên đến 26 giờ - thời gian xem video (trực tuyến) Lên đến 21 giờ,"Black, White",New,A,48MP,12MP,2532 x 1170 pixels,
Oppo A78 (4G) 8GB 256GB - 1 Đổi 1 12 Tháng,"5,990,000 ₫","6,990,000 ₫",14%,,(28 đánh giá),https://clickbuy.com.vn/oppo-a78-chinh-hang.html,AMOLED 6.43 inches,Snapdragon 680 4G (6nm),"Android 13, ColorOS 13.1",256GB,8GB,Li-Po 5000 mAh,"Black, Blue",New,oppo,50 MP - 2 MP,8 MP,1080 x 2400 pixel,67W
iPhone 16 Pro 512GB Chính Hãng VN/A,"34,490,000 ₫",,0%,,(47 đánh giá),https://clickbuy.com.vn/iphone-16-pro-512gb.html,"6,3 inch",Apple A18 Pro,iOS,512GB,,,"Black Titanium, White Titanium, Natural Titanium, Desert Titanium",New,Apple,48MP - 12MP - 12MP,,,
Realme Note 60X 3GB 64GB - 1 Đổi 1 12 Tháng,"2,090,000 ₫","2,990,000 ₫",30%,,(15 đánh giá),https://clickbuy.com.vn/realme-note-60x.html,"LCD, 6.74 inches, 90 Hz",Unisoc T612,,64GB,3GB,5000 mAh,"Wilderness Green (Xanh Hoang Dã), Marble Black (Đen Cẩm Thạch)",New,realme,8 MP,5 MP,1600x720 (HD+),10W
Realme Narzo 50i 4GB 64GB - 1 Đổi 1 12 Tháng,"2,790,000 ₫","3,190,000 ₫",13%,,(10 đánh giá),https://clickbuy.com.vn/realme-narzo-50i-4gb-64gb-chinh-hang.html,6.5 inches,Octa-core 1.6 GHz,Android 11,64GB,,5000 mAh,"Green,Black",new,,8.0 MP,"5 MP, f/2.2",720 x 1600 pixels,
Nokia C32 4GB 128GB Chính Hãng,"1,790,000 ₫","3,290,000 ₫",46%,,(0 đánh giá),https://clickbuy.com.vn/nokia-c32-4gb-128gb-chinh-hang.html,"6.5""",Unisoc SC9863A,,128GB,4GB,5000mAh,"Green,Black,Pink Gold",new,Nokia,50.0 MP + 2.0 MP,8MP,720 x 1600 pixels,10w
Nokia 105 4G Pro (2023) Chính Hãng,"899,000 ₫","780,000 ₫",-15%,,(0 đánh giá),https://clickbuy.com.vn/nokia-105-4g-pro-2023-chinh-hang.html,1.8 inchs,Unisoc T107,,,,1450mAh,"Blue,Black",new,Nokia,,,,
Nokia 110 4G Pro (2023) Chính Hãng,"739,000 ₫","810,000 ₫",9%,,(0 đánh giá),https://clickbuy.com.vn/nokia-110-4g-pro-2023-chinh-hang.html,1.77 inchs,Unisoc T107,,,,,"Purple,Blue",new,Nokia,QVGA,,IPS LCD,
Nubia Red Magic 8 Pro 8GB 256GB Box,Liên hệ,,0%,,(3 đánh giá),https://clickbuy.com.vn/nubia-red-magic-8-pro-8gb-256gb-box.html,6.8 inches,Chipset	Qualcomm SM8550-AB,"Android 13, Redmagic OS 6",256GB,8GB,80W,Black,New,Nubia,50MP - 8MP - 2MP,16MP,Gray,80W
Nubia Red Magic 8 Pro Plus 12GB 256GB Box (Snapdragon 8 Gen 2),Liên hệ,,0%,,(2 đánh giá),https://clickbuy.com.vn/nubia-red-magic-8-pro-plus-12gb-256gb-box.html,6.8 inches,Qualcomm Snapdragon 8+ Gen 2 (4 nm),"Android 13, Redmagic OS 8",256GB,12GB,5000mAh,"Black, Tranfer",New,ZTE Nubia,50MP - 8MP - 2MP,16MP,1116 x 2480 pixels,156W
Samsung Galaxy S24 Plus (5G) 12GB 512GB - 1 Đổi 1 12 Tháng,"19,990,000 ₫","30,490,000 ₫",34%,,(35 đánh giá),https://clickbuy.com.vn/samsung-galaxy-s24-plus-512gb.html,6.7 inches,Exynos 2400,"Android 14, One UI 6.1",512GB,12GB,4900 mAh,"Black, Purple, Gray, Yellow",New,Samsung,50MP - 10MP - 12MP,12MP,1440 x 3088 pixels,45W
TCL 406S 4GB 64GB - 1 Đổi 1 12 Tháng,"1,790,000 ₫","2,190,000 ₫",14%,"Học sinh, sinh viên giảm thêm",(43 đánh giá),https://clickbuy.com.vn/tcl-406s.html,6.6 inches,Helio G25,Android,64GB,4GB,5000mAh,"Black, Blue",,,13MP - 2MP,13MP,720 x 1612 (HD+),
ZTE Nubia V60 Design (6+10GB/ 256GB) - 1 Đổi 1 12 Tháng,"2,490,000 ₫","3,290,000 ₫",24%,,(32 đánh giá),https://clickbuy.com.vn/nubia-v60d.html,"6.6-inch HD+, 90Hz",Unisoc T606,Android T,256GB,16GB,5000 mAh,"Violet, Blue, Gold",New,ZTE,50 MP - 2 MP,8 MP,HD+,22.5W
INOI A54 4GB 256GB - 1 Đổi 1 12 Tháng,"2,690,000 ₫","2,990,000 ₫",10%,,(10 đánh giá),https://clickbuy.com.vn/inoi-a54-chinh-hang.html,6.75inch,MediaTek G88,Android 13,128GB,4GB,5000 mAh,"Tím, Đen",New,INOI,50MP - 16MP -8MP,8MP,1600x720 pixel,18W
INOI 244 (4G) - 1 Đổi 1 12 Tháng,"690,000 ₫",,0%,,(8 đánh giá),https://clickbuy.com.vn/inoi-244-4g.html,"2,4 inch",Unisoc T107,,128MP,48MP,1200mAh,Black,New,iNoi,0.08MP,,240X320,
INOI 240 (4G) - 1 Đổi 1 12 Tháng,"590,000 ₫",,0%,,(12 đánh giá),https://clickbuy.com.vn/inoi-240-4g.html,"1,8 inch",Unisoc T107,,128MB,48MB,1000 mAh,Black,New,INOI,0.08MP,,128 X 160,
MOBELL M539 (4G) Chính Hãng,"700,000 ₫",,0%,,(0 đánh giá),https://clickbuy.com.vn/mobell-m539.html,TFT CTC 2.8inch,Unisoc T107,,64MB,,Li-Ion 2000mAh,"Gold, Black, Red",New,Mobell,8 MP,,320 x 240pixel,2.75W
Mobell M331 (4G) Chính Hãng,"549,000 ₫",,0%,,(0 đánh giá),https://clickbuy.com.vn/mobell-m331.html,QVGA 2.4inch,Unisoc T107,,128MB,,1000mAh,"Green, Black, Red",New,Mobell,8 MP,,320 x 240pixel,2.75W
Mobell F309 (4G) Chính Hãng,"760,000 ₫",,0%,,(0 đánh giá),https://clickbuy.com.vn/mobell-f309.html,TFT CTC 2.31inch,Unisoc T107,,128MB,48MB,1600mAh,"Gold, Black, Blue, Red",New,Mobell,8MP,,320 x 240pixel,2.75W
Mobell  F209 (4G) Chính Hãng,"620,000 ₫",,0%,,(0 đánh giá),https://clickbuy.com.vn/mobell-f209.html,,,,,,,,,,,,,
Mobell Rock 4 (4G) Chính Hãng,"810,000 ₫",,0%,,(0 đánh giá),https://clickbuy.com.vn/mobell-rock4.html,TFT CTC 2.4inch,Unisoc T107,,128MB,,3250mAh,"Green, Blue, Black",New,Mobell,,,320 x 240pixel,2.75W
Mobell M139 (4G) Chính Hãng,"500,000 ₫",,0%,,(0 đánh giá),https://clickbuy.com.vn/mobell-m139.html,TFF 1.77inch,Unisoc T107,,128MB,,1000mAh,"Blạck, Blue, Red",New,Mobell,,,160 x 128pixel,2.75W
Mobell M139 (4G) Chính Hãng,"500,000 ₫",,0%,,(0 đánh giá),https://clickbuy.com.vn/mobell-m139.html,TFF 1.77inch,Unisoc T107,,128MB,,1000mAh,"Blạck, Blue, Red",New,Mobell,,,160 x 128pixel,2.75W
Điện thoại di động Itel it2600 4G Chính hãng,"479,000 ₫",,0%,,(14 đánh giá),https://clickbuy.com.vn/itel-2600-chinh-hang.html,2 inch,,,16 MB,16 MB,1000 mAh,Black,New,Itel,,,QVGA (240 x 320 Pixels),
Điện thoại di động Itel IT8010 4G Chính Hãng,"379,000 ₫",,0%,,(13 đánh giá),https://clickbuy.com.vn/itel-it8010-chinh-hang.html,2 inch,,,16 MB,16 MB,1000 mAh,,New,Itel,,,QQVGA (120 x 160 Pixels),
Nokia HMD 105 4G Chính Hãng,"679,000 ₫",,0%,,(7 đánh giá),https://clickbuy.com.vn/nokia-hmd-105-4g.html,2.4 inches,Unisoc T127,S30+,128MB,64MB,1450 mAh,"Pink, Green, Black",New,Nokia,,,,
Masstel Fami 60S 4G Chính Hãng,"700,000 ₫",,0%,,(16 đánh giá),https://clickbuy.com.vn/masstel-fami-60s.html,"IPS LCD, 2inches",Unisoc T107,,128 MB,48 MB,Li-Ion 2300 mAh,"Black, Blue",New,Masstel,,,QVGA (240 x 320 Pixels),
Masstel Fami 12S 4G Chính Hãng,"650,000 ₫",,0%,,(17 đánh giá),https://clickbuy.com.vn/masstel-fami-12s.html,"QQVGA, 1.77 inches",Unisoc T107,,256MB,48MB,1400 mAh,"Black, Blue",New,Masstel,,,160 x 128pixels,
Masstel izi 30 4G Chính Hãng,"600,000 ₫","829,000 ₫",28%,,(15 đánh giá),https://clickbuy.com.vn/masstel-izi-30.html,"QVGA, 2.4 inches",T107 (UMS9117),,128MB,48MB,"Li-ion, 1800mAh","Black, Blue",New,Masstel,,,240*320pixels,
Masstel izi T2 4G Chính Hãng,"500,000 ₫",,0%,,(14 đánh giá),https://clickbuy.com.vn/masstel-izi-t2.html,"QVGA, 2.4inches",T107 (UMS9117),,128MB,48MB,1800mAh,"Black, Blue",New,Masstel,,,320 x 240pixels,
Masstel izi 15 4G Chính Hãng,"390,000 ₫","500,000 ₫",22%,,(14 đánh giá),https://clickbuy.com.vn/masstel-izi-15.html,"QQVGA, 1.77 inches",T107 (UMS9117),,128MB,48MB,"Li-ion, 1000mAh","Blue, Black",New,Masstel,,,128*160pixels,
Masstel izi 16 4G Chính Hãng,"450,000 ₫",,0%,,(17 đánh giá),https://clickbuy.com.vn/masstel-izi-16.html,"QQVGA, 1.77 inches",UMS9117,,128MB,48MB,"Li-ion, 1000 mAh","Black, Blue",New,Masstel,,,128*160pixels,
iPhone 16 Pro 1TB Chính Hãng VN/A,"37,990,000 ₫","43,990,000 ₫",11%,Thu cũ đổi mới giảm thêm,(45 đánh giá),https://clickbuy.com.vn/iphone-16-pro-1tb.html,"6,3 inch",Apple A18 Pro,iOS,1TB,,,"Black Titanium, White Titanium, Natural Titanium, Desert Titanium",New,Apple,48MP - 12MP - 12MP,,,
Điện thoại di động Itel IT9211 4G Chính Hãng,"479,000 ₫","690,000 ₫",31%,,(9 đánh giá),https://clickbuy.com.vn/itel-it9211-chinh-hang.html,2.4 inches,,,16MB,,1000mAh,"Blue, Black",,,,,,
Điện thoại di động Itel it9310 4G Chính Hãng,"639,000 ₫",,0%,,(8 đánh giá),https://clickbuy.com.vn/itel-it9310-chinh-hang.html,3.0 inches,,,128MB,64MB,2000mAh,"Gold, Black",,,,,,
Vivo IQOO Neo 9 Box - Bảo hành 15 tháng,"6,990,000 ₫","8,950,000 ₫",22%,,(13 đánh giá),https://clickbuy.com.vn/vivo-iqoo-neo9.html,"AMOLED 6.78 inches, 144Hz",Snapdragon 8 Gen 2 (4 nm),"Android 14, OriginOS 4",256GB/ 512GB/ 1TB,12GB/ 16GB,5160 mAh,"Black, Blue, Red",New,Vivo,50 MP - 8 MP,16 MP,1260 x 2800 pixels,120W
Vivo IQOO Z9 (Snap 7 Gen 3) Box - Bảo hành 15 Tháng,"4,790,000 ₫","7,890,000 ₫",37%,[07.06 - 15.06] GIẢM ĐẬM SALE SÂU giảm thêm,(39 đánh giá),https://clickbuy.com.vn/vivo-iqoo-z9.html,,,,,,,,,,,,,
Vivo IQOO Z9X 8GB 128GB Box - Bảo hành 15 tháng,"3,490,000 ₫","4,950,000 ₫",25%,[07.06 - 15.06] GIẢM ĐẬM SALE SÂU giảm thêm,(16 đánh giá),https://clickbuy.com.vn/vivo-iqoo-z9x.html,"IPS LCD, 6.72 inches, 120Hz",Snapdragon 6 Gen 1 (4 nm),"Android 14, OriginOS 4",128GB/ 256GB,8GB/ 12GB,6000 mAh,"Black, White, Light Green",New,Vivo,50 MP - 2 MP,8 MP,1080 x 2408 pixels,44W
Vivo IQOO Z9 Turbo Plus 12GB 256GB Box - Bảo hành 15 Tháng,"7,590,000 ₫","10,990,000 ₫",29%,[07.06 - 15.06] GIẢM ĐẬM SALE SÂU giảm thêm,(29 đánh giá),https://clickbuy.com.vn/vivo-iqoo-z9-turbo-plus.html,"AMOLED 6.78 inches, 144Hz",Mediatek Dimensity 9300+ (4 nm),"Android 14, OriginOS 4",256GB/ 512GB,12GB/ 16GB,6400 mAh,"Black, White, Titanium",New,Vivo,50 MP - 8 MP,16 MP,1260 x 2800 pixels,"80W có dây, 7.5W không dây"
TCL 40SE 6GB 256GB - 1 Đổi 1 12 Tháng,"2,890,000 ₫","3,990,000 ₫",28%,,(0 đánh giá),https://clickbuy.com.vn/tcl-40se.html,"IPS LCD, 6.75 inches, 90Hz",Mediatek MT6765 Helio G37 (12 nm),"Android 13, TCL UI 5.0",256GB,6GB,Li-Po 5010 mAh,"Dark Grey, Twilight Purple",New,TCL,50 MP - 2 MP - 2MP,8 MP,720 x 1600 pixels,18W
Vivo IQOO Z9 Turbo 2025 (5G) Box - Bảo hành 15 Tháng,"6,490,000 ₫","9,290,000 ₫",28%,[07.06 - 15.06] GIẢM ĐẬM SALE SÂU giảm thêm,(54 đánh giá),https://clickbuy.com.vn/vivo-iqoo-z9-turbo-endurance-edition-2025-5g-box.html,"AMOLED, 6.78 inches, 144Hz",Snapdragon 8s Gen 3 (4 nm),"Android 15, OriginOS 5",256GB,12GB,Si/C Li-Ion 6400 mAh,"Black, White, Blue",New,Vivo,50 MP - 8 MP,16 MP,1260 x 2800 pixels,80W
HONOR X6b 6GB 128GB Chính hãng,"3,290,000 ₫","3,990,000 ₫",18%,,(13 đánh giá),https://clickbuy.com.vn/honor-x6b-chinh-hang.html,"TFT LCD, 6.56 inches, 90Hz",Mediatek Helio G85 (12 nm),"Android 14, Magic OS 8",128GB,6GB,Li-Po 5200 mAh,"Forest Green, Starry Purple, Ocean Cyan, Midnight Black",New,Honor,50 MP - 2 MP,5 MP,720 x 1612 pixels,35W
Vivo IQOO Neo 9S Pro Plus (5G) 12GB 256GB Box - Bảo hành 15 tháng,"8,390,000 ₫","10,950,000 ₫",23%,,(19 đánh giá),https://clickbuy.com.vn/vivo-iqoo-neo-9s-pro-plus-5g-box.html,"LTPO AMOLED, 6.78 inches, 144Hz",Snapdragon 8 Gen 3 (4 nm),"Android 14, OriginOS 4",256GB/ 512GB,12GB/ 16GB,5500 mAh,"Blue/White, Black, White",New,Vivo,50 MP - 50 MP,16 MP,1260 x 2800 pixels,120W
Vivo X200 Pro (5G) Box - Bảo hành 15 tháng,"17,790,000 ₫","22,690,000 ₫",20%,[07.06 - 15.06] GIẢM ĐẬM SALE SÂU giảm thêm,(13 đánh giá),https://clickbuy.com.vn/vivo-x200-pro-box.html,"LTPO AMOLED, 6.78 inches, 120Hz",MediaTek Dimensity 9400 (3 nm),"Android 15, OriginOS 5",256GB/ 512GB,12GB/ 16GB,Si/C 6000 mAh,"Blue, Black, White, Titanium",New,Vivo,50 MP - 200 MP - 50 MP,32 MP,1260 x 2800 pixels,90W
Vivo IQOO Neo 9S Pro (5G) 12GB 256GB Box - Bảo hành 15 tháng,"9,490,000 ₫","10,950,000 ₫",13%,,(24 đánh giá),https://clickbuy.com.vn/vivo-iqoo-neo-9s-pro-box.html,"LTPO AMOLED, 6.78 inches, 144Hz",Mediatek Dimensity 9300+ (4 nm),"Android 14, OriginOS 4",256GB,12GB,5160 mAh,"Black, White, Red",New,Vivo,50 MP - 50  MP,16 MP,1260 x 2800 pixels,120W
Infinix HOT 40i (8+8GB/256GB) - 1 Đổi 1 12 Tháng,"2,390,000 ₫","3,190,000 ₫",25%,,(62 đánh giá),https://clickbuy.com.vn/infinix-hot-40i-chinh-hang.html,"IPS LCD, 6.56 inches,  90Hz",UNISOC T606,Android 13,128GB/ 256GB,8GB,Li-po 5000 mAh,"Đen Ngân Hà, Xanh Hải Vương, Vàng Kim Tính, Xanh Mộc Tinh",,,50 MP - AI CAM,32 MP,720 x 1612 (HD+),18W
Infinix HOT 40 Pro (8+8GB/256GB) - 1 Đổi 1 12 Tháng,"3,390,000 ₫","4,290,000 ₫",21%,,(62 đánh giá),https://clickbuy.com.vn/infinix-hot-40-pro-chinh-hang.html,"LCD,  6.78 inches,  120Hz",MediaTek Helio G99,Android 13,256GB,8GB,Li-po 5000 mAh,"Black, Blue, Green, Gold",New,Infinix,108 MP - 2MP -0.08 MP,32 MP,2460 x 1080 pixels,33W
Vivo IQOO Neo 10 12GB 256GB Box - Bảo hành 15 tháng,"8,190,000 ₫","10,990,000 ₫",25%,,(29 đánh giá),https://clickbuy.com.vn/vivo-iqoo-neo-10-box.html,"LTPO AMOLED, 6.78 inches, 144Hz",Snapdragon 8 Gen 3 (4 nm),"Android 15, OriginOS 5",256GB,12GB,Si/C 6100 mAh,"Black, White, Orange",New,Vivo,50 MP - 8 MP,16 MP,1260 x 2800 pixels,120W
