Product_Name,New_Price,Old_Price,Kích thước màn hình,CPU,Bộ nhớ trong,Camera chính,Dung lượng pin,Màu sắc,Độ phân giải màn hình,Thẻ sim,Sạc nhanh,Hãng sản xuất,Tình trạng SP,Hệ điều hành,RAM,Camera phụ,Khả năng kết nối,Công nghệ màn hình,Thẻ nhớ,GPU,Chipset,Phụ kiện đi kèm,Thương hiệu,Tình trạng sản phẩm,Tính năng màn hình,Tình trạng máy,Thương hiệu sản phẩm,Trọng lượng,Chống nước,Loại CPU,Kích thước,Màn hình,Hãng,Màn hình ngoài,Camera ngoài,Kết nối,Tính năng,Màn Hinh Phụ
Mobell M331 (4G) Chính Hãng,549.000 ₫,Liên hệ,QVGA 2.4inch,Unisoc T107,128MB,8 MP,1000mAh,"Green, Black, Red",320 x 240pixel,2 Sim,2.75W,Mobell,New,,,,,,,,,,,,,,,,,,,,,,,,,
Samsung Galaxy A05 (4G) 4GB 64GB Chính Hãng,1.990.000 ₫,3.090.000 ₫,6.7 inches,Helio G85,64GB,50MP - 2MP,5000 mAh,"Black, Silver, Green",720 x 1600 pixels,,25W,Samsung,New,Android 13,4GB,8MP,,,,,,,,,,,,,,,,,,,,,,
INOI 240 (4G) - 1 Đổi 1 12 Tháng,590.000 ₫,Liên hệ,"1,8 inch",Unisoc T107,128MB,0.08MP,1000 mAh,Black,128 X 160,2 sim,,INOI,New,,48MB,,,,,,,,,,,,,,,,,,,,,,,
Vivo IQOO Z10x (5G) Box - Bảo hành 15 Tháng,4.290.000 ₫,4.990.000 ₫,"IPS LCD, 6.72 inches, 120Hz",Mediatek Dimensity 7300 (4 nm),128GB/ 256GB,50 MP - 2 MP,Li-Ion 6500 mAh,"Mint, Titanium, Ocean Blue",1080 x 2408 pixels,2 Nano SIM,44W,Vivo,New,"Android 15, Funtouch 15",8GB,8 MP,,,,,,,,,,,,,,,,,,,,,,
iPhone 16 Pro Max 1TB Chính Hãng VN/A,41.990.000 ₫,Liên hệ,"6,9 inch",Apple A18 Pro,1TB,48MP - 12MP - 12MP,,"Black Titanium, White Titanium, Natural Titanium, Desert Titanium",,,,Apple,New,iOS,,,,,,,,,,,,,,,,,,,,,,,,
Xiaomi Redmi Note 14 (5G) 8GB 256GB - 1 Đổi 1 12 Tháng,6.390.000 ₫,7.290.000 ₫,"AMOLED, 6.67 inches, 120Hz",Dimensity 7025 Ultra (6 nm),256GB,108 MP - 8 MP - 2 MP,5110 mAh,"Midnight Black, Lavender Purple, Coral Green",1080 x 2400 pixels,"2 SIM, Nano SIM",45W,Xiaomi,New,"Android 14, HyperOS",8GB,20 MP,,,,,,,,,,,,,,,,,,,,,,
Samsung Galaxy Z Flip7 5G 12GB 256GB - 1 đổi 1 12 tháng,28.990.000 ₫,24.490.000 ₫,Màn ngoài: 4.1 inch - Màn trong: 6.9 inch,Exynos 2500 (3 nm),256GB,50 MP + 12 MP,4300 mAh,"Blue Shadow, Jet Black, Coral Red",FHD+ (2520 x 1080 pixels),1 Nano-SIM + 1 eSIM,25W,samsung,New,"Android 16, One UI 8",12GB,10 MP,Hỗ trợ 5G,Dynamic AMOLED 2X,,,,,,,,,,,,,,,,,,,,
Xiaomi Redmi Note 14 Pro (4G) 8GB 256GB - 1 Đổi 1 12 Tháng,7.190.000 ₫,7.990.000 ₫,"POLED, 6.67 inches, 120Hz",Mediatek Helio G100 Ultra (6 nm),128GB/ 256GB,200 MP - 8 MP - 2 MP,5500 mAh,"Black, Purple, Green",Full HD+ (1080 x 2400 pixels),,45W,Xiaomi,New,"Android 14, HyperOS 1.0",6GB/ 8GB,16 MP,,,,,,,,,,,,,,,,,,,,,,
Oppo Reno 14 F (5G) 8GB 256GB - 1 Đổi 1 12 Tháng,9.590.000 ₫,10.300.000 ₫,"AMOLED, 6.57 inches, 120Hz",Snapdragon 6 Gen 1 5G 8 nhân,256GB,50 MP - 8 MP - 2 MP,Li-po 6000 mAh,"Opal Blue, Glossy Pink, Luminous Green",Full HD+ (1080 x 2372 Pixels),2 Nano SIM,45W,OPPO,New,Android 15,8GB,32 MP,Hỗ trợ 5G,,"MicroSD, hỗ trợ tối đa 2 TB",,,,,,,,,,,,,,,,,,,
Xiaomi Redmi Note 13 6GB 128GB - 1 Đổi 1 12 Tháng,3.590.000 ₫,4.890.000 ₫,"6,67 inches",Qualcomm Snapdragon 685,128GB,108MP - 8MP - 2MP,5000 mAh,33W,1080 x 2400 pixels,,,Xiaomi,New,Android,6GB,16MP,,,,,,,,,,,,,,,,,,,,,,
iPhone 14 256GB chính hãng VNA - Tặng BH rơi vỡ vào nước,16.490.000 ₫,28.990.000 ₫,6.1 inch,Apple A15 Bionic,256 GB,Camera góc rộng: 12MP Camera góc siêu rộng: 12MP,"3,279mAh","Black,Purple,Starlight,Red,Blue,Yellow",,,,Apple,new,iOS 16,6 GB,,,,,,,,,,,,,,,,,,,,,,,
iPhone 13 128GB chính hãng VN/A - Tặng BH rơi vỡ vào nước,11.390.000 ₫,24.490.000 ₫,"6,1 inches",Apple A15,128 GB,"Camera góc siêu rộng: 12MP, ƒ/2.4",3240mAh,"Black,Blue,Pink,Red,Silver,Green",2532 x 1170 pixels,1 nano SIM + 1 eSIM,,,new,IOS 15,,12 MP,,,,,,,,,,,,,,,,,,,,,,
Samsung Galaxy S24 FE (5G) 8GB 128GB - 1 Đổi 1 12 Tháng,11.790.000 ₫,16.990.000 ₫,"6.7 inches, Dynamic AMOLED 2X, 120Hz",Exynos 2400e (4 nm),128GB/ 256GB,50MP - 8MP - 12MP,Li-Ion 4565 mAh,"Graphite, Blue, Silver, Green, Yellow",1080 x 2340 pixels,,"Có dây 25W, Không dây 15W",Samsung,New,"Android 14, One UI 6.1.1",8GB,10 MP,,,,,,,,,,,,,,,,,,,,,,
ZTE nubia Red Magic 8S Pro Plus 16GB 256GB Box,15.490.000 ₫,19.990.000 ₫,6.8 inches,ualcomm SM8550-AB Snapdragon 8 Gen 2 (4 nm),256GB,50MP - 8MP - 2MP,5000mAh,"Tranfer, Black, Silver",1116 x 2480 pixels,,165W,ZTE Nubia,New,"Android 13, Redmagic OS 6",16GB,16MP,,,,,,,,,,,,,,,,,,,,,,
Oppo A38 4GB 64GB - 1 Đổi 1 12 Tháng,3.190.000 ₫,3.990.000 ₫,"6,56 inch, IPS LCD",Lõi tám (2x2.0 GHz Cortex-A75 & 6x1.8 GHz Cortex-A55),64GB,50 MP - 2 MP,5000mAh,"Black, Gold",720 x 1612 pixel,2 Sim,33W,oppo,New,"Android 13,  Android 14, ColorOS 14",4GB,5 MP,,,,Mali-G52 MC2,Mediatek MT6769 Helio G85 (12nm),,,,,,,,,,,,,,,,,
Masstel Fami 60S 4G Chính Hãng,700.000 ₫,Liên hệ,"IPS LCD, 2inches",Unisoc T107,128 MB,,Li-Ion 2300 mAh,"Black, Blue",QVGA (240 x 320 Pixels),2 Nano SIM,,Masstel,New,,48 MB,,4G,,"MicroSD, hỗ trợ tối đa 32 GB",,,Sạc  2.5 W,,,,,,,,,,,,,,,,
Samsung Galaxy S23 Ultra (5G) 8GB 256GB - 1 Đổi 1 12 Tháng,18.490.000 ₫,31.990.000 ₫,6.8 inches,Qualcomm SM8550 Snapdragon 8 Gen 2 (4 nm),256 GB,200MP - 10MP - 10MP,5000 mAh,"Green,Lavender,Cream,Aura Black,Sky Blue,Red",1440 x 3088 pixels (QHD+),,Sạc nhanh 25W,,new,,8Gb,12MP,,,,,,,Samsung,,,,,,,,,,,,,,,
Samsung Galaxy A03 (4G) 3GB 32GB Chính hãng,2.390.000 ₫,2.990.000 ₫,,Unisoc T606 8 nhân,32 GB,Chính 48 MP & Phụ 2 MP,5000 mAh,"Black,Blue,Red","HD+ (720 x 1600 Pixels), Chính 48 MP & Phụ 2 MP, 5 MP",2 nano SIM,,,new,Android 11,3 GB,5 MP,,PLS LCD,,,,,Samsung,New,,,,,,,,,,,,,,
Realme C67 (4G) 8GB 128GB - 1 Đổi 1 12 Tháng,3.790.000 ₫,4.990.000 ₫,"IPS LCD, 6.72 inches",Qualcomm SM6225 Snapdragon 685 (6 nm),128GB,108 MP - 2 MP,5000 mAh,"Sunny Oasis, Black Rock",,,33W,realme,New,"Android , Realme UI",8GB,8 MP,,,,,,,,,,,,,,,,,,,,,,
Điện thoại di động Itel IT9211 4G Chính Hãng,479.000 ₫,690.000 ₫,2.4 inches,,16MB,,1000mAh,"Blue, Black",,2 Sim,,,,,,,,,,,,,,,,,,,,,,,,,,,,
Samsung Galaxy Z Fold7 5G 12GB 256GB - 1 đổi 1 12 tháng,46.990.000 ₫,Liên hệ,Màn ngoài: 6.5 inch - Màn trong: 8.0 inch,Snapdragon 8 Elite dành cho Galaxy,256GB,200 MP + 12 MP + 10 MP,4400 mAh,"Blue Shadow, Silver Shadow, Jetblack",FHD+ (2520 x 1080pixels),2 Sim (2 Nano Sim hoặc 1 Nano-Sim và 1 e-Sim),25W,samsung,New,"Android 16, One UI 8",12GB,10 MP,Hỗ trợ 5G,Dynamic AMOLED 2X,,,,,,,,,,,,,,,,,,,,
iPhone 14 128GB VNA - Tặng BH rơi vỡ vào nước,12.490.000 ₫,25.990.000 ₫,"6,1 inches",Apple A15 Bionic,128GB,Camera góc rộng: 12MP Camera góc siêu rộng: 12MP,"3,279mAh","Black,Starlight,Red,Blue,Purple,Yellow",,,,Apple,new,iOS 16,6 GB,,,,,,,,,,Tần số quét 60Hz,,,,,,,,,,,,,
Realme 13+ (5G) 8GB 256GB - 1 Đổi 1 12 Tháng,6.490.000 ₫,9.490.000 ₫,"AMOLED, 6.67 inches , 120Hz",Dimensity 7300 Energy (4 nm),128GB/ 256GB/ 512GB,50 MP - 2 MP,5000 mAh,"Victory Gold, Speed Green, Dark Purple",1080 x 2400 pixels,,80W,realme,New,"Android 14, Realme UI 5.0",8GB/ 12GB,16 MP,,,,,,,,,,,,,,,,,,,,,,
iPhone 16 Pro Max 256GB Chính Hãng VN/A,29.590.000 ₫,35.990.000 ₫,"6,9 inch",Apple A18 Pro,256GB,48MP - 12MP - 12MP,,"Black Titanium, White Titanium, Natural Titanium, Desert Titanium",,,,Apple,Mới 100%,iOS,,,,,,,,,,,,,,,,,,,,,,,,
TECNO Pova 6 (8+8GB/256GB) - 1 Đổi 1 12 Tháng,5.290.000 ₫,6.380.000 ₫,6.78”FHD+ | Amoled | 120Hz,MTK Helio G99 Ultimate,256GB,108 MP,6000mAh,"Gray, Green, Blue",1080 x 2460 pixels (FHD+),2 Sim,70W,Tecno,New,Android 14,8GB,32 MP,,,,,,,,,,,,,,,,,,,,,,
Samsung Galaxy A03s 3GB 32GB Chính hãng,2.690.000 ₫,3.390.000 ₫,"6,4 inches",Mediatek Helio P35,32 GB,"Camera xóa phông: 2 MP, f/2.4, (depth)",Li-Po 5000mAh,"Black,Blue,Silver",,,,,new,"Android 11, One UI 3.1",3 GB,"5 MP, f/2.2",,,,,,,Samsung,,,,,,,,,,,,,,,
Vivo Y04 - 1 Đổi 1 12 tháng,2.590.000 ₫,3.990.000 ₫,"IPS LCD, 6.74 inches, 90Hz",Unisoc T7225 (12 nm),64GB/ 128GB,13 MP - 0.08 MP,Li-Ion 5500 mAh,"Titanium Gold, Dark Green",720 x 1600 pixels,2 Nano SIM,15W,Vivo,New,"Android 14, Funtouch 14",4GB/ 6GB,5 MP,,,,,,,,,,,,,,,,,,,,,,
Samsung Galaxy S24 FE (5G) 8GB 256GB - 1 Đổi 1 12 Tháng,12.690.000 ₫,18.490.000 ₫,"6.7 inches, Dynamic AMOLED 2X, 120Hz",Exynos 2400e (4 nm),128GB/ 256GB,50MP - 8MP - 12MP,Li-Ion 4565 mAh,"Graphite, Blue, Silver, Green, Yellow",1080 x 2340 pixels,,"Có dây 25W, Không dây 15W",Samsung,New,"Android 14, One UI 6.1.1",8GB,10 MP,,,,,,,,,,,,,,,,,,,,,,
Mobell Rock 4 (4G) Chính Hãng,810.000 ₫,Liên hệ,TFT CTC 2.4inch,Unisoc T107,128MB,,3250mAh,"Green, Blue, Black",320 x 240pixel,2 Sim,2.75W,Mobell,New,,,,,,,,,,,,,,,,,,,,,,,,,
INOI 244 (4G) - 1 Đổi 1 12 Tháng,690.000 ₫,Liên hệ,"2,4 inch",Unisoc T107,128MP,0.08MP,1200mAh,Black,240X320,2 sim,,iNoi,New,,48MP,,,,,,,,,,,,,,,,,,,,,,,
Realme C51 -  1 Đổi 1 12 Tháng,1.790.000 ₫,3.990.000 ₫,6.74 inches,Unisoc Tiger T612 (12 nm),64GB,50MP - 0.0MP,5000 mAh,"Green, Black","720 x 1600 pixels,",,33W,Realme,New,"Android 13, Realme UI T",3GB,5MP,,,,,,,,,,,,,,,,,,,,,,
TECNO Camon 20 Pro (8+8GB/256GB) - 1 Đổi 1 12 Tháng,4.190.000 ₫,5.490.000 ₫,6.67 inches,Mediatek MT8781 Helio G99 (6nm),256GB,64MP - 2MP,Li-Po 5000 mAh,"Black, Blue",1080 x 2400 pixels,,33W,Tecno,New,"Android 13, HIOS 13",8GB,32MP,,,,,,,,,,,,,,,,,,,,,,
Điện thoại di động Itel it2600 4G Chính hãng,479.000 ₫,Liên hệ,2 inch,,16 MB,,1000 mAh,Black,QVGA (240 x 320 Pixels),2 sim,,Itel,New,,16 MB,,,,,,,,,,,,,,,,,,,,,,,
iPhone 15 Plus 512GB VN/A - Tặng BH rơi vỡ vào nước,Liên hệ,Liên hệ,,,,,,,,,,,,,,,,,,,,,,,,,,,,,,,,,,,,
TCL 406S 4GB 64GB - 1 Đổi 1 12 Tháng,1.890.000 ₫,2.190.000 ₫,6.6 inches,Helio G25,64GB,13MP - 2MP,5000mAh,"Black, Blue",720 x 1612 (HD+),,,,,Android,4GB,13MP,,,,,,,TCL,,,New,,,,,,,,,,,,
Samsung Galaxy S24 Ultra (5G) 12GB 256GB - 1 đổi 1 12 tháng,21.690.000 ₫,33.990.000 ₫,6.8 inches,Snapdragon 8 Gen 3 (4 nm),256GB,200MP - 50MP - 10MP - 12MP,5000mAh,"Black, Purple, Gray, Yellow",1440 x 3088 pixels,,45W,Samsung,New,"Android 14, One UI 6.1",12GB,12MP,,,,,,,,,,,,,,,,,,,,,,
Vivo Y18s 6GB 128GB - 1 Đổi 1 12 Tháng,3.590.000 ₫,4.190.000 ₫,"LCD 6.56 inches, 90Hz",Helio G85,128MB,50 MP - 0.08 MP,Li-ion 5000mAh,"Mocha Brown, Wave Aqua",1612 × 720pixels,,15W,Vivo,New,"Android 14, Funtouch OS 14",6GB,8 MP,,,2 nano SIM + 1 micro SD,,,,,,,,,,,,,,,,,,,
iPhone 15 512GB Chính Hãng VN/A - Tặng BH rơi vỡ vào nước,Liên hệ,Liên hệ,,,,,,,,,,,,,,,,,,,,,,,,,,,,,,,,,,,,
Mobell F309 (4G) Chính Hãng,760.000 ₫,Liên hệ,TFT CTC 2.31inch,Unisoc T107,128MB,8MP,1600mAh,"Gold, Black, Blue, Red",320 x 240pixel,2 Sim,2.75W,Mobell,New,,48MB,,,,,,,,,,,,,,,,,,,,,,,
TECNO Spark 20 Pro+ (8+8GB/256GB) - 1 Đổi 1 12 Tháng,4.390.000 ₫,5.490.000 ₫,"6,78 inches",Mediatek Helio G99 Ultimate,256GB,108MP - 2MP - 32MP,5000mAh,"Black, White, Gold, Green",,,33W,Tecno,New,Android 14,8GB có thể mở rộng lên 16GB,32MP,,,,,,,,,,,,,,,,,,,,,,
ZTE Nubia Z50 Ultra 12GB 512GB Box,14.490.000 ₫,Liên hệ,6.8 inches,Snapdragon 8 Gen 2 (4 nm),512GB,64MP - 64MP - 50MP,Li-Po 5000 mAh,"Silver, Black, Blue",Li-Po 5000 mAh,,,,,"Android 13, MyOS 13",12GB,16MP,,,,,,,,New,,,Nubia,,,,,,,,,,,
OPPO A18 4GB 64GB - 1 Đổi 1 12 Tháng,3.090.000 ₫,3.990.000 ₫,"6.56inch, IPS LCD",Mediatek MT6769 Helio G85 (12nm),64GB,"8 MP - 2 MP,",5000 mAh,"Black, Blue","720 x 1612 pixel,",2 Sim,,,New,"Android 13, Android 14, ColorOS 14",4GB,,,,,Mali-G52 MC2,,,,,,,,188 g,,,,,,,,,,
Oppo Reno13 F (5G) - 1 Đổi 1 12 Tháng,8.590.000 ₫,10.990.000 ₫,"AMOLED, 6.67 inches,",MediaTek Helio G100,256GB,50 MP - 8 MP - 2 MP,5800 mAh,"Gray, Purple, Blue",Full HD+ (1080 x 2400 pixels),2 Nano SIM,45W,Oppo,New,Android 15,8GB/ 12GB,32 MP,,,,,,,,,,,,,,,,,,,,,,
TECNO Pova 7 (8+8GB/128GB) - 1 Đổi 1 12 Tháng,4.090.000 ₫,4.590.000 ₫,"IPS LCD, 6.78 inches, 120Hz",Mediatek Helio G100 Ultimate,128GB/ 256GB,108 MP,7000mAh,"Geek Black, Magic Silver, Gray Titanium",FHD+ (2460x1080 pixels),2 Nano-SIM,45W,TECNO,New,Android 15,8GB,8 MP,2G/ 3G/ 4G,,,,,,,,,,,,IP64,,,,,,,,,
Vivo Y03t - 1 Đổi 1 12 Tháng,2.390.000 ₫,3.290.000 ₫,6.56 inches,Unisoc T612,64GB/ 128MB,13 MP - 0.08 MP,"Li-ion, 5000mAh","Space Black, Gem Green",1612 × 720pixels,2 nano SIMs + 1 microSD,15W,Vivo,New,"Android 14, Funtouch OS 14",4GB,5 MP,,,,,,,,,,,,,,,,,,,,,,
Infinix HOT 40 Pro (8+8GB/256GB) - 1 Đổi 1 12 Tháng,3.390.000 ₫,4.290.000 ₫,"LCD,  6.78 inches,  120Hz",MediaTek Helio G99,256GB,108 MP - 2MP -0.08 MP,Li-po 5000 mAh,"Black, Blue, Green, Gold",2460 x 1080 pixels,2 SIM (Nano-SIM),33W,Infinix,New,Android 13,8GB,32 MP,,,,,,,,,,,,,,,,,,,,,,
iPhone 16 512GB Chính Hãng VN/A,28.490.000 ₫,Liên hệ,6.1 inch,Apple A18 Bionic,512GB,48MP - 12MP,,"Black, White, Pink, Blue, Green",2556x1179 pixel,,,Apple,New,iOS,,,,,,,,,,,,,,,,,,,,,,,,
INOI A72 (4G) 4GB 128GB - 1 Đổi 1 12 Tháng,1.990.000 ₫,2.990.000 ₫,"6,5 inches",Unisoc T310,128GB,13MP - 2MP - 2MP,5000mAh,"Black, Purple",,,,INOI,New,Android,4GB,5MP,,,,,,,,,,,,,,,,,,,,,,
INOI A83 (4G) 6GB 128GB - 1 Đổi 1 12 Tháng,1.990.000 ₫,3.190.000 ₫,"6,5 inches",Unisoc T606,128GB,48MP - 2MP - 2MP,4000mAh,"Black, Blue",1600 x 720 Pixels,,,INOI,New,Android,6GB,13MP,,,,,,,,,,,,,,,,,,,,,,
Samsung Galaxy A16 (5G) 8GB 128GB - 1 Đổi 1 12 Tháng,5.190.000 ₫,6.090.000 ₫,"Super AMOLED, 6.7 inches, 90Hz",MediaTek Dimensity 6300 5G,128GB,50 MP - 5 MP - 2 MP,Li-Ion 5000 mAh,"Blue Black, Light Gray, Gold, Light Green",1080 x 2340 (FHD+),,25W,samsung,New,,8GB,13 MP,,,,,,,,,,,,,,,,,,,,,,
iPhone 16 Plus 256GB Chính Hãng VN/A,24.990.000 ₫,Liên hệ,6.7 inch,A18 Bionic,256GB,48MP - 12MP,,"Black, White, Pink, Blue, Green",,,,Apple,New,iOS,,,,,,,,,,,,,,,,,,,,,,,,
iPhone 16 128GB Chính Hãng VN/A,18.590.000 ₫,22.990.000 ₫,6.1 inch,Apple A18 Bionic,128GB,48MP - 12MP,,"Black, White, Pink, Blue, Green",2556x1179 pixel,,,Apple,New,iOS,,,,,,,,,,,,,,,,,,,,,,,,
Samsung Galaxy Z Flip6 (5G) 12GB 512GB - 1 Đổi 1 12 Tháng,24.490.000 ₫,32.990.000 ₫,"Màn ngoài: 3,4 inch - Màn Trong: 6,7 inch",Snapdragon 8 Gen 3 (4 nm),512GB,50MP - 12MP,"4000 mAh,","Yellow, Silver Shadow, Mint, Blue",1080 x 2640 pixels,1 Sim VL + 1Esim,25W,Samsung,New,"Android 14, One UI 6.1",12GB,10MP,,,,,,,,,,,,,,,,,,,,,,
Realme Note 60 4GB 64GB - 1 Đổi 1 12 Tháng,2.590.000 ₫,3.090.000 ₫,"IPS LCD 6.745 inch, 90Hz",UNISOC T612,64GB,32MP,Li-po 5000 mAh,"Black, Blue",HD+ 1600*720,,10W,realme,New,realme UI Chạy trên nền tảng Android 14,4GB,5MP,,,,,,,,,,,,,,,,,,,,,,
TECNO Camon 40 (8+8GB/128GB) - 1 Đổi 1 12 tháng,4.890.000 ₫,5.890.000 ₫,"AMOLED, 6.78 inches, 120Hz",Mediatek Helio G100 Ultimate (6 nm),128GB,50 MP - 8 MP,5200 mAh,"Galaxy Black, Emerald Glow Green, Glacier White, Emerald Lake Green",1080 x 2436 pixels,2 Nano SIM,45W,TECNO,New,"Android 15, HIOS 15",8GB,32 MP,,,,,,,,,,,,,,,,,,,,,,
iPhone 15 Plus 128GB VN/A - Tặng BH rơi vỡ vào nước,18.990.000 ₫,25.990.000 ₫,,,,,,,,,,,,,,,,,,,,,,,,,,,,,,,,,,,,
iPhone SE 3 2022 64GB,Liên hệ,Liên hệ,4.7 inches,Apple A15 Bionic,64 GB,12 MP,,,1334 x 750 pixels (HD+),1 Nano SIM & 1 eSIM,,,,IOS 15,,7 MP,,,,,,,Apple,,,New,,,,6-core CPU,138.4 x 67.3 x 7.3 mm,,,,,,,
Google Pixel 8 8GB 128GB Box,9.490.000 ₫,10.990.000 ₫,6.1 inch,Google Tensor G3,128GB,50MP,4485 mAh,"Light Green,White,Black",1080 x 2400 pixels (FullHD+),,,,,,8Gb,,,,,,,,,,,,,,,,,,,,,,,
INOI 288S (4G) - 1 Đổi 1 12 Tháng,990.000 ₫,1.190.000 ₫,2 inches,,,"0,3MP",1000mAh,Silver,,2 Nano sim,,INOI,New,,,,,,,,,,,,,,,,,,,,,,,,,
iPhone 15 256GB VN/A - Tặng BH rơi vỡ vào nước,18.490.000 ₫,Liên hệ,,6‑core CPU,256GB,Camera chính: 48MP Camerra góc rộng: 12MP Camera Tele: 12MP,,,,,,,,,6GB,12MP,,,,,Apple A16 Bionic,,,,Dynamic Island HDR display True Tone Wide color (P3) Haptic Touch Lớp phủ oleophobia chống dấu vân tay Độ sáng tối đa: 2000 nits,,,,,,,6.1 inches,Apple,,,,,
Samsung Galaxy A05 (4G) 4GB 128GB Chính Hãng,2.290.000 ₫,3.090.000 ₫,6.7 inches,Helio G85,128GB,50MP - 2MP,5000 mAh,"Black, Silver, Green",720 x 1600 pixels,,25W,Samsung,New,Android 13,4GB,8MP,,,,,,,,,,,,,,,,,,,,,,
Điện thoại di động Itel IT8010 4G Chính Hãng,379.000 ₫,Liên hệ,2 inch,,16 MB,,1000 mAh,,QQVGA (120 x 160 Pixels),2 sim,,Itel,New,,16 MB,,,,,,,,,,,,,,,,,,,,,,,
Xiaomi 14T Pro - 1 Đổi 1 12 Tháng,13.990.000 ₫,17.990.000 ₫,"AMOLED, 6.67 inches",Mediatek Dimensity 9300+ (4 nm),512GB,50 MP - 50 MP - 12 MP,Li-Po 5000 mAh,"Titan Gray, Titan Blue, Titan Black",1220 x 2712 pixels,,"120W có dây, 50W không dây",Xiaomi,New,"Android 14, HyperOS",12GB,32 MP,,,,,,,,,,,,,,,,,,,,,,
Samsung Galaxy S24 Plus (5G) 12GB 256GB - 1 Đổi 1 12 Tháng,17.990.000 ₫,26.990.000 ₫,6.7 inches,Exynos 2400,256GB,50MP - 10MP - 12MP,4900 mAh,"Black, Purple, Gray, Yellow",1440 x 3088 pixels,,45W,Samsung,New,"Android 14, One UI 6.1",12GB,12MP,,,,,,,,,,,,,,,,,,,,,,
Samsung Galaxy A26 (5G) 8GB 128GB - 1 Đổi 1 12 Tháng,6.090.000 ₫,6.990.000 ₫,"Super AMOLED, 6.7 inches, 120Hz",Exynos 1380 (5 nm),128GB/ 256GB,50 MP - 8 MP - 2 MP,5000 mAh,"Black, White, Mint, Peach Pink",1080 x 2340 pixels,,25W,samsung,New,"Android 15, One UI 7",6GB/ 8GB,13 MP,,,,,,,,,,,,,,,,,,,,,,
Samsung Galaxy A55 (5G) 8GB 128GB - 1 Đổi 1 12 Tháng,7.990.000 ₫,9.990.000 ₫,6.6 inches,Exynos 1480,128GB,50MP - 12MP - 5MP,5000 mAh,"Black, Blue, Purple",1080 x 2340 pixels,2 sim,25W,Samsung,New,"Android 14, One UI 6.1",8GB,32MP,,,,,,,,,,,,,,,,,,,,,,
INOI Note 13s 8GB 256GB - 1 Đổi 1 12 Tháng,2.990.000 ₫,3.390.000 ₫,7.0 inches,Unisoc T606 (12 nm),256GB,16MP - 2MP - 2MP,5000mAh,"Black, Gold",1600 x 720 Pixels,,,INOI,New,Android,8GB,8MP,,,,,,,,,,,,,,,,,,,,,,
Samsung Galaxy Z Fold5 12GB 256GB - 1 Đổi 1 12 Tháng,24.990.000 ₫,40.990.000 ₫,7.6 inches,Snapdragon 8 Gen 2 for Galaxy,256 GB,50MP - 12MP - 12MP,4400mAh,"Blue,Black,Cream",1812 x 2176 pixels,,Sạc nhanh 25W,Samsung,new,"Android 13, One UI 5.1",12 GB,10MP (bên ngoài) + 4MP (dưới màn hình),,,,,,,,,,,,,,,,,,6.2inchs,,,,
TECNO Camon 40 (8+8GB/256GB) - 1 Đổi 1 12 tháng,5.190.000 ₫,6.380.000 ₫,"AMOLED, 6.78 inches, 120Hz",Mediatek Helio G100 Ultimate (6 nm),256GB,50 MP - 8 MP,5200 mAh,"Galaxy Black, Emerald Glow Green, Glacier White, Emerald Lake Green",1080 x 2436 pixels,2 Nano SIM,45W,TECNO,New,"Android 15, HIOS 15",8GB,32 MP,,,,,,,,,,,,,,,,,,,,,,
Nokia 105 DS (2019) – Sản phẩm chính hãng,399.000 ₫,420.000 ₫,,,4GB,,800 mAh,"Black,Blue",,"2, SIM Thường",,,,Nokia S30+,4GB,,,,,,,,,NEW,,,NOKIA,,,,,"1.77"", QQVGA, TFT, 120 x 160 Pixel",,,,,,
TECNO Camon 30 (8+8GB/256GB) - 1 Đổi 1 12 Tháng,4.790.000 ₫,6.380.000 ₫,"AMOLED 6,78 inch",Mediatek Helio G99 Ultimate,256GB,50 MP - 2 MP,5000 mAh,"Black, White, Brown",1080 x 2436 pixels,,70W,Tecno,New,"Android 14, HIOS 14",8GB,50 MP,,,,,,,,,,,,,,,,,,,,,,
TECNO Camon 40 Pro (8+8GB/256GB) - 1 Đổi 1 12 Tháng,5.490.000 ₫,Liên hệ,"AMOLED, 6.78 inches, 120Hz",Mediatek Helio G100 Ultimate (6 nm),256GB,50 MP - 8 MP,5200 mAh,"Glacier White, Galaxy Black, Emerald Lake Green",1080 x 2436 pixels,2 Nano SIM,45W,TECNO,New,"Android 15, HIOS 15",8GB,50 MP,,,,,,,,,,,,,,,,,,,,,,
Nokia G11 Plus 3GB 32GB Chính hãng,1.790.000 ₫,3.390.000 ₫,6.52 inches,Unisoc T606,32 GB,"AI 50MP AF, f/1.8+ 2MP, cảm biến độ sâu trường ảnh",5000mAh3 pin liền,"Xanh Dương,Xám",,Nano-SIM,,,,Android™ 12,3 GB,"8 MP, f/2.0",,,,,,,,,,,,,,,,,,,,,,
Oppo Reno 14 (5G) 12GB 256GB - 1 Đổi 1 12 Tháng,14.590.000 ₫,15.700.000 ₫,"AMOLED, 6.59inches, 120Hz",MediaTek Dimensity 8350 5G 8 nhân,256GB/ 512GB,50 MP - 50 MP - 8 MP,6000mAh,"Green, White",1.5K (1256 x 2760 Pixles),2 Nano SIM hoặc 1 Nano SIM + 1 eSIM,80W,OPPO,New,Android 15,12GB,50 MP,Hỗ trợ 5G,,,,,,,,,,,,,,,,,,,,,
BPhone A60 chính hãng,6.490.000 ₫,6.490.000 ₫,"6,7 icnhes",Helio G85,128GB,4 cam ( 16Mp + 2Mp + 5Mp + 2Mp ),"Pin 5.000 mAh, sạc nhanh 18 W",Blue,,,,,,"Hệ điều hành BOS, bảo mật chống trộm, điều khiển bằng cử chỉ",6GB,8MP chụp góc rộng,,,,,,,,,,,,,,,,,,,,,,
iPhone 16 Pro 256GB Chính Hãng VN/A,27.490.000 ₫,31.990.000 ₫,"6,3 inch",Apple A18 Pro,256GB,48MP - 12MP - 12MP,,"Black Titanium, White Titanium, Natural Titanium, Desert Titanium",,,,Apple,New,iOS,,,,,,,,,,,,,,,,,,,,,,,,
INOI A35 4GB 128GB - 1 Đổi 1 12 Tháng,2.190.000 ₫,2.390.000 ₫,"IPS HD+, 6,56 inches, 90Hz",Unisoc T606,,50 MP,5000 mAh,"Titanium Black, Misty Blue",,,,INOI,New,,4GB,8 MP,,,,,,,,,,,,,,,,,,,,,,
Xiaomi Redmi 13x - 1 Đổi 1 12 Tháng,,,"IPS LCD, 6.79 inches, 90Hz",MediaTek Helio G91 Ultra 8 nhân,128GB,108 MP - 2 MP,Li - Po 5500 mAh,"Black, Blue, Gold",Full HD+ (1080 x 2460 Pixels),2 Nano SIM,33W,Xiaomi,New,"Android 14, HyperOS",6GB/ 8GB,13 MP,Hỗ trợ 4G,,"MicroSD, hỗ trợ tối đa 1 TB",,,,,,,,,,,,,,,,,,,
Xiaomi 14 (5G) 12GB 256GB Chính Hãng,13.490.000 ₫,22.990.000 ₫,6.36 inches,Qualcomm Snapdragon 8 Gen 3 (4 nm),256GB,50MP - 50MP - 50MP,4610 mAh,"Black, White, Green",,,,Xiaomi,New,Android 14,12GB,50MP,,,,,,,,,,,,,,,,,,,,,,
Vivo iQOO Z9 Turbo (5G) 12GB 256GB Box  - Bảo hành 15 Tháng,6.290.000 ₫,8.990.000 ₫,"AMOLED HDR, 6.78 inches",Snapdragon 8s Gen 3 (4 nm),256GB,50 MP - 8 MP,6000 mAh,"White, Mint, Black",1.5K (1260 x 2800 pixels),,80W,Vivo,New,"Android 14, OriginOS 4",12GB/16GB,16 MP,,,,,,,,,,,,,,,,,,,,,,
iPhone 16 Plus 512GB Chính Hãng VN/A,32.490.000 ₫,Liên hệ,6.7 inch,A18 Bionic,512GB,48MP - 12MP,,"Black, White, Pink, Blue, Green",,,,Apple,New,iOS,,,,,,,,,,,,,,,,,,,,,,,,
Samsung Galaxy Z Fold3 5G Chính Hãng,,,,Snapdragon 888 (5nm),256 GB,"Tele: 12MP, F2.4",4400 mAh Sạc nhanh 25W/Sạc không dây 10W Chia sẻ Pin không dây,"Black,Silver,Green","Màn hình phụ: 6.2 inch, 2268 x 832 (HD+), Dynamic AMOLED 2X 120Hz",Nano SIM + eSIM,,,,Android 11,12 GB,"4MP, F1.8",,,,8 nhân,,,Samsung,,,New,,,,,,,,,"10MP, F2.2",,,
iPhone 15 Pro Max 1TB VN/A - Tặng BH rơi vỡ vào nước,,,,,,,,,,,,,,,,,,,,,,,,,,,,,,,,,,,,,,
TECNO Camon 30S (8+8GB/256GB) - 1 Đổi 1 12 Tháng,4.490.000 ₫,5.400.000 ₫,"AMOLED FHD+, 6.78inches, 120 Hz",Helio G100,256GB,50 MP - 2 MP,5000 mAh,"Celestial Black, Dawn Gold, Nebula Violet",1080*2436 pixel,2 Nano SIM,33W,TECNO,New,Android 14,8GB,13 MP,2G/ 3G/ 4G,,,,,,,,,,,,,,,,,,,,,
ZTE nubia Red Magic 8S Pro 8GB 256GB Box,12.990.000 ₫,16.990.000 ₫,6.8 inches,Snapdragon 8 Gen 2 (4 nm),256GB,50MP - 8MP - 2MP,"Li-Po 6000 mAh,",,1116 x 2480 pixels,,80W,Nubia,,"Android 13, Redmagic OS 8",8GB,16MP,,,,,,,,,,,,,,,,,,,,,,
INOI A75 6GB 256GB - 1 Đổi 1 12 Tháng,3.590.000 ₫,3.790.000 ₫,6.8 inches,MediaTek Helio G99,256GB,50 MP - 2 MP,5000 mAh,"Pearl White, Titanium Black",FHD+,,33W,INOI,New,,6GB,24 MP,,,,,,,,,,,,,,,,,,,,NFC,,
Xiaomi 14 Ultra 16GB 512GB - Bảo hành 1 đổi 1 12 tháng,20.990.000 ₫,32.990.000 ₫,LTPO  OLED 6.73 inches,Snapdragon 8 Gen 3,512GB,50 MP - 50 MP - 50 MP - 50 MP,5000 mAh,"Black, Blue, White, Titanium Gray",1440 x 3200 pixels,,"Có dây 90W, không dây 80W, sạc ngược 10W",Xiaomi,New,"Android 14, HyperOS",12GB/ 16GB,32 MP,,,,,,,,,,,,,,,,,,,,,,
Xiaomi 14T 12GB 512GB - 1 Đổi 1 12 Tháng,11.090.000 ₫,13.990.000 ₫,"AMOLED 6.67 inches, 144Hz",Mediatek Dimensity 8300 Ultra (4 nm),512GB,50 MP - 50 MP - 12 MP,Li-Po 5000 mAh,"Titan Gray, Titan Blue, Titan Black, Lemon Green",1220 x 2712 pixels,,67W,Xiaomi,New,"Android 14, HyperOS",12GB,32 MP,,,,,,,,,,,,,,,,,,,,,,
Realme Narzo 50i 4GB 64GB - 1 Đổi 1 12 Tháng,2.790.000 ₫,3.190.000 ₫,6.5 inches,Octa-core 1.6 GHz,64GB,8.0 MP,5000 mAh,"Green,Black",720 x 1600 pixels,2 nano SIM,,,new,Android 11,,"5 MP, f/2.2",,,Hỗ trợ thẻ nhớ microSDXC,,,,Realme,,,,,,,,,,,,,,,
Masstel izi 15 4G Chính Hãng,390.000 ₫,500.000 ₫,"QQVGA, 1.77 inches",T107 (UMS9117),128MB,,"Li-ion, 1000mAh","Blue, Black",128*160pixels,2 nano SIM,,Masstel,New,,48MB,,4G,,MicroSD Tối đa 32GB,,,,,,,,,,,,,,,,,,,
Samsung Galaxy A56 (5G) 8GB 128GB - 1 Đổi 1 12 Tháng,8.690.000 ₫,9.990.000 ₫,"Super AMOLED, 6.7 inches, 120Hz",Exynos 1580 (4 nm),128GB/ 256GB,50 MP - 12 MP - 5 MP,5000 mAh,"Pink, Olive, Graphite, Lightgray",1080 x 2340 pixels,2 Nano SIM,45W,samsung,New,"Android 15, One UI 7",8GB,12 MP,,,,,,,,,,,,,,,,,,,,,,
INOI A54 4GB 256GB - 1 Đổi 1 12 Tháng,2.690.000 ₫,2.990.000 ₫,6.75inch,MediaTek G88,128GB,50MP - 16MP -8MP,5000 mAh,"Tím, Đen",1600x720 pixel,2 Sim,18W,INOI,New,Android 13,4GB,8MP,,,,,,,,,,,,,,,,,,,,,,
Oppo Find X8 16GB 512GB - 1 Đổi 1 12 Tháng,19.590.000 ₫,22.990.000 ₫,"AMOLED, 6.59 inches, 120Hz",Mediatek Dimensity 9400 (3 nm),512GB,50 MP - 50 MP - 50 MP,Si/C 5630 mAh,"Star Grey, Space Black, Shell Pink, Blue",1256 x 2760 pixels,2 SIM (Nano-SIM),80W,Oppo,New,"Android 15, ColorOS 15",16GB,32 MP,,,,,,,,,,,,,,,,,,,,,,
iPhone 11 64GB chính hãng VN/A - Tặng BH rơi vỡ vào nước,8.790.000 ₫,14.990.000 ₫,6.1 inch,Apple A13 Bionic (7 nm+),64 GB,Dual 12 MP,Li-Ion 3110mAh,"Purple,Green,Yellow,Black,White",828 x 1792 pixels,1 nano SIM + 1 eSIM,,,new,iOS 13,4 GB,12 MP,,,,,,,Apple,,,,,,,,,,,,,,,
TECNO Pova 7 (8+8GB/256GB) - 1 Đổi 1 12 Tháng,4.590.000 ₫,5.290.000 ₫,"IPS LCD, 6.78 inches, 120Hz",Mediatek Helio G100 Ultimate,128GB/ 256GB,108 MP,Lipo 7000mAh,"Geek Black, Magic Silver, Gray Titanium",FHD+ (2460x1080 pixels),2 Nano-SIM,45W,TECNO,New,Android 15,8GB,8 MP,2G/ 3G/ 4G,,,,,,,,,,,,IP64,,,,,,,,,
Nokia 105 DS 4G – Sản phẩm chính hãng,649.000 ₫,710.000 ₫,,Unisoc T107,128 MB,,1020 mAh,"Black,Blue,Red",,"2, Nano SIM",,,,Nokia S30+,48 MB,,,,,,,,,NEW,,,NOKIA,,,,,"1.8"", QQVGA, QVGA",,,,,,
iPhone 15 Pro Max 256GB VN/A - Tặng BH rơi vỡ vào nước,27.490.000 ₫,36.990.000 ₫,6.7 inches,A17 Pro,256 GB,"Camera chính: 48MP, 24 mm, ƒ/1.78, Camera góc siêu rộng: 12 MP, 13 mm, ƒ/2.2",4422 mAh,,2796 x 1290-pixel,,,,,iOS 17,8 GB,"12MP, ƒ/1.9",,Super Retina XDR OLED,,,,,,,,,,,,CPU 6 lõi mới với 2 lõi hiệu năng và 4 lõi hiệu suất,,,,,,,,
Vivo IQOO Z9X 8GB 128GB Box - Bảo hành 15 tháng,3.490.000 ₫,4.950.000 ₫,"IPS LCD, 6.72 inches, 120Hz",Snapdragon 6 Gen 1 (4 nm),128GB/ 256GB,50 MP - 2 MP,6000 mAh,"Black, White, Light Green",1080 x 2408 pixels,,44W,Vivo,New,"Android 14, OriginOS 4",8GB/ 12GB,8 MP,,,,,,,,,,,,,,,,,,,,,,
Samsung Galaxy Z Fold6 (5G) 12GB 512GB - 1 Đổi 1 12 Tháng,38.090.000 ₫,47.990.000 ₫,"Màn ngoài: 6,3 inch - Màn trong: 7,6 inch",Snapdragon 8 Gen 3 (4 nm),512GB,50MP - 10MP - 12MP,4400 mAh,"Navy, Silver Shadow, Pink",1856 x 2160 pixels,,45W,Samsung,New,"Android 14, One UI 6.1",12GB,10MP,,,,,,,,,,,,,,,,,,,,,,
iPhone 14 Plus 256GB VNA - Tặng BH rơi vỡ vào nước,21.990.000 ₫,31.990.000 ₫,6.7 inches,Apple A15 Bionic,256 GB,Camera chính 12MP Camera góc siêu rộng 12MP,,"Purple,Starlight,Aura Red,Aura Blue,Black,Yellow",,,,Apple,new,iOS 16,6 GB,12MP khẩu độ f/1.9,,,,,,,,,,,,,,,,,,,,,,
Samsung Galaxy A42 5G Hàn Cũ 99%,3.290.000 ₫,3.290.000 ₫,6.6 inches,Qualcomm SM7225 Snapdragon 750 5G (8 nm),128 GB,"Chính 48 MP & Phụ 12 MP, 5 MP, 5 MP",5000 mAh,"White,Gray,Black",720 x 1600 pixels,,,,used,Android 10,4 GB,20MP,,,,,,,,,,,,,,,,,,,,,,
Samsung Galaxy M15 (5G) 4GB 128GB - 1 Đổi 1 12 Tháng,3.690.000 ₫,4.990.000 ₫,"Super AMOLED, 6.5 inches, 90Hz",Mediatek Dimensity 6100+ (6 nm),128GB,50 MP - 5 MP - 2 MP,6000 mAh,"Light Blue, Dark Blue, Gray",1080 x 2340 pixels,,25W,samsung,New,"Android 14, One UI 6",4GB,13 MP,,,,,,,,,,,,,,,,,,,,,,
Nokia HMD 105 4G Chính Hãng,679.000 ₫,Liên hệ,2.4 inches,Unisoc T127,128MB,,1450 mAh,"Pink, Green, Black",,2 Nano SIM,,Nokia,New,S30+,64MB,,"2G, 3G, 4G, Hỗ trợ VoLTE2",,Hỗ trợ thẻ nhớ tối đa: 32GB,,,,,,,,,91.55g,,,126.07 x 50.5 x 13.9 (mm),,,,,,,
Masstel Fami 12S 4G Chính Hãng,650.000 ₫,Liên hệ,"QQVGA, 1.77 inches",Unisoc T107,256MB,,1400 mAh,"Black, Blue",160 x 128pixels,2 nano SIM,,Masstel,New,,48MB,,4G,,MicroSD Tối đa 64GB,,,,,,,,,,,,,,,,,,,
iPhone 16e 128GB Chính Hãng VN/A,15.490.000 ₫,16.990.000 ₫,6.1 inches,Apple A18,128GB,48MP,Thời gian xem video Lên đến 26 giờ - thời gian xem video (trực tuyến) Lên đến 21 giờ,"Black, White",2532 x 1170 pixels,,,A,New,iOS,,12MP,,,,,,,,,,,,,,,,,,,,,,
Samsung Galaxy A36 (5G) 8GB 128GB - 1 Đổi 1 12 Tháng,7.150.000 ₫,8.290.000 ₫,"Super AMOLED, 6.7 inches, 120Hz",Snapdragon 6 Gen 3,128GB,50 MP - 8 MP - 5 MP,5000 mAh,"Lavender, Black, White, Lime",1080 x 2340 pixels,2 SIM (Nano-SIM + Nano-SIM + eSIM + eSIM),45W,samsung,New,"Android 15, One UI 7",8GB,12 MP,,,,,,,,,,,,,,,,,,,,,,
Realme C65s 8GB 256GB - 1 Đổi 1 12 Tháng,4.590.000 ₫,5.290.000 ₫,"IPS LCD, 6.745 inches, 90Hz",Unisoc Tiger T612,128GB/ 256GB,50 MP,Li-Po 5000mAh,"Green, Blue",1600 x 720 pixels (HD+),2 Nano SIM,45W,realme,New,Android 14,6GB/ 8GB,8 MP,,,,Mali-G57,,,,,,,,,,,,,,,,,,
ZTE Blade A55 - 1 Đổi 1 12 Tháng,1.690.000 ₫,2.290.000 ₫,"6.75inches, 90Hz",Unisoc SC9863A1,64GB,13MP + Camera AI,5000mAh,"Mint Green, Starry Black",HD+,,10W,ZTE,New,Android U,4GB,8 MP,,,,,,,,,,,,,,,,,,,,,,
Samsung Galaxy S25 Plus (5G) 12GB 512GB - 1 đổi 1 12 tháng,25.390.000 ₫,30.490.000 ₫,6.7 inches,Snapdragon 8 Elite For Galaxy (3nm),512GB,50MP - 10MP - 12MP,4900 mAh,"Ice Blue, Navy, Silver Shadow, Mint",3120 x 1440 pixels (Quad HD+),,45W,Samsung,New,Android,12,12MP,,,,,,,,,,,,,,,,,,,,,,
Vivo IQOO Z9 Turbo Plus 12GB 256GB Box - Bảo hành 15 Tháng,7.590.000 ₫,10.990.000 ₫,"AMOLED 6.78 inches, 144Hz",Mediatek Dimensity 9300+ (4 nm),256GB/ 512GB,50 MP - 8 MP,6400 mAh,"Black, White, Titanium",1260 x 2800 pixels,Sim Kép (1 Nano Sim + Chế độ chờ kép),"80W có dây, 7.5W không dây",Vivo,New,"Android 14, OriginOS 4",12GB/ 16GB,16 MP,,,,,,,,,,,,,,,,,,,,,,
Samsung Galaxy S25 Edge (5G) 12GB 512GB - 1 Đổi 1 12 Tháng,Liên hệ,33.490.000 ₫,"OLED, 6.7 inches, 120Hz",Snapdragon 8 Elite (3 nm),256GB,200 MP - 12 MP,3900 mAh,"Titanium Icyblue, Titanium Silver, Titanium Jetblack",1440 x 3120 pixels,eSIM,25W,samsung,New,"Android 15, One UI 7",12GB,12 MP,,,,,,,,,,,,,,,,,,,,,,
Samsung Galaxy S23 Ultra (5G) 12GB 512GB - 1 Đổi 1 12 Tháng,20.990.000 ₫,36.990.000 ₫,6.8 inches,Qualcomm SM8550 Snapdragon 8 Gen 2 (4 nm),512GB,200MP - 10MP - 10MP,5000 mAh,"Green,Lavender,Cream,Aura Black",1440 x 3088 pixels (QHD+),,Sạc nhanh 25W,,new,,12 GB,12MP,,,,,,,Samsung,,,,,,,,,,,,,,,
TCL 40SE 6GB 256GB - 1 Đổi 1 12 Tháng,2.890.000 ₫,3.990.000 ₫,"IPS LCD, 6.75 inches, 90Hz",Mediatek MT6765 Helio G37 (12 nm),256GB,50 MP - 2 MP - 2MP,Li-Po 5010 mAh,"Dark Grey, Twilight Purple",720 x 1600 pixels,,18W,TCL,New,"Android 13, TCL UI 5.0",6GB,8 MP,,,,,,,,,,,,,,,,,,,,,,
Samsung Galaxy S25 (5G) 12GB 256GB - 1 đổi 1 12 tháng,17.990.000 ₫,22.990.000 ₫,6.2 inches,Snapdragon 8 Elite For Galaxy (3nm),256GB,50MP - 10MP - 12MP,4000 mAh,"Ice Blue, Navy, Silver Shadow, Mint",2340 x 1080-pixel,,25W,Samsung,New,Android,12GB,12MP,,,,,,,,,,,,,,,,,,,,,,
Samsung Galaxy Z Flip7 5G 12GB 512GB - 1 đổi 1 12 tháng,32.990.000 ₫,Liên hệ,Màn ngoài: 4.1 inch - Màn trong: 6.9 inch,Exynos 2500 (3 nm),512GB,50 MP + 12 MP,4300 mAh,"Blue Shadow, Jet Black, Coral Red",FHD+ (2520 x 1080 pixels),1 Nano-SIM + 1 eSIM,25W,samsung,New,"Android 16, One UI 8",12GB,10 MP,Hỗ trợ 5G,Dynamic AMOLED 2X,,,,,,,,,,,,,,,,,,,,
BPhone A40 4GB 64GB Chính hãng,3.590.000 ₫,4.490.000 ₫,"6,7 icnhes",Helio G85,64 GB,4 cam ( 16Mp + 2Mp + 5Mp + 2Mp ),"Pin 5.000 mAh, sạc nhanh 18 W",White,,,,,new,"Hệ điều hành BOS, bảo mật chống trộm, điều khiển bằng cử chỉ",4GB,8MP chụp góc rộng,,,,,,,,,,,,,,,,,,,,,,
Vivo IQOO Z10 Turbo Pro (5G) 12GB 256GB Box - Bảo hành 15 Tháng,7.790.000 ₫,8.990.000 ₫,"AMOLED, 6.78 inches, 144Hz",Snapdragon 8s Gen 4 (4 nm),256GB,50 MP - 8 MP,Si/C Li-Ion 7000 mAh,"White, Black, Orange, Gold",1260 x 2800 pixels,2 Nano SIM,120W,Vivo,New,"Android 15, OriginOS 5",12GB,16 MP,,,,,,,,,,,,,,,,,,,,,,
Samsung Galaxy Z Flip6 (5G) 12GB 256GB - 1 Đổi 1 12 Tháng,18.490.000 ₫,28.990.000 ₫,"Màn ngoài: 3,4 inch - Màn Trong: 6,7 inch",Snapdragon 8 Gen 3 (4 nm),256GB,50MP - 12MP,"4000 mAh,","Yellow, Silver Shadow, Mint, Blue",1080 x 2640 pixels,1 Sim VL + 1Esim,25W,Samsung,New,"Android 14, One UI 6.1",8GB,10MP,,,,,,,,,,,,,,,,,,,,,,
Oppo A58 (4G) 6GB 128GB - 1 Đổi 1 12 Tháng,3.690.000 ₫,5.690.000 ₫,"6.72 inches, IPS LCD",Mediatek MT6769 Helio G85 (12nm),128GB,50 MP - 2 MP,5000mAh,"Black, Green",1080 x 2400 pixels,2 Sim,33W,,New,"Android 13, Android 14, ColorOS 14",6GB,8 MP,,,,Mali-G52 MC2,,,,,,,,192 g,,,,,,,,,,
BPhone A50 chính hãng,Liên hệ,Liên hệ,"6,7 icnhes",Helio G85,128GB,4 cam ( 16Mp + 2Mp + 5Mp + 2Mp ),"Pin 5.000 mAh, sạc nhanh 18 W",White,,,,,,"Hệ điều hành BOS, bảo mật chống trộm, điều khiển bằng cử chỉ",4GB,8MP chụp góc rộng,,,,,,,,,,,,,,,,,,,,,,
TECNO Pova 5 (8+8GB/128GB) - 1 Đổi 1 12 Tháng,3.390.000 ₫,4.990.000 ₫,6.78 inchs,MediaTek Helio G99 (6nm),128GB,50MP,6000 mAh,"Gold,Blue,Black",1080 x 2460 pixels,,Sạc nhanh 45W,Tecno,new,"Android 13, HIOS 13",8Gb,8MP,,,,,,,,,,,,,,,,,,,,,,
Samsung Galaxy S25 Ultra (5G) 12GB 512GB - 1 đổi 1 12 tháng,30.290.000 ₫,37.490.000 ₫,6.9 inches,Snapdragon 8 Elite For Galaxy (3nm),512GB,50MP - 200MP - 50MP - 10MP,5000 mAh,"Titanium Silver, Titanium Black, Titanium Gray, Titanium White",3120 x 1440 pixels (Quad HD+),,45W,Samsung,New,Android,12GB,12MP,,,,,,,,,,,,,,,,,,,,,,
Samsung Galaxy S25 Ultra (5G) 12GB 256GB - 1 đổi 1 12 tháng,24.990.000 ₫,33.990.000 ₫,6.9 inches,Snapdragon 8 Elite For Galaxy (3nm),256GB,50MP - 200MP - 50MP - 10MP,5000 mAh,"Titanium Silver, Titanium Black, Titanium Gray, Titanium White",3120 x 1440 pixels (Quad HD+),,45W,Samsung,New,Android,12GB,12MP,,,,,,,,,,,,,,,,,,,,,,
Samsung Galaxy A34 (5G) 8GB 256GB -1 Đổi 1 12 Tháng,5.490.000 ₫,9.990.000 ₫,6.6 inch,Dimensity 1080,256GB,48MP - 8MP - 5MP,5000 mAh,"Silver,Black,Green",1080 x 2400 pixels,,Sạc nhanh 25W,Samsung,new,"Android 13, One UI 5",8Gb,13 MP,,,,,,,,,,,,,,,,,,,,,,
Vivo X200 (5G) 12GB 256GB Box - Bảo hành 15 tháng,13.790.000 ₫,16.990.000 ₫,"AMOLED, 6.67 inches , 120Hz",Mediatek Dimensity 9400 (3 nm),256GB,50 MP - 50 MP - 50 MP,Si/C 5800 mAh,"Natural Green, Cosmos Black, Blue, White, Titanium",1260 x 2800 pixels,,90W,Vivo,New,"Android 15, Funtouch 15, OriginOS 5",12GB,32 MP,,,,,,,,,,,,,,,,,,,,,,
iPhone 13 256GB Chính hãng VN/A  - Tặng BH rơi vỡ vào nước,Liên hệ,Liên hệ,"6,1 inches",Apple A15 Bionic Chip,256 GB,Cảm biến LiDAR,3240mAh,"Black,Blue,Pink,Red,Silver,Green",,1 nano SIM + 1 eSIM,,,new,IOS 15,4GB,12 MP,,,,,,,Apple,,,,,,,,,,,,,,,
OPPO Reno6 (5G) 6GB 128GB - 1 Đổi 1 12 Tháng,4.490.000 ₫,12.990.000 ₫,,MediaTek Dimensity 900 5G,128 GB,"Chính 64 MP & Phụ 8 MP, 2 MP","4300 mAh, 65 W","Silver,Black","AMOLED, 6.43"", Full HD+","2 Nano SIM, Hỗ trợ 5G",,,new,Android 11,8Gb,32 MP,,,,,,,Oppo,,,,,,,,,,,,,,,
iPhone 16 Plus 128GB Chính Hãng VN/A,21.890.000 ₫,25.990.000 ₫,6.7 inch,A18 Bionic,128GB,48MP - 12MP,,"Black, White, Pink, Blue, Green",,,,Apple,New,iOS,,,,,,,,,,,,,,,,,,,,,,,,
Mobell  F209 (4G) Chính Hãng,620.000 ₫,Liên hệ,,,,,,,,,,,,,,,,,,,,,,,,,,,,,,,,,,,,
Oppo A95 8GB 128GB - 1 Đổi 1 12 Tháng,3.490.000 ₫,6.990.000 ₫,6.43 inches,Qualcomm® Snapdragon™ 662,128 GB,"Camera chính: 48MP, f/1.7, AF Camera chân dung: 2MP, f/2.4 Camera macro: 2MP, f/2.4",5000 mAh,"Black,Silver",1080 x 2400 pixels (FullHD+),2 SIM (Nano-SIM),,,,"ColorOS 11.1, Android 11",8 GB,"16MP, f/2.45",,,,,,,,NEW,,,OPPO,,,,,,,,,,,
Xiaomi 15 (5G)  - 1 Đổi 1 12 Tháng,18.390.000 ₫,21.990.000 ₫,"CrystalRes AMOLED, 6.36 inches, 120Hz",Snapdragon 8 Elite (3 nm),256GB,50 MP - 50 MP - 50 MP,Si/C Li-Ion 5240mAh,"Black, White, Green",1200 x 2670 pixels,Sim kép (nano-Sim và e-Sim) - Hỗ trợ 2 e-Sim,90W,Xiaomi,New,"Android 15, HyperOS 2",12GB,32 MP,,,,,,,,,,,,,,,,,,,,,,
iPhone 11 128GB Chính hãng VN/A - Tặng BH rơi vỡ vào nước,9.490.000 ₫,21.690.000 ₫,6.1 inch,Apple A13 Bionic (7 nm+),128 GB,Dual 12 MP,Li-Ion 3110mAh,"Yellow,Black,White,Green,Purple,Red",828 x 1792 pixels,1 nano SIM + 1 eSIM,,,new,iOS 13,4 GB,12 MP,,,,,,,Apple,,,,,,,,,,,,,,,
iPhone 16 Pro 1TB Chính Hãng VN/A,38.990.000 ₫,43.990.000 ₫,"6,3 inch",Apple A18 Pro,1TB,48MP - 12MP - 12MP,,"Black Titanium, White Titanium, Natural Titanium, Desert Titanium",,,,Apple,New,iOS,,,,,,,,,,,,,,,,,,,,,,,,
iPhone 15 Pro 1TB Chính Hãng VN/A,,,,,,,,,,,,,,,,,,,,,,,,,,,,,,,,,,,,,,
TECNO Spark 30 (5G) (6+6GB/128GB) - 1 Đổi 1 12 tháng,3.590.000 ₫,4.410.000 ₫,"HD+, 6.67inches, 120Hz",MediaTek Dimensity 6300 5G,128GB,108 MP,5000mAh,"Midnight Shadow, Aurora Cloud, Azure Sky",720*1600 pixel,,18W,TECNO,New,Android 14,6GB,8 MP,2G/ 3G/ 4G/ 5G,,,,,,,,,,,,,,,,,,,,,
Masstel izi T2 4G Chính Hãng,500.000 ₫,Liên hệ,"QVGA, 2.4inches",T107 (UMS9117),128MB,,1800mAh,"Black, Blue",320 x 240pixels,2 nano SIM,,Masstel,New,,48MB,,4G,,MicroSD Tối đa 32GB,,,Sạc   2.75W,,,,,,,,,,,,,,,,
Samsung Galaxy S24 Plus (5G) 12GB 512GB - 1 Đổi 1 12 Tháng,19.990.000 ₫,30.490.000 ₫,6.7 inches,Exynos 2400,512GB,50MP - 10MP - 12MP,4900 mAh,"Black, Purple, Gray, Yellow",1440 x 3088 pixels,,45W,Samsung,New,"Android 14, One UI 6.1",12GB,12MP,,,4900 mAh,,,,,,,,,,,,,,,,,,,
Oppo Find X8 Pro (5G) 16GB 512GB - 1 Đổi 1 12 Tháng,24.990.000 ₫,29.990.000 ₫,"LTPO AMOLED, 6.78 inches, 120Hz",Mediatek Dimensity 9400 (3 nm),512GB,50 MP - 50 MP - 50 MP - 50 MP,Si/C 5910 mAh,"Space Black, Pearl White, Blue",1264 x 2780 pixels,"2 SIM, Nano SIM",80W,Oppo,New,"Android 15, ColorOS 15",16GB,32 MP,,,,,,,,,,,,,,,,,,,,,,
Nokia 3210 4G Chính Hãng,1.579.000 ₫,Liên hệ,2.4inches,Unisoc T107,128MB,2 MP,Li-Ion 1450 mAh,"Black, Blue, Yellow",QVGA (240 x 320 Pixels),2 Nano SIM,,Nokia,New,S30+,64MB,,4G,,,,,,,,,,,,,,,,,,,,,
Xiaomi Redmi A5 (4G) 3GB 64GB - 1 Đổi 1 12 Tháng,2.390.000 ₫,2.490.000 ₫,"IPS LCD, 6.88 inches, 120Hz",Unisoc T7250 (12 nm),64GB,32 MP,5200 mAh,"Ocean Blue, Lake Green, Sandy Gold, Midnight Black",720 x 1640 pixels,2 Nano SIM,15W,Xiaomi,New,"Android 15, HyperOS",3GB,8 MP,,,,,,,,,,,,,,,,,,,,,,
iPhone 16 256GB Chính Hãng VN/A,22.190.000 ₫,25.990.000 ₫,6.1 inch,Apple A18 Bionic,256GB,48MP - 12MP,,"Black, White, Pink, Blue, Green",2556x1179 pixel,,,Apple,New,iOS,,,,,,,,,,,,,,,,,,,,,,,,
Samsung Galaxy A15 (4G)  8GB 128GB - 1 Đổi 1 12 Tháng,3.990.000 ₫,4.990.000 ₫,6.5 inches,Mediatek Helio G99,128GB,50MP - 5MP - 2MP,5000 mAh,"Black, Blue, Yellow",1080 x 2408 pixels,,25W,Samsung,New,Android 14,8GB,13MP,,,,,,,,,,,,,,,,,,,,,,
Samsung Galaxy S24 Ultra (5G) 12GB 512GB - 1 đổi 1 12 tháng,24.490.000 ₫,37.490.000 ₫,6.8 inches,Snapdragon 8 Gen 3 (4 nm),512GB,200MP - 50MP - 10MP - 12MP,5000 mAh,"Black, Purple, Gray, Yellow",1440 x 3088 pixels,,45W,Samsung,New,"Android 14, One UI 6.1",12GB,12MP,,,,,,,,,,,,,,,,,,,,,,
Samsung Galaxy A06 4GB 128GB - 1 Đổi 1 12 Tháng,2.650.000 ₫,3.890.000 ₫,"PLS LCD, 6.7 inches",Mediatek Helio G85 (12 nm),128GB,50 MP - 2 MP,Li-Po 5000 mAh,"Blue, Green, Black",720 x 1600 pixels,,25W,Samsung,New,Android 14,4GB,8 MP,,,,,,,,,,,,,,,,,,,,,,
Samsung Galaxy A03s 4GB 64GB Chính hãng,3.190.000 ₫,3.690.000 ₫,"6,4 inches",Mediatek Helio P35,64 GB,"Camera xóa phông: 2 MP, f/2.4, (depth)",Li-Po 5000mAh,"Black,Blue,Silver",,,,,new,"Android 11, One UI 3.1",4GB,"5 MP, f/2.2",,,,,,,Samsung,New,,,,,,,,,,,,,,
Samsung Galaxy A16 (4G) 4GB 128GB - 1 Đổi 1 12 Tháng,3.690.000 ₫,5.890.000 ₫,"AMOLED, 6.7 inches, 90 Hz",MediaTek Helio G99,128GB,50 MP - 5 MP - 2 MP,Li-Ion 5000 mAh,"Blaxk, Gray, Light Green",1080 x 2340 (FHD+),2 SIM (Nano-SIM),25W,samsung,New,Android 14,4GB,13 MP,,,,,,,,,,,,,,,,,,,,,,
Xiaomi Redmi Note 14 Pro (5G) 8GB 256GB - 1 Đổi 1 12 Tháng,8.290.000 ₫,9.490.000 ₫,"AMOLED, 6.67 inches , 120Hz",MediaTek Dimensity 7300-Ultra (4 nm),256GB,200 MP - 8 MP - 2 MP,Li-Po 5110 mAh,"Lavender Purple, Coral Green, Midnight Black",1.5K (1220 x 2712 Pixels),2 Nano SIM,45W,Xiaomi,New,Android 14,8GB,20 MP,,,,,,,,,,,,,,,,,,,,,,
iPhone 15 128GB VN/A - Tặng BH rơi vỡ vào nước,15.390.000 ₫,23.990.000 ₫,,Apple A16 Bionic,128GB,Camera chính: 48MP Camera góc siêu rộng: 12MP Camera tele: 12MP,3.349 mAh,"Space Black, Starlight, Yellow, Green, Pink",,,,,new,iOS 16,6GB,,,,,,,,Apple,,,mới,,,,,,6.1 inches,,,,,,
HONOR X6b 6GB 128GB Chính hãng,2.890.000 ₫,3.990.000 ₫,"TFT LCD, 6.56 inches, 90Hz",Mediatek Helio G85 (12 nm),128GB,50 MP - 2 MP,Li-Po 5200 mAh,"Forest Green, Starry Purple, Ocean Cyan, Midnight Black",720 x 1612 pixels,,35W,Honor,New,"Android 14, Magic OS 8",6GB,5 MP,,,,,,,,,,,,,,,,,,,,,,
Samsung Galaxy S25 Ultra (5G) 12GB 1TB - 1 đổi 1 12 tháng,36.290.000 ₫,44.790.000 ₫,6.9 inches,Snapdragon 8 Elite For Galaxy (3nm),1TB,50MP - 200MP - 50MP - 10MP,5000 mAh,"Titanium Silver, Titanium Black, Titanium Gray, Titanium White",3120 x 1440 pixels (Quad HD+),,45W,Samsung,New,Android,12GB,12MP,,,,,,,,,,,,,,,,,,,,,,
ZTE Nubia Red Magic 9 Pro Plus 16GB 256GB Box,Liên hệ,Liên hệ,6.8 inches,Snapdragon 8 Gen 3 (4 nm),256GB,50MP - 50MP - 2MP,5500 mAh,"Black, Silver, Transparent",1116 x 2480 pixels,,165W,ZTE Nubia,New,"Android 14, Redmagic OS 9",16GB,16MP,,,,,,,,,,,,,,,,,,,,,,
Nokia 110 4G Pro (2023) Chính Hãng,739.000 ₫,810.000 ₫,1.77 inchs,Unisoc T107,,QVGA,,"Purple,Blue",IPS LCD,"2 Nano SIM, Hỗ trợ 4G",,Nokia,new,,,,,,,,,,,,,,,,,,,,,,,,,
TECNO Camon 20 (8+8GB/256GB) - 1 Đổi 1 12 Tháng,3.690.000 ₫,4.990.000 ₫,6.67 inches,MediaTek MT6769Z Helio G85 (12nm),256 GB,64MP - 2MP,5000 mAh,"White,Blue,Black",1080 x 2400 pixels,,33w,Tecno,new,"Android 13, HIOS 13",8Gb,32 MP,,,,,,,,,,,,,,,,,,,,,,
Samsung Galaxy A06 (5G) 4GB 128GB - 1 Đổi 1 12 Tháng,2.990.000 ₫,3.990.000 ₫,"PLS LCD, 6.7 inches, 90Hz",Mediatek Dimensity 6300 (6 nm),128GB,50 MP - 2 MP,Li-Po 5000 mAh,"Gray, Light Green, Black","720 x 1600 pixels,",2 Nano SIM,25W,Samsung,New,"Android 15, One UI 7",4GB,8 MP,,,,,,,,,,,,,,,,,,,,,,
TECNO Spark Go 1 (4+4GB/64GB) - 1 Đổi 1 12 Tháng,1.990.000 ₫,2.460.000 ₫,"6.67 inches, 120Hz",Unisoc T615 (12 nm),64GB,13 MP,5000 mAh,"Startrail Black, Glittery White",720 x 1600 pixels,,15W,TECNO,New,"Android 14 (Go edition), HIOS 14",4GB,8 MP,,,,,,,,,,,,,,,,,,,,,,
Oscal Tiger 12 12GB 256GB - 1 Đổi 1 12 Tháng,3.290.000 ₫,4.590.000 ₫,6.78 inch,MediaTek Helio G99,256GB,64MP - 2MP,5000mAh,"Black, Blue, Purple",1080x2460,2 Nano sim,33W,Oscal,New,Android,12GB,13MP,,,,,,,,,,,,,,,,,,,,,,
Oppo Reno12 F (5G) 8GB 256GB - 1 Đổi 1 12 Tháng,6.990.000 ₫,9.490.000 ₫,"AMOLED, 6.67 inches, 120Hz",Mediatek Dimensity 6300 (6 nm),256GB,50MP - 8MP - 2MP,5000 mAh,"Green, Orange",1080 x 2400 pixels,,45W,oppo,New,"Android 14, ColorOS 14",12GB,32 MP,,,,,,,,,,,,,,,,,,,,,,
iPhone 15 Pro 512GB VN/A - Tặng BH rơi vỡ vào nước,,,,,,,,,,,,,,,,,,,,,,,,,,,,,,,,,,,,,,
Samsung Galaxy A25 (5G) 6GB 128GB - 1 Đổi 1 12 Tháng,4.890.000 ₫,6.590.000 ₫,6.5 inches,Exynos 1280 (5 nm),128GB,50MP - 8MP - 2MP,5000 mAh,"Black, Blue, Yellow",1080 x 2340 pixels,,25W,Samsung,New,"Android 14, One UI 6",6GB,13MP,,,,,,,,,,,,,,,,,,,,,,
Xiaomi Redmi 14C - 1 Đổi 1 12 Tháng,2.690.000 ₫,3.690.000 ₫,IPS LCD 	 6.88 inches,MediaTek Helio G81 Ultra,128GB/ 256GB,50MP,Li-Po 5160mAh,"Black, Blue, Green",HD+ (1650 x 720) ~ 269 pixels,,18W,Xiaomi,New,HyperOS Lite 2.0 –  Android 14,4GB/ 6GB/ 8GB,13MP,,,,Mali-G52 MC2,,,,,,,,,,,,,,,,,,
iPhone 12 128GB Chính hãng VN/A - Tặng BH rơi vỡ vào nước,10.990.000 ₫,21.600.000 ₫,6.1 inch,Apple A14 Bionic (5nm),128 GB,Dual 12 MP,Li-Ion 2815 mAh,"Black,Blue,Green,Red,White,Purple",1170 x 2532 pixels,1 nano SIM + 1 eSIM,,,new,iOS 14,4 GB,12 MP,,,,,,,Apple,,,,,,,,,,,,,,,
Realme C75X 6GB 128GB - 1 đổi 1 12 tháng,3.990.000 ₫,4.690.000 ₫,"6.67"" - Tần số quét 120 Hz","MediaTek Helio G81-Ultra 8 nhân, 2 nhân 2.0 GHz & 6 nhân 1.7 GHz",128 GB,50 MP,"5600 mAh, Li-Po, 45 W","Hồng, Xanh Dương",,,,Realme,New,Android 15,6 GB,5 MP,,,"MicroSD, hỗ trợ tối đa 2 TB",,,,,,,,,,,,,,,,,,,
Realme C71 4GB 128GB - 1 Đổi 1 12 Tháng,3.390.000 ₫,3.990.000 ₫,"6.67 inches, 120Hz",UNISOC T7250,128GB,50 MP,6300 mAh,"Forest Owl, White Swan",HD+ (1604 × 720),2 Nano SIM,45W,realme,New,Android 15,4GB/ 6GB/ 8GB,,"2G/ 3G/ 4G, Có hỗ trợ kết nối NFC",,1 khe cắm thẻ nhớ SD,,,,,,,,,,,,,,,,,,,
Realme C61 (4G) - 1 Đổi 1 12 Tháng,2.690.000 ₫,3.590.000 ₫,6.745inch,UNISOC T612,64GB / 128GB,50MP,5000mAh,"Green, Gold",HD+ 720*1600,,15W,Realme,New,Android,4GB,5MP,,,,,,,,,,,,,,,,,,,,,,
iPhone 16 Pro Max 512GB Chính Hãng VN/A,35.950.000 ₫,Liên hệ,"6,9 inch",Apple A18 Pro,512GB,48MP - 12MP - 12MP,,"Black Titanium, White Titanium, Natural Titanium, Desert Titanium",,,,Apple,New,iOS,,,,,,,,,,,,,,,,,,,,,,,,
Realme Note 60X 3GB 64GB - 1 Đổi 1 12 Tháng,1.990.000 ₫,2.990.000 ₫,"LCD, 6.74 inches, 90 Hz",Unisoc T612,64GB,8 MP,5000 mAh,"Wilderness Green (Xanh Hoang Dã), Marble Black (Đen Cẩm Thạch)",1600x720 (HD+),,10W,realme,New,,3GB,5 MP,,,,,,,,,,,,,,,,,,,,,,
Samsung Galaxy Z Fold5 12GB 512GB - 1 Đổi 1 12 Tháng,24.990.000 ₫,44.990.000 ₫,7.6 inches,Snapdragon 8 Gen 2 for Galaxy,512GB,50MP - 12MP - 12MP,4400mAh,"Blue,Black,Cream",1812 x 2176 pixels,,Sạc nhanh 25W,Samsung,new,"Android 13, One UI 5.1",12 GB,10MP (bên ngoài) + 4MP (dưới màn hình),,,,,,,,,,,,,,,,,,6.2inchs,,,,
Nokia C30 3Gb 32Gb – Sản phẩm chính hãng,1.690.000 ₫,3.290.000 ₫,6.82 inches,SC9863A 8 nhân 1.6GHz,32 GB,13MP AF + 2MP FF Cảm biến độ sâu,6000 mAh,"Blue,Green",,2 SIM (Nano-SIM),,,,Android 11 (phiên bản Go) | 2 năm cập nhật bảo mật hàng quý,3 GB,5 MP,,IPS LCD,,,,,,NEW,,,NOKIA,,,,,,,,,,,
Mobell M139 (4G) Chính Hãng,500.000 ₫,Liên hệ,TFF 1.77inch,Unisoc T107,128MB,,1000mAh,"Blạck, Blue, Red",160 x 128pixel,1 Nano SIM,2.75W,Mobell,New,,,,4G,,,,,,,,,,,,,,,,,,,,,
Xiaomi Redmi A3 - 1 Đổi 1 12 Tháng,1.890.000 ₫,2.990.000 ₫,"6.71inch, IPS LCD, 90Hz, 500 nits",Mediatek Helio G36 (12 nm),64GB,8MP - 0.08MP,5000mAh,"Black, Blue, Green",720 x 1650 pixels,2 Sim,10W,Xiaomi,New,"Android 14, MIUI",3GB,5MP,,,,,,,,,,,,,,,,,,,,,,
iPhone 16e 256GB Chính Hãng VN/A,18.490.000 ₫,Liên hệ,6.1 inches,Apple A18,256GB,48MP,Thời gian xem video Lên đến 26 giờ - thời gian xem video (trực tuyến) Lên đến 21 giờ,"Black, White",2532 x 1170 pixels,,,A,New,iOS,,12MP,,,,,,,,,,,,,,,,,,,,,,
Xiaomi 15 Ultra (5G) 16GB 512GB - 1 Đổi 1 12 Tháng,26.990.000 ₫,31.990.000 ₫,"LTPO AMOLED, 6.73 inches, 120Hz",Snapdragon 8 Elite (3 nm),512GB,50 MP - 50 MP - 200 MP - 50 MP,5410mAh,"Black, White, Silver Chrome, Green",3200 x 1440 pixels,Sim kép (2 Nano Sim hoặc 1 Nano-Sim và 1 e-Sim hoặc 2 e-Sim),90W,Xiaomi,New,"Android 15, HyperOS 2",16GB,32,"2G/ 3G/ 4G/5G, Có hỗ trợ kết nối NFC",,,Adreno 830,,,,,,,,,,,,,,,,,,
Masstel izi 16 4G Chính Hãng,450.000 ₫,Liên hệ,"QQVGA, 1.77 inches",UMS9117,128MB,,"Li-ion, 1000 mAh","Black, Blue",128*160pixels,2 nano SIM,,Masstel,New,,48MB,,4G,,MicroSD Tối đa 32GB,,,,,,,,,,,,,,,,,,,
Vivo IQOO 13 (5G) 12GB 256GB Box - Bảo hành 15 tháng,13.590.000 ₫,15.950.000 ₫,"LTPO AMOLED, 6.82 inches, 144Hz",Snapdragon 8 Elite (3 nm),256GB,50 MP - 50 MP - 50 MP,Si/C Li-Ion 6150 mAh,"Alpha (Black), Nardo Gray (Silver), White (BMW M branding), Green",1440 x 3168 pixels,2 Nano SIM,120W,Vivo,New,Android 15,12GB,32 MP,,,,,,,,,,,,,,,,,,,,,,
Samsung Galaxy S24 (5G) 8GB 256GB - 1 Đổi 1 12 Tháng,15.590.000 ₫,22.990.000 ₫,6.2 inches,Exynos 2400,256GB,50MP - 10MP - 12MP,4000 mAh,"Black, Purple, Gray, Yellow",1080 x 2340 pixels,,25W,Samsung,New,"Android 14, One UI 6.1",8GB,12MP,,,,,,,,,,,,,,,,,,,,,,
iPhone 16e 512GB Chính Hãng VN/A,25.190.000 ₫,Liên hệ,6.1 inches,Apple A18,512GB,48MP,Thời gian xem video Lên đến 26 giờ - thời gian xem video (trực tuyến) Lên đến 21 giờ,"Black, White",2532 x 1170 pixels,,,A,New,iOS,,12MP,,,,,,,,,,,,,,,,,,,,,,
Realme C60 4GB 64GB - 1 Đổi 1 12 Tháng,2.390.000 ₫,2.990.000 ₫,"6,74 inches",Unisoc T612,64GB,13MP,5000mAh,"Black, Blue",HD+,,,Realme,New,Android 13,4GB,5MP,,,,,,,,,,,,,,,,,,,,,,
Realme 12 (4G) 8GB 256GB - 1 Đổi 12 Tháng,4.490.000 ₫,7.990.000 ₫,"AMOLED, 6.67 inches, 120Hz, 600 nits",Snapdragon 685 (6 nm),256GB,50 MP - 2 MP,5000 mAh,"Skyline Silver, Pioneer Green",1080 x 2400 pixels,,67W,realme,New,"Android 14, Realme UI 5.0",8GB,16 MP,,,,,,,,,,,,,,,,,,,,,,
Samsung Galaxy A05S (4G) 4GB 128GB - 1 Đổi 1 12 Tháng,2.690.000 ₫,3.990.000 ₫,6.7 inches,Snapdragon 680 4G,128GB,50MP - 2MP - 2MP,5000mAh,"Black, Green, Silver",1080 x 2400 pixels,,25W,Samsung,New,Android 13,4GB,13MP,,,,,,,,,,,,,,,,,,,,,,
Samsung Galaxy S25 Edge (5G) 12GB 256GB - 1 Đổi 1 12 Tháng,26.990.000 ₫,29.990.000 ₫,"OLED, 6.7 inches, 120Hz",Snapdragon 8 Elite (3 nm),256GB,200 MP - 12 MP,3900 mAh,"Titanium Icyblue, Titanium Silver, Titanium Jetblack",1440 x 3120 pixels,eSIM,25W,samsung,New,"Android 15, One UI 7",12GB,12 MP,,,,,,,,,,,,,,,,,,,,,,
Xiaomi Redmi 13 (4G) 6GB 128GB - 1 Đổi 1 12 Tháng,3.090.000 ₫,4.990.000 ₫,"IPS LCD, 6.79 inches",Mediatek Helio G91 Ultra,128GB,108 MP - 2 MP,5030 mAh,"Black, Blue, Pink, Yellow",1080 x 2400 pixels,,33W,Xiaomi,New,"Android 14, HyperOS",6GB,13 MP,,,,,,,,,,,,,,,,,,,,,,
iPhone SE 3 2022 256GB,Liên hệ,Liên hệ,4.7 inches,Apple A15 Bionic,256 GB,12 MP,,,1334 x 750 pixels (HD+),1 Nano SIM & 1 eSIM,,,,IOS 15,,7 MP,,,,,,,Apple,,,New,,,,6-core CPU,138.4 x 67.3 x 7.3 mm,,,,,,,
Nokia C32 4GB 128GB Chính Hãng,1.790.000 ₫,3.290.000 ₫,"6.5""",Unisoc SC9863A,128GB,50.0 MP + 2.0 MP,5000mAh,"Green,Black,Pink Gold",720 x 1600 pixels,,10w,Nokia,new,,4GB,8MP,,,,,,,,,,,,,,,,,,,,,,
iPhone 12 64GB Chính hãng VN/A - Tặng BH rơi vỡ vào nước,9.350.000 ₫,14.990.000 ₫,6.1 inch,Apple A14 Bionic (5nm),64 GB,Dual 12 MP,Li-Ion 2815 mAh,"Blue,Green,Red,White,Black,Purple",1170 x 2532 pixels,1 nano SIM + 1 eSIM,,,new,iOS 14,4 GB,12 MP,,,,,,,Apple,,,,,,,,,,,,,,,
TECNO POVA 6 NEO (8+8/128GB) - 1 Đổi 1 12 Tháng,3.690.000 ₫,4.590.000 ₫,IPS LCD 6.78 inches,Mediatek Helio G99 Ultimate (6 nm),128GB,50 MP,7000 mAh,"Silver, Black, Green",1080 x 2460 pixels,,33W,TECNO,New,"Android 14, HIOS 14",8GB,8 MP,,,,,,,,,,,,,,,,,,,,,,
Vivo IQOO Z10 Turbo (5G) 12GB 256GB Box - Bảo hành 15 Tháng,6.890.000 ₫,8.190.000 ₫,"AMOLED, 6.78 inches, 144Hz",Mediatek Dimensity 8400 (4 nm),256GB,50 MP - 2 MP,Si/C Li-Ion 7620 mAh,"White, Black, Orange, Gold",1260 x 2800 pixels,2 Nano SIM,90W,Vivo,New,"Android 15, OriginOS 5",12GB,16 MP,,,,,,,,,,,,,,,,,,,,,,
Realme 14 (5G)  8GB 256GB - 1 Đổi 1 12 Tháng,8.390.000 ₫,9.490.000 ₫,"AMOLED, 6.67 inches, 120Hz",Snapdragon® 6 Gen 4 5G,256GB,50 MP - 2 MP,6000mAh,"Mecha Silver, Storm Titanium, and Pink Warrior",1080*2400 pixels (FHD+),,45W,realme,New,"Android 15, Realme UI 6.0",8GB,16 MP,,,,,,,,,,,,,,,,,,,,NFC,"Màn hình nốt ruồi, kháng nước IP69",
Xiaomi Redmi Note 12 Pro 8GB 256GB - 1 Đổi 1 12 Tháng,4.990.000 ₫,7.990.000 ₫,6.67 inches,Qualcomm SM7150 Snapdragon 732G (8 nm),256 GB,108MP - 2MP - 2MP - 2MP,5000 mAh,"Gray,Blue,Cloud Blue",1080 x 2400 pixels,,67W,Xiaomi,new,MIUI 13 dựa trên Android 11,8Gb,16 MP,,,,,,,,,,,,,,,,,,,,,,
ZTE Nubia V60 Design (6+10GB/ 256GB) - 1 Đổi 1 12 Tháng,2.490.000 ₫,3.290.000 ₫,"6.6-inch HD+, 90Hz",Unisoc T606,256GB,50 MP - 2 MP,5000 mAh,"Violet, Blue, Gold",HD+,,22.5W,ZTE,New,Android T,16GB,8 MP,,,,,,,,,,,,,,,,,,,,,,
INOI A75 8GB 512GB - 1 Đổi 1 12 Tháng,4.590.000 ₫,4.990.000 ₫,6.8 inches,MediaTek Helio G99,512GB,50 MP - 2 MP,5000 mAh,"Pearl White, Titanium Black",FHD+,,33W,INOI,New,,8GB,24 MP,,,,,,,,,,,,,,,,,,,,NFC,,
Nokia 105 4G Pro (2023) Chính Hãng,899.000 ₫,780.000 ₫,1.8 inchs,Unisoc T107,,,1450mAh,"Blue,Black",,"2 Nano SIM, Hỗ trợ 4G",,Nokia,new,,,,,,,,,,,,,,,,,,,,,,,,,
MOBELL M539 (4G) Chính Hãng,700.000 ₫,Liên hệ,TFT CTC 2.8inch,Unisoc T107,64MB,8 MP,Li-Ion 2000mAh,"Gold, Black, Red",320 x 240pixel,2 Sim,2.75W,Mobell,New,,,,,,,,,,,,,,,126g,,,,,,,,,,
iPhone 16 Pro 128GB Chính Hãng VN/A,24.450.000 ₫,Liên hệ,"6,3 inch",Apple A18 Pro,128GB,48MP - 12MP - 12MP,,"Black Titanium, White Titanium, Natural Titanium, Desert Titanium",,,,Apple,New,iOS,,,,,,,,,,,,,,,,,,,,,,,,
Vivo Y19s 8GB 128GB - 1 Đổi 1 12 Tháng,4.720.000 ₫,4.790.000 ₫,"IPS LCD, 6.68 inches",Unisoc Tiger T612,128GB,50 MP - 0.08  MP,Li-Ion 5500 mAh,"Silver, Blue, Black",HD+ (720 x 1608 Pixels),,15W,Vivo,New,Android 14,8GB,5 MP,,,,,,,,,,,,,,,,,,,,,,
Samsung Galaxy Z Fold7 5G 12GB 512GB - 1 đổi 1 12 tháng,50.990.000 ₫,Liên hệ,Dynamic AMOLED 2X,Snapdragon 8 Elite dành cho Galaxy,512GB,200 MP + 12 MP + 10 MP,4400 mAh,"Blue Shadow, Silver Shadow, Jetblack",FHD+ (2520 x 1080pixels),2 Sim (2 Nano Sim hoặc 1 Nano-Sim và 1 e-Sim),,samsung,New,"Android 16, One UI 8",12GB,10 MP,Hỗ trợ 5G,Dynamic AMOLED 2X,,,,,,,,,,,,,,,,,,,,
iPhone SE 3 2022 128GB,Liên hệ,Liên hệ,4.7 inches,Apple A15 Bionic,128GB,12 MP,,,1334 x 750 pixels (HD+),1 Nano SIM & 1 eSIM,,,,IOS 15,,7 MP,,,,,,,Apple,,,New,,,,6-core CPU,138.4 x 67.3 x 7.3 mm,,,,,,,
Vivo V50 Lite (5G) 12GB 256GB - 1 Đổi 1 12 Tháng,9.590.000 ₫,10.990.000 ₫,"AMOLED, 6.77inches, 1800 nits",MediaTek Dimensity 6300,256GB,50 MP - 8 MP,Li-ion 6500mAh,"Phantom Black, Titanium Gold, Fantasy Purple, Silk Green",2392 × 1080 pixels,2 nano SIM,90W,Vivo,New,"Android 15, Funtouch OS 15",8GB/ 12GB,32 MP,,,,,,,,,,,,,,,,,,,,,,
Xiaomi Redmi Note 13 8GB 128GB - 1 Đổi 1 12 Tháng,3.990.000 ₫,5.290.000 ₫,"6,67 inches",Qualcomm Snapdragon 685,128GB,108MP - 8MP - 2MP,5000 mAh,33W,1080 x 2400 pixels,,,Xiaomi,New,Android,8GB,16MP,,,,,,,,,,,,,,,,,,,,,,
iPhone 15 Plus 256GB VN/A - Tặng BH rơi vỡ vào nước,22.090.000 ₫,Liên hệ,,,,,,,,,,,,,,,,,,,,,,,,,,,,,,,,,,,,
Nubia Red Magic 8 Pro Plus 12GB 256GB Box (Snapdragon 8 Gen 2),Liên hệ,Liên hệ,6.8 inches,Qualcomm Snapdragon 8+ Gen 2 (4 nm),256GB,50MP - 8MP - 2MP,5000mAh,"Black, Tranfer",1116 x 2480 pixels,,156W,ZTE Nubia,New,"Android 13, Redmagic OS 8",12GB,16MP,,,,,,,,,,,,,,,,,,,,,,
Samsung Galaxy A13 (4G) 4GB 128GB chính hãng,Liên hệ,Liên hệ,6.6 inches,Exynos 850,128 GB,50MP + 5MP + 2MP + 2MP,Li-Po 5000 mAh,"Black,Blue,Orange,White",,Nano-SIM,,,,Android 12,4 GB,8MP,,,,,,,Samsung,New,,,,,,,,,,,,,,
TECNO Camon 30 (12+12GB/256GB) - 1 Đổi 1 12 Tháng,5.090.000 ₫,6.870.000 ₫,"AMOLED 6,78 inch",Mediatek Helio G99 Ultimate,256GB,50 MP - 2 MP,5000 mAh,"Black, White, Brown",1080 x 2436 pixels,,70W,Tecno,New,"Android 14, HIOS 14",8GB,50 MP,,,,,,,,,,,,,,,,,,,,,,
Samsung Galaxy S24 (5G) 8GB 512GB - 1 Đổi 1 12 Tháng,16.590.000 ₫,26.490.000 ₫,,,,,,,,,,,,,,,,,,,,,,,,,,,,,,,,,,,,
iPhone 15 Pro Max 512GB VN/A - Tặng BH rơi vỡ vào nước,30.990.000 ₫,45.990.000 ₫,,,,,,,,,,,,,,,,,,,,,,,,,,,,,,,,,,,,
Vivo X200 Ultra (5G) 12GB 256GB Box - Bảo hành 15 tháng,24.790.000 ₫,Liên hệ,"LTPO AMOLED, 6.82 inches, 120Hz",Snapdragon 8 Elite (3 nm),256GB/ 512GB/ 1TB,50 MP - 200 MP - 50 MP,Si/C Li-Ion 6000 mAh,"Black, Silver, Red",1440 x 3168 pixels,Nano-SIM + Nano-SIM,90W,Vivo,New,"Android 15, OriginOS 5",12GB/ 16GB,50 MP,,,,,,,,,,,,,,,,,,,,,,
Xiaomi Redmi A5 (4G) 4GB 128GB - 1 Đổi 1 12 Tháng,2.890.000 ₫,3.290.000 ₫,"IPS LCD, 6.88 inches, 120Hz",Unisoc T7250 (12 nm),128GB,32 MP,5200 mAh,"Ocean Blue, Lake Green, Sandy Gold, Midnight Black",720 x 1640 pixels,2 Nano SIM,15W,Xiaomi,New,"Android 15, HyperOS",4GB,8 MP,,,,,,,,,,,,,,,,,,,,,,
Vivo IQOO Z9 Turbo 2025 (5G) Box - Bảo hành 15 Tháng,6.490.000 ₫,9.290.000 ₫,"AMOLED, 6.78 inches, 144Hz",Snapdragon 8s Gen 3 (4 nm),256GB,50 MP - 8 MP,Si/C Li-Ion 6400 mAh,"Black, White, Blue",1260 x 2800 pixels,2 SIM Nano,80W,Vivo,New,"Android 15, OriginOS 5",12GB,16 MP,"HSPA, LTE, 5G",,,,,,,,,,,,,,,,,,,,,
Infinix HOT 40i (8+8GB/256GB) - 1 Đổi 1 12 Tháng,2.390.000 ₫,3.190.000 ₫,"IPS LCD, 6.56 inches,  90Hz",UNISOC T606,128GB/ 256GB,50 MP - AI CAM,Li-po 5000 mAh,"Đen Ngân Hà, Xanh Hải Vương, Vàng Kim Tính, Xanh Mộc Tinh",720 x 1612 (HD+),2 SIM (Nano-SIM),18W,,,Android 13,8GB,32 MP,,,,,,,,,,,,,,,,,,,,,,
Samsung Galaxy Z Fold6 (5G) 12GB 256GB - 1 Đổi 1 12 Tháng,33.490.000 ₫,43.990.000 ₫,"Màn ngoài: 6,3 inch - Màn trong: 7,6 inch",Snapdragon 8 Gen 3 (4 nm),256GB,50MP - 10MP - 12MP,4400 mAh,"Navy, Silver Shadow, Pink",1856 x 2160 pixels,,45W,Samsung,New,"Android 14, One UI 6.1",12GB,10MP,,,,,,,,,,,,,,,,,,,,,,
Samsung Galaxy A33 (5G) 6GB 128GB Chính hãng,4.490.000 ₫,8.490.000 ₫,6.4 inches,2 nhân 2.4 GHz & 6 nhân 2 GHz,128 GB,"Camera chính: 48 MP, F1.8 Camera góc siêu rộng: 8 MP, F2.2 Camera macro: 5 MP, F2.4 Camera chân dung: 2.0 MP, F2.4",5000 mAh,"Black,Blue,Orange,White","Super AMOLED, 6.4"", Full HD+",2 SIM (Nano-SIM),Sạc nhanh 25W,,new,Android 12,6GB,"13 MP, f/2.2",,,,,,Cáp Type C,Samsung,,,,,,,,,,,,,,,
Samsung Galaxy S25 Plus (5G) 12GB 256GB - 1 đổi 1 12 tháng,20.990.000 ₫,26.990.000 ₫,6.7 inches,Snapdragon 8 Elite For Galaxy (3nm),256GB,50MP - 10MP - 12MP,4900 mAh,"Ice Blue, Navy, Silver Shadow, Mint",3120 x 1440 pixels (Quad HD+),,45W,Samsung,New,Android,12GB,12MP,,,,,,,,,,,,,,,,,,,,,,
Samsung Galaxy A35 (5G) 8GB 128GB - 1 Đổi 1 12 Tháng,5.890.000 ₫,8.290.000 ₫,6.6 inches,Exynos 1380 (5 nm),128GB,50MP - 8MP - 5MP,5000 mAh,"Black, Blue, Gold",1080 x 2340 pixels,2 sim,25W,Samsung,New,"Android 14, One UI 6.1",8GB,13MP,,,,,,,,,,,,,,,,,,,,,,
Xiaomi Redmi Note 14 - 1 Đổi 1 12 Tháng,4.190.000 ₫,4.990.000 ₫,"AMOLED, 6.67 inches, 120Hz",MediaTek MT8781 Helio G99 Ultra,128GB,108 MP - 2 MP - 2 MP,Li - Po 5500 mAh,"Green, Purple",Full HD+ (1080 x 2400 pixels),,33W,Xiaomi,New,"Android 14, HyperOS",6GB,20 MP,,,,,,,,,,,,,,,,,,,,,,
Samsung Galaxy Z Flip5 8GB 256GB - 1 Đổi 1 12 Tháng,14.990.000 ₫,25.990.000 ₫,6.7 inches,Snapdragon 8 Gen 2 for Galaxy,256 GB,12MP - 12MP,3700 mAh,"Ocean Green,Lavender,Graphite Black,Cream",1080 x 2640 pixels,,Sạc nhanh 25W,Samsung,new,"Android 13, One UI 5.1",8Gb,10 MP,,,,,,,,,,,,,,,,,,,,,,"3,4 inchs"
Oppo A78 (4G) 8GB 256GB - 1 Đổi 1 12 Tháng,5.990.000 ₫,6.990.000 ₫,AMOLED 6.43 inches,Snapdragon 680 4G (6nm),256GB,50 MP - 2 MP,Li-Po 5000 mAh,"Black, Blue",1080 x 2400 pixel,,67W,oppo,New,"Android 13, ColorOS 13.1",8GB,8 MP,,,,,,,,,,,,,,,,,,,,,,
TECNO Pova 5 (8+8GB/256GB) - 1 Đổi 1 12 Tháng,3.590.000 ₫,5.990.000 ₫,6.78 inchs,MediaTek Helio G99 (6nm),256 GB,50MP,6000 mAh,"Gold,Blue,Black",1080 x 2460 pixels,,Sạc nhanh 45W,Tecno,new,"Android 13, HIOS 13",8Gb,8MP,,,,,,,,,,,,,,,,,,,,,,
Xiaomi Redmi Note 14 Pro Plus (5G) 8GB 256GB- 1 Đổi 1 12 Tháng,8.990.000 ₫,10.990.000 ₫,"AMOLED, 6.67 inches, 120 Hz",Snapdragon 7s Gen 3 5G 8 nhân,256GB,200 MP - 8 MP - 2 MP,Li-Po 5110 mAh,"Black, Blue, Purple",1.5K (1220 x 2712 Pixels),2 Nano SIM,120W,Xiaomi,New,,8GB,20 MP,,,,,,,,,,,,,,,,,,,,,,
Vivo Y28 (4G) - 1 Đổi 1 12 Tháng,5.590.000 ₫,6.490.000 ₫,"IPS LCD, 6.68 inches, 90 Hz",MediaTek Helio G85,128GB/ 256GB,50 MP - 2 MP,Li-Ion 6000 mAh,"Orange, Green",HD+ (720 x 1608 Pixels),2 Nano SIM,44W,Vivo,New,Android 14,8GB,8 MP,Hỗ trợ 4G,,"MicroSD, hỗ trợ tối đa 1 TB",,,,,,,,,,,,,,,,,,,
Samsung Galaxy Z Fold6 (5G) 12GB 1TB - 1 Đổi 1 12 Tháng,43.990.000 ₫,54.990.000 ₫,"Màn ngoài: 6,3 inch - Màn trong: 7,6 inch",Snapdragon 8 Gen 3 (4 nm),1TB,50MP - 10MP - 12MP,4400 mAh,"Navy, Silver Shadow, Pink",1856 x 2160 pixels,,45W,Samsung,New,"Android 14, One UI 6.1",12GB,10MP,,,,,,,,,,,,,,,,,,,,,,
TECNO Spark 30C (4+4GB/128GB) - 1 Đổi 1 12 Tháng,2.290.000 ₫,2.890.000 ₫,6.67 inches,Helio G81,128GB/ 256GB,48 MP,5000mAh,"Orbit Black, Orbit White, Magic Skin 3.0",720 x 1600 pixels,,18W,TECNO,New,Android 14,8GB/12GB,8 MP,,,,,,,,,,,,,,,,,,,,,"Màn hình nốt ruồi, kháng nước IP54, Hồng ngoại điều khiển, Loa kép DTS",
Samsung Galaxy Z Flip5 8GB 512GB - 1 Đổi 1 12 Tháng,14.990.000 ₫,29.990.000 ₫,6.7 inches,Snapdragon 8 Gen 2 for Galaxy,512 GB,12MP - 12MP,3700 mAh,"Cream,Ocean Green,Lavender,Graphite Black",1080 x 2640 pixels,,Sạc nhanh 25W,Samsung,new,"Android 13, One UI 5.1",8Gb,10 MP,,,,,,,,,,,,,,,,,,,,,,"3,4 inchs"
Nokia 110 DS 4G – Sản phẩm chính hãng,639.000 ₫,810.000 ₫,,Unisoc T107,128 MB,0.08 MP,1020 mAh,"Gold,Black,Blue",,"2, Nano SIM",,,,Nokia S30+,48 MB,,,,,,,,,NEW,,,NOKIA,,,,,"1.8"", QQVGA, QVGA",,,,,,
Xiaomi Redmi 13C 4GB 128GB - 1 Đổi 1 12 Tháng,2.390.000 ₫,3.590.000 ₫,6.74 inches,Mediatek MT6769Z Helio G85 (12nm),128GB,50MP - 2MP - 0.08MP,5000mAh,"Black, Blue, Green",720 x 1600 pixels,,18W,Xiaomi,New,"Android 13, MIUI 14",4GB,13MP,,,,,,,,,,,,,,,,,,,,,,
Nokia 220 4G (2024) Chính Hãng,979.000 ₫,Liên hệ,TFT LCD 2.8 inches,Unisoc T107 (22 nm),128MB,,1450 mAh,"Black, Orange",QVGA 320 x 240 Pixels,2 Nano SIM,,Nokia,New,S30+,64MB,,4G,,,,,,,,,,,,,,,,,,,,,
iPhone 16 Pro 512GB Chính Hãng VN/A,34.490.000 ₫,Liên hệ,"6,3 inch",Apple A18 Pro,512GB,48MP - 12MP - 12MP,,"Black Titanium, White Titanium, Natural Titanium, Desert Titanium",,,,Apple,New,iOS,,,,,,,,,,,,,,,,,,,,,,,,
iPhone 14 Plus 128GB VNA - Tặng BH rơi vỡ vào nước,17.490.000 ₫,28.990.000 ₫,6.7 inches,Apple A15 Bionic,128GB,Camera chính 12MP Camera góc siêu rộng 12MP,,"Purple,Starlight,Aura Red,Aura Blue,Black,Yellow",,,,Apple,new,iOS 16,6 GB,12MP khẩu độ f/1.9,,,,,,,,,,,,,,,,,,,,,,
ZTE Nubia Red Magic 9 Pro 12GB 256GB Box,15.490.000 ₫,19.990.000 ₫,6.8 inches,Snapdragon 8 Gen 3 (4 nm),256GB,50MP - 50MP - 2MP,6500 mAh,"Black, Silver, Transparent",1116 x 2480 pixels,,,ZTE Nubia,New,"Android 14, Redmagic OS 9",12GB,16MP,,,,,,,,,,,,,,,,,,,,,,
Vivo V30e 12GB 256GB - 1 Đổi 1 12 Tháng,8.790.000 ₫,10.490.000 ₫,"AMOLED  6.78 inches, 120Hz",Snapdragon 6 Gen1,256GB,50 MP - 8 MP,5500 mAh (TYP),"Velvet Red (Coco Brown), Silk Blue, Sky Mirror",1080 x 2400 pixels,,44W,Vivo,New,"Android 14, Funtouch OS 14",12GB,32 MP,,,,,,,,,,,,,,,,,,,,,,
Samsung Galaxy A33 (5G) 8GB 128GB Chính hãng,4.990.000 ₫,8.490.000 ₫,6.4 inches,2 nhân 2.4 GHz & 6 nhân 2 GHz,128 GB,"Camera chính: 48 MP, F1.8 Camera góc siêu rộng: 8 MP, F2.2 Camera macro: 5 MP, F2.4 Camera chân dung: 2.0 MP, F2.4",5000 mAh,"Black,Blue,Orange,White","Super AMOLED, 6.4"", Full HD+",2 SIM (Nano-SIM),Sạc nhanh 25W,,new,Android 12,8 GB,"13 MP, f/2.2",,,,,,Cáp Type C,,,,,,,,,,,,,,,,
Honor X5b 4GB 64GB - 1 Đổi 1 12 Tháng,2.050.000 ₫,2.190.000 ₫,"TFT LCD, 6.56 inches, 90Hz",Mediatek Helio G36 (12 nm),64GB,13 MP,Li-Po 5200 mAh,"Ocean Blue, Starry Purple, Midnight Black",720 x 1612 pixels (HD+),"2 Nano SIM, Hỗ trợ 4G",10W,Honor,New,"Android 14, Magic OS 8",4,5 MP,,,,,,,,,,,,,,,,,,,,,,
Masstel izi 30 4G Chính Hãng,600.000 ₫,829.000 ₫,"QVGA, 2.4 inches",T107 (UMS9117),128MB,,"Li-ion, 1800mAh","Black, Blue",240*320pixels,2 nano SIM,,Masstel,New,,48MB,,4G,,Hỗ trợ thẻ nhớ tối đa: 32GB,,,,,,,,,,,,,,,,,,,
Điện thoại di động Itel it9310 4G Chính Hãng,639.000 ₫,Liên hệ,3.0 inches,,128MB,,2000mAh,"Gold, Black",,1 SIM thường,,,,,64MB,,4G,,,,,,,,,,,,,,137.5*58*12.5mm,,,,,,,
Vivo IQOO Z9 (Snap 7 Gen 3) Box - Bảo hành 15 Tháng,4.590.000 ₫,7.890.000 ₫,,,,,,,,,,,,,,,,,,,,,,,,,,,,,,,,,,,,
Realme C55 (4G) 6GB 128GB - 1 Đổi 1 12 Tháng,3.290.000 ₫,4.990.000 ₫,6.72 inchs,Mediatek Helio G88 (12nm),128GB,64MP - 2MP,,"Gold,Black",1080 x 2400 pixels,,,Realme,new,"Android 13, Realme UI 4.0",6 GB,8MP,,,,,,,,,,,,,,,,,,,,,,
Vivo Y100 8GB 256GB - 1 Đổi 1 12 Tháng,5.790.000 ₫,7.690.000 ₫,"AMOLED, 6.67 inches , 120Hz",Snapdragon 685,256GB,50 MP - 2 MP,Li-Ion 5000 mAh,"Mint, Black",Full HD+ (1080 x 2400 Pixels),,80 W,Vivo,New,Android 14,8GB,8 MP,,,,,,,,,,,,,,,,,,,,,,
Nubia Red Magic 8 Pro 8GB 256GB Box,Liên hệ,Liên hệ,6.8 inches,Chipset	Qualcomm SM8550-AB,256GB,50MP - 8MP - 2MP,80W,Black,Gray,,80W,Nubia,New,"Android 13, Redmagic OS 6",8GB,16MP,,,Li-Po 6000 mAh,,,,,,,,,,,,,,,,,,,
Oppo Reno12 (5G) - 1 Đổi 1 12 Tháng,9.590.000 ₫,12.990.000 ₫,"AMOLED, 6.7 inches, 120Hz, HDR10+",Mediatek Dimensity 7300 Energy (4 nm),256GB,50 MP - 8 MP - 2 MP,5000 mAh,"Brown, Silver, Pink",1080 x 2412 pixels,,80W,oppo,New,"Android 14, ColorOS 14.1",12GB,32 MP,,,,,,,,,,,,,,,,,,,,,,
Nokia G11 Plus 3GB 64GB Chính hãng,1.790.000 ₫,3.590.000 ₫,6.52 inches,Unisoc T606,64GB,"AI 50MP AF, f/1.8+ 2MP, cảm biến độ sâu trường ảnh",5000mAh3 pin liền,"Xanh Dương,Xám",,Nano-SIM,,,,Android™ 12,3 GB,"8 MP, f/2.0",,,,,,,,,,,,,,,,,,,,,,
