Diện tích,Phòng ngủ,WC,Giá gốc,Loại,Ngày đăng
200 m²,,,35500000000,Nhà mặt tiền,2025-06-27
42 m²,6 PN,4 WC,5950000000,"Nhà hẻm, ngõ",2025-06-27
"61,1 m²",,,3590000000,Đất thổ cư,2025-06-27
1.710 m²,,,98000000000,Nhà mặt tiền,2025-06-27
68 m²,,,23950000000,"Nhà hẻm, ngõ",2025-06-27
70 m²,4 PN,3 WC,8299000000,"Nhà hẻm, ngõ",2025-06-27
144 m²,31 PN,32 WC,22000000000,"Nhà hẻm, ngõ",2025-06-27
117 m²,5 PN,6 WC,26000000000,"Nhà hẻm, ngõ",2025-06-27
100 m²,5 PN,7 WC,9500000000,"Nhà hẻm, ngõ",2025-06-27
55 m²,3 PN,3 WC,7900000000,Nhà mặt tiền,2025-06-27
73 m²,2 PN,1 WC,4900000000,Chung cư,2025-06-27
100 m²,,,12600000000,"Biệt thự, Villa",2025-06-27
100 m²,4 PN,5 WC,17500000000,Nhà mặt tiền,2025-06-27
60 m²,3 PN,3 WC,890000000,Nhà mặt tiền,2025-06-27
63 m²,5 PN,4 WC,20400000000,Nhà mặt tiền,2025-06-27
13 m²,2 PN,2 WC,3950000000,"Nhà hẻm, ngõ",2025-06-27
95 m²,3 PN,2 WC,8500000000,"Nhà hẻm, ngõ",2025-06-27
"43,4 m²",1 PN,1 WC,3450000000,Chung cư,2025-06-27
119 m²,4 PN,3 WC,23000000000,Nhà mặt tiền,2025-06-27
120 m²,,,16800000000,Đất thổ cư,2025-06-27
60 m²,,,4320000000,Đất thổ cư,2025-06-27
67 m²,,,2900000000,Chung cư,2025-06-27
44 m²,6 PN,4 WC,6050000000,Nhà mặt tiền,2025-06-27
52 m²,4 PN,5 WC,18300000000,"Nhà hẻm, ngõ",2025-06-27
40 m²,9 PN,10 WC,10789000000,"Nhà hẻm, ngõ",2025-06-27
1.600 m²,,,1500000000,Đất thổ cư,2025-06-27
120 m²,3 PN,2 WC,630000000,Nhà mặt tiền,2025-06-27
80 m²,,,29600000000,Nhà mặt tiền,2025-06-27
"35,2 m²",,,7250000000,"Nhà hẻm, ngõ",2025-06-27
"67,5 m²",20 PN,21 WC,30000000000,"Nhà hẻm, ngõ",2025-06-27
69 m²,6 PN,6 WC,22900000000,Nhà mặt tiền,2025-06-27
"18,5 m²",2 PN,2 WC,1980000000,"Nhà hẻm, ngõ",2025-06-27
84 m²,5 PN,3 WC,8700000000,Nhà mặt tiền,2025-06-27
60 m²,,,39500000000,Nhà mặt tiền,2025-06-27
28 m²,,,16700000000,Nhà mặt tiền,2025-06-27
"85,4 m²",3 PN,2 WC,720000000,Nhà mặt tiền,2025-06-27
180 m²,,,40000000000,"Biệt thự, Villa",2025-06-27
52 m²,5 PN,4 WC,18500000000,"Nhà hẻm, ngõ",2025-06-27
32 m²,1 PN,1 WC,5700000000,Nhà mặt tiền,2025-06-27
39 m²,4 PN,4 WC,2250000000,"Nhà hẻm, ngõ",2025-06-27
56 m²,4 PN,4 WC,6800000000,"Nhà hẻm, ngõ",2025-06-27
80 m²,7 WC,,65000000000,Nhà mặt tiền,2025-06-27
"42,1 m²",,,29000000000,"Nhà hẻm, ngõ",2025-06-27
"45,5 m²",2 PN,1 WC,1250000000,Chung cư,2025-06-27
80 m²,3 PN,3 WC,1050000000,Nhà mặt tiền,2025-06-27
41 m²,3 PN,3 WC,7800000000,"Nhà hẻm, ngõ",2025-06-27
55 m²,4 PN,3 WC,10990000000,"Nhà hẻm, ngõ",2025-06-27
"52,5 m²",6 PN,5 WC,12500000000,"Nhà hẻm, ngõ",2025-06-27
"61,6 m²",,,12000000000,"Nhà hẻm, ngõ",2025-06-27
"52,5 m²",2 PN,2 WC,1600000000,"Nhà hẻm, ngõ",2025-06-27
"57,3 m²",,,13000000000,"Nhà hẻm, ngõ",2025-06-27
120 m²,3 PN,2 WC,8000000000,Chung cư,2025-06-27
"45,6 m²",2 PN,2 WC,2500000000,"Nhà hẻm, ngõ",2025-06-27
136 m²,6 PN,6 WC,19500000000,Nhà mặt tiền,2025-06-27
48 m²,2 PN,2 WC,4500000000,"Nhà hẻm, ngõ",2025-06-27
"41,6 m²",1 PN,1 WC,8000000000,Nhà mặt tiền,2025-06-27
30 m²,,,6500000000,"Nhà hẻm, ngõ",2025-06-27
53 m²,,,2750000000,Đất thổ cư,2025-06-27
30 m²,,,750000000,"Nhà hẻm, ngõ",2025-06-27
40 m²,3 PN,4 WC,7500000000,"Nhà hẻm, ngõ",2025-06-27
18 m²,,,6000000000,"Nhà hẻm, ngõ",2025-06-27
53 m²,,,16500000000,"Nhà hẻm, ngõ",2025-06-27
40 m²,,,8950000000,Nhà mặt tiền,2025-06-27
40 m²,,,5850000000,"Nhà hẻm, ngõ",2025-06-27
160 m²,,,2960000000,"Đất dự án, Khu dân cư",2025-06-27
36 m²,1 PN,1 WC,1380000000,Chung cư,2025-06-27
120 m²,3 PN,4 WC,2500000000,"Nhà hẻm, ngõ",2025-06-27
36 m²,2 PN,2 WC,6800000000,Nhà mặt tiền,2025-06-27
"531,1 m²",,,9200000000,Nhà mặt tiền,2025-06-27
240 m²,7 PN,6 WC,127000000000,"Nhà hẻm, ngõ",2025-06-27
26 m²,,,3450000000,"Nhà hẻm, ngõ",2025-06-27
50 m²,5 PN,6 WC,18680000000,"Nhà hẻm, ngõ",2025-06-27
125 m²,,,2000000000,Đất thổ cư,2025-06-27
"9.908,9 m²",,,10900000000,"Đất nông nghiệp, kho bãi",2025-06-27
108 m²,5 WC,,36000000000,Nhà mặt tiền,2025-06-27
309 m²,,,19000000000,"Nhà hẻm, ngõ",2025-06-27
47 m²,4 PN,3 WC,6800000000,Nhà mặt tiền,2025-06-27
22 m²,3 PN,3 WC,2200000000,"Nhà hẻm, ngõ",2025-06-27
37 m²,3 PN,4 WC,7800000000,"Nhà hẻm, ngõ",2025-06-27
144 m²,,,123456789,"Nhà hẻm, ngõ",2025-06-27
115 m²,,,14600000000,"Nhà hẻm, ngõ",2025-06-27
84 m²,5 PN,7 WC,7750000000,"Nhà hẻm, ngõ",2025-06-27
72 m²,2 PN,2 WC,830000000,"Nhà hẻm, ngõ",2025-06-27
"285,2 m²",,,350000000000,Nhà mặt tiền,2025-06-27
"224,4 m²",,,290000000000,Nhà mặt tiền,2025-06-27
260 m²,,,115000000000,"Biệt thự, Villa",2025-06-27
"68,8 m²",7 PN,,31000000000,Nhà mặt tiền,2025-06-27
"154,8 m²",,,46000000000,Nhà mặt tiền,2025-06-27
400 m²,,,220000000000,Nhà mặt tiền,2025-06-27
400 m²,,,245000000000,Nhà mặt tiền,2025-06-27
"90,5 m²",,,95000000000,Nhà mặt tiền,2025-06-27
74 m²,7 PN,,85000000000,Nhà mặt tiền,2025-06-27
669 m²,,,780000000000,Nhà mặt tiền,2025-06-27
300 m²,15 PN,16 WC,28000000000,Nhà mặt tiền,2025-06-27
300 m²,,,5900000000,Nhà mặt tiền,2025-06-27
336 m²,,,350000000000,Nhà mặt tiền,2025-06-27
1.147 m²,,,1800000000000,Nhà mặt tiền,2025-06-27
200 m²,,,46000000000,"Đất dự án, Khu dân cư",2025-06-27
336 m²,,,350000000000,Nhà mặt tiền,2025-06-27
90 m²,6 PN,6 WC,42000000000,Nhà mặt tiền,2025-06-27
67 m²,,,2900000000,Chung cư,2025-06-27
49 m²,2 PN,2 WC,19500000000,Nhà mặt tiền,2025-06-27
150 m²,3 PN,2 WC,2500000000,Nhà mặt tiền,2025-06-27
"13,5 m²",1 PN,1 WC,780000000,"Nhà hẻm, ngõ",2025-06-27
40 m²,1 PN,1 WC,950000000,"Nhà hẻm, ngõ",2025-06-27
15 m²,1 PN,1 WC,690000000,"Nhà hẻm, ngõ",2025-06-27
27 m²,2 PN,2 WC,2550000000,"Nhà hẻm, ngõ",2025-06-27
"52,4 m²",2 PN,1 WC,3380000000,"Nhà hẻm, ngõ",2025-06-27
231 m²,6 PN,6 WC,20000000000,Nhà mặt tiền,2025-06-27
80 m²,6 PN,6 WC,42000000000,Nhà mặt tiền,2025-06-27
355 m²,,,125000000000,Nhà mặt tiền,2025-06-27
230 m²,,,11000000000,"Nhà hẻm, ngõ",2025-06-27
100 m²,,,23800000000,Nhà mặt tiền,2025-06-27
146 m²,,,61700000000,Nhà mặt tiền,2025-06-27
6.000 m²,,,30000000000,"Đất nông nghiệp, kho bãi",2025-06-27
126 m²,,,67500000000,Nhà mặt tiền,2025-06-27
150 m²,2 PN,2 WC,10800000000,Nhà mặt tiền,2025-06-27
1.622 m²,,,63000000000,Đất thổ cư,2025-06-27
90 m²,4 PN,3 WC,10000000000,Nhà mặt tiền,2025-06-27
60 m²,14 PN,14 WC,25000000000,Nhà mặt tiền,2025-06-27
37 m²,5 PN,3 WC,9200000000,Nhà mặt tiền,2025-06-27
28 m²,2 PN,2 WC,3480000000,"Nhà hẻm, ngõ",2025-06-27
100 m²,8 PN,3 WC,5299000000,"Nhà hẻm, ngõ",2025-06-27
200 m²,,,18500000000,Đất thổ cư,2025-06-27
50 m²,,,4800000000,"Nhà hẻm, ngõ",2025-06-27
"46,4 m²",2 PN,1 WC,2250000000,"Nhà hẻm, ngõ",2025-06-27
350 m²,,,14000000000,Nhà mặt tiền,2025-06-27
79 m²,2 PN,2 WC,8660000000,Chung cư,2025-06-27
256 m²,14 PN,,29500000000,"Nhà hẻm, ngõ",2025-06-27
111 m²,20 PN,20 WC,50000000000,Nhà mặt tiền,2025-06-27
38 m²,,,5000000000,Nhà mặt tiền,2025-06-27
22 m²,2 PN,3 WC,4500000000,"Nhà hẻm, ngõ",2025-06-27
70 m²,4 PN,5 WC,7900000000,"Nhà hẻm, ngõ",2025-06-27
72 m²,,,3350000000,Đất thổ cư,2025-06-27
"42,5 m²",3 PN,3 WC,2450000000,"Nhà hẻm, ngõ",2025-06-27
44 m²,2 PN,1 WC,2500000000,Nhà mặt tiền,2025-06-27
107 m²,11 PN,,38000000000,Nhà mặt tiền,2025-06-27
67 m²,,,30900000000,Nhà mặt tiền,2025-06-27
240 m²,5 PN,6 WC,46600000000,"Biệt thự, Villa",2025-06-27
1.500 m²,2 PN,1 WC,8000000000,Nhà mặt tiền,2025-06-27
190 m²,3 PN,2 WC,45000000000,Nhà mặt tiền,2025-06-27
"35,9 m²",6 PN,2 WC,10300000000,"Nhà hẻm, ngõ",2025-06-27
"64,5 m²",,,4500000000,Nhà mặt tiền,2025-06-27
150 m²,7 PN,,3200000000,"Nhà hẻm, ngõ",2025-06-27
8.961 m²,,,65000000000,Đất thổ cư,2025-06-27
"58,7 m²",,,15900000000,"Nhà hẻm, ngõ",2025-06-27
"137,5 m²",6 PN,,5450000000,"Nhà hẻm, ngõ",2025-06-27
100 m²,4 PN,5 WC,17500000000,Nhà mặt tiền,2025-06-27
116 m²,,,74888000000,Nhà mặt tiền,2025-06-27
53 m²,5 PN,6 WC,10500000000,"Nhà hẻm, ngõ",2025-06-27
20 m²,1 PN,2 WC,2600000000,"Nhà hẻm, ngõ",2025-06-27
55 m²,,,36000000000,Nhà mặt tiền,2025-06-27
93 m²,,,32000000000,"Nhà hẻm, ngõ",2025-06-27
72 m²,4 PN,3 WC,7300000000,"Nhà hẻm, ngõ",2025-06-27
51 m²,4 PN,4 WC,12700000000,"Nhà hẻm, ngõ",2025-06-27
87 m²,,,6300000000,Chung cư,2025-06-27
432 m²,,,13824000000,"Đất dự án, Khu dân cư",2025-06-27
194 m²,7 PN,12 WC,99000000000,Nhà mặt tiền,2025-06-27
79 m²,,,22500000000,"Nhà hẻm, ngõ",2025-06-27
"35,2 m²",3 PN,2 WC,5100000000,"Nhà hẻm, ngõ",2025-06-27
90 m²,,,120000000000,Nhà mặt tiền,2025-06-27
43 m²,3 PN,4 WC,6200000000,"Nhà hẻm, ngõ",2025-06-27
62 m²,4 PN,3 WC,2310000000,Nhà mặt tiền,2025-06-27
100 m²,,,5550000000,"Nhà hẻm, ngõ",2025-06-27
150 m²,,,8000000000,Nhà mặt tiền,2025-06-27
235 m²,,,10800000000,"Đất dự án, Khu dân cư",2025-06-27
2.100 m²,,,12000000000,Đất thổ cư,2025-06-27
118 m²,3 PN,2 WC,5500000000,Nhà mặt tiền,2025-06-27
78 m²,,,16000000000,Nhà mặt tiền,2025-06-27
3.005 m²,,,1590000000,Đất thổ cư,2025-06-27
150 m²,3 PN,3 WC,8500000000,Nhà mặt tiền,2025-06-27
100 m²,,,1690000000,Đất thổ cư,2025-06-27
840 m²,38 PN,,24000000000,"Nhà hẻm, ngõ",2025-06-27
148 m²,2 PN,2 WC,6600000000,Nhà mặt tiền,2025-06-27
120 m²,,,555000000,Đất thổ cư,2025-06-27
86 m²,4 PN,4 WC,8000000000,"Nhà hẻm, ngõ",2025-06-27
135 m²,,,7500000000,Đất thổ cư,2025-06-27
70 m²,3 PN,3 WC,5400000000,"Nhà hẻm, ngõ",2025-06-27
492 m²,4 PN,2 WC,20000000000,Nhà mặt tiền,2025-06-27
"111,6 m²",7 PN,7 WC,18500000000,Nhà mặt tiền,2025-06-27
60 m²,,,13000000000,"Nhà hẻm, ngõ",2025-06-27
120 m²,,,18000000000,"Nhà hẻm, ngõ",2025-06-27
40 m²,3 PN,2 WC,5800000000,"Nhà hẻm, ngõ",2025-06-27
20 m²,,,123456789,Nhà mặt tiền,2025-06-27
101 m²,3 PN,4 WC,11001000000,"Nhà hẻm, ngõ",2025-06-27
"110,8 m²",,,10400000000,Nhà mặt tiền,2025-06-27
"76,5 m²",,,4400000000,"Đất dự án, Khu dân cư",2025-06-27
80 m²,,,5200000000,Nhà mặt tiền,2025-06-27
100 m²,,,17000000000,Nhà mặt tiền,2025-06-27
560 m²,,,9000000000,Đất thổ cư,2025-06-27
30 m²,,,2400000000,"Nhà hẻm, ngõ",2025-06-27
150 m²,,,20500000000,Nhà mặt tiền,2025-06-27
850 m²,,,4500000000,Đất thổ cư,2025-06-27
1.056 m²,,,1550000000,"Đất nông nghiệp, kho bãi",2025-06-27
270 m²,,,18500000000,Chung cư,2025-06-27
63 m²,2 PN,2 WC,2650000000,Chung cư,2025-06-27
60 m²,2 PN,1 WC,3580000000,"Nhà hẻm, ngõ",2025-06-27
101 m²,,,12500000000,"Nhà hẻm, ngõ",2025-06-27
42 m²,3 PN,3 WC,2190000000,"Nhà hẻm, ngõ",2025-06-27
"72,5 m²",2 PN,1 WC,6000000000,"Nhà hẻm, ngõ",2025-06-27
54 m²,4 PN,3 WC,7750000000,"Nhà hẻm, ngõ",2025-06-27
"27,9 m²",4 PN,5 WC,9600000000,Nhà mặt tiền,2025-06-27
"290,3 m²",,,200000000000,Nhà mặt tiền,2025-06-27
28 m²,2 PN,2 WC,1750000000,"Nhà hẻm, ngõ",2025-06-27
98 m²,,,16000000000,"Nhà hẻm, ngõ",2025-06-27
40 m²,,,5500000000,Nhà mặt tiền,2025-06-27
1.000 m²,,,6800000000,Đất thổ cư,2025-06-27
"208,9 m²",,,16503000000,Đất thổ cư,2025-06-27
1.232 m²,,,105900000000,Đất thổ cư,2025-06-27
60 m²,6 PN,6 WC,26900000000,"Nhà hẻm, ngõ",2025-06-27
"80,8 m²",6 PN,5 WC,31600000000,"Nhà hẻm, ngõ",2025-06-27
175 m²,,,760000000,Đất thổ cư,2025-06-27
22 m²,3 PN,3 WC,2860000000,"Nhà hẻm, ngõ",2025-06-27
"39,1 m²",4 PN,4 WC,2555000000,"Nhà hẻm, ngõ",2025-06-27
25 m²,3 PN,4 WC,12700000000,Nhà mặt tiền,2025-06-27
104 m²,,,24500000000,"Nhà hẻm, ngõ",2025-06-27
40 m²,,,2200000000,"Nhà hẻm, ngõ",2025-06-27
40 m²,4 PN,3 WC,4150000000,"Nhà hẻm, ngõ",2025-06-27
"42,6 m²",4 PN,3 WC,16800000000,Nhà mặt tiền,2025-06-27
85 m²,6 PN,7 WC,16500000000,Nhà mặt tiền,2025-06-27
42 m²,,,20500000000,Nhà mặt tiền,2025-06-27
900 m²,2 PN,1 WC,6000000000,"Nhà hẻm, ngõ",2025-06-27
91 m²,2 PN,3 WC,6500000000,"Nhà hẻm, ngõ",2025-06-27
100 m²,3 PN,2 WC,12300000000,"Nhà hẻm, ngõ",2025-06-27
24 m²,2 PN,2 WC,1400000000,"Nhà hẻm, ngõ",2025-06-27
36 m²,,,5800000000,Nhà mặt tiền,2025-06-27
64 m²,,,6400000000,"Nhà hẻm, ngõ",2025-06-27
238 m²,,,7000000000,"Đất dự án, Khu dân cư",2025-06-27
"21,5 m²",,,6310000000,"Nhà hẻm, ngõ",2025-06-27
90 m²,,,7600000000,"Đất dự án, Khu dân cư",2025-06-27
105 m²,,,109000000000,Nhà mặt tiền,2025-06-27
300 m²,11 PN,15 WC,28000000000,Nhà mặt tiền,2025-06-27
68 m²,3 PN,,38000000000,Nhà mặt tiền,2025-06-27
44 m²,7 PN,4 WC,11735000000,"Nhà hẻm, ngõ",2025-06-27
"1.529,4 m²",,,26000000000,Đất thổ cư,2025-06-27
"189,9 m²",5 PN,5 WC,63000000000,Nhà mặt tiền,2025-06-27
160 m²,,,23200000000,"Đất dự án, Khu dân cư",2025-06-27
90 m²,,,10000000000,Nhà mặt tiền,2025-06-27
115 m²,,,2450000000,Đất thổ cư,2025-06-27
65 m²,,,39500000000,Nhà mặt tiền,2025-06-27
5.200 m²,,,30000000000,Đất thổ cư,2025-06-27
"80,3 m²",,,283680000,Đất thổ cư,2025-06-27
"63,5 m²",,,11600000000,"Nhà hẻm, ngõ",2025-06-27
56 m²,4 PN,5 WC,7800000000,"Nhà hẻm, ngõ",2025-06-27
5.564 m²,,,210000000000,Nhà mặt tiền,2025-06-27
133 m²,5 PN,5 WC,15900000000,Nhà mặt tiền,2025-06-27
35 m²,3 PN,3 WC,31500000000,Nhà mặt tiền,2025-06-27
"122,5 m²",,,18000000000,Đất thổ cư,2025-06-27
48 m²,,,7600000000,Nhà mặt tiền,2025-06-27
75 m²,,,15500000000,"Nhà hẻm, ngõ",2025-06-27
500 m²,,,2950000000,Đất thổ cư,2025-06-27
70 m²,4 PN,2 WC,11200000000,"Nhà hẻm, ngõ",2025-06-27
"69,1 m²",2 PN,2 WC,1800000000,Chung cư,2025-06-27
378 m²,10 PN,11 WC,17000000000,Nhà mặt tiền,2025-06-27
38 m²,,,10000000000,Nhà mặt tiền,2025-06-27
48 m²,4 PN,3 WC,4950000000,"Nhà hẻm, ngõ",2025-06-27
51 m²,,,21800000000,Nhà mặt tiền,2025-06-27
172 m²,,,1330000000,Đất thổ cư,2025-06-27
204 m²,6 PN,15 WC,135000000000,Nhà mặt tiền,2025-06-27
123 m²,,,6300000000,Đất thổ cư,2025-06-27
776 m²,,,13000000000,Đất thổ cư,2025-06-27
90 m²,,,47500000000,Nhà mặt tiền,2025-06-27
150 m²,2 PN,1 WC,5350000000,Chung cư,2025-06-27
"41,3 m²",4 PN,5 WC,8600000000,"Nhà hẻm, ngõ",2025-06-27
83 m²,,,2300000000,Đất thổ cư,2025-06-27
79 m²,,,1948000000,Đất thổ cư,2025-06-27
42 m²,,,16500000000,"Nhà hẻm, ngõ",2025-06-27
100 m²,,,4400000000,Đất thổ cư,2025-06-27
52 m²,4 PN,4 WC,6900000000,Nhà mặt tiền,2025-06-27
10 m²,,,0,"Nhà hẻm, ngõ",2025-06-27
75 m²,,,48500000000,Nhà mặt tiền,2025-06-27
41 m²,5 PN,5 WC,8350000000,Nhà mặt tiền,2025-06-27
35 m²,,,10800000000,Nhà mặt tiền,2025-06-27
1.045 m²,,,17500000000,Đất thổ cư,2025-06-27
44 m²,2 PN,2 WC,4400000000,"Nhà hẻm, ngõ",2025-06-27
380 m²,,,13800000000,Đất thổ cư,2025-06-27
80 m²,2 PN,2 WC,880000000,Nhà mặt tiền,2025-06-27
126 m²,,,19000000000,Nhà mặt tiền,2025-06-27
48 m²,2 PN,2 WC,3750000000,"Nhà hẻm, ngõ",2025-06-27
135 m²,2 PN,,12000000000,Nhà mặt tiền,2025-06-27
432 m²,4 PN,6 WC,81000000000,"Biệt thự, Villa",2025-06-27
116 m²,2 PN,1 WC,9500000000,Nhà mặt tiền,2025-06-27
50 m²,3 PN,3 WC,8250000000,Nhà mặt tiền,2025-06-27
"64,2 m²",,,4200000000,"Nhà hẻm, ngõ",2025-06-27
142 m²,11 PN,10 WC,15000000000,Nhà mặt tiền,2025-06-27
230 m²,2 PN,2 WC,22000000000,"Biệt thự, Villa",2025-06-27
33 m²,2 PN,1 WC,5250000000,"Nhà hẻm, ngõ",2025-06-27
"86,8 m²",7 PN,8 WC,24500000000,Nhà mặt tiền,2025-06-27
95 m²,,,2600000000,"Nhà hẻm, ngõ",2025-06-27
"44,1 m²",5 PN,6 WC,29000000000,Nhà mặt tiền,2025-06-27
"104,4 m²",,,19800000000,"Đất dự án, Khu dân cư",2025-06-27
71 m²,,,3100000000,Đất thổ cư,2025-06-27
40 m²,6 PN,6 WC,6900000000,"Nhà hẻm, ngõ",2025-06-27
60 m²,4 PN,5 WC,7400000000,"Nhà hẻm, ngõ",2025-06-27
45 m²,4 PN,4 WC,8950000000,"Nhà hẻm, ngõ",2025-06-27
31 m²,,,5200000000,"Nhà hẻm, ngõ",2025-06-27
750 m²,,,9800000000,Đất thổ cư,2025-06-27
"43,5 m²",,,3100000000,Đất thổ cư,2025-06-27
60 m²,5 PN,6 WC,11900000000,"Nhà hẻm, ngõ",2025-06-27
98 m²,,,4500000000,Đất thổ cư,2025-06-27
"28,2 m²",,,6800000000,"Nhà hẻm, ngõ",2025-06-27
51 m²,,,8160000000,"Nhà hẻm, ngõ",2025-06-27
65 m²,3 PN,3 WC,2312000000,"Nhà hẻm, ngõ",2025-06-27
80 m²,,,1600000000,"Nhà hẻm, ngõ",2025-06-27
"4.693,9 m²",,,730000000000,Nhà mặt tiền,2025-06-27
399 m²,,,810000000000,Nhà mặt tiền,2025-06-27
62 m²,10 PN,10 WC,22500000000,Nhà mặt tiền,2025-06-27
57 m²,9 PN,8 WC,11600000000,"Nhà hẻm, ngõ",2025-06-27
"64,5 m²",4 PN,,16500000000,"Nhà hẻm, ngõ",2025-06-27
"227,2 m²",,,470000000000,Nhà mặt tiền,2025-06-27
840 m²,,,390000000000,Nhà mặt tiền,2025-06-27
80 m²,6 PN,4 WC,55000000000,Nhà mặt tiền,2025-06-27
32 m²,,,5900000000,"Nhà hẻm, ngõ",2025-06-27
100 m²,,,31000000000,"Nhà hẻm, ngõ",2025-06-27
"80,5 m²",,,12600000000,"Nhà hẻm, ngõ",2025-06-27
142 m²,,,15500000000,"Nhà hẻm, ngõ",2025-06-27
100 m²,,,18000000000,Nhà mặt tiền,2025-06-27
50 m²,3 PN,1 WC,2580000000,"Tập thể, cư xá",2025-06-27
282 m²,,,495000000,Đất thổ cư,2025-06-27
40 m²,2 PN,4 WC,5300000000,"Nhà hẻm, ngõ",2025-06-27
31 m²,3 PN,3 WC,4750000000,"Nhà hẻm, ngõ",2025-06-27
146 m²,,,38000000000,Nhà mặt tiền,2025-06-27
30 m²,,,5500000000,"Nhà hẻm, ngõ",2025-06-27
30 m²,4 PN,3 WC,13300000000,Nhà mặt tiền,2025-06-27
20 m²,4 PN,3 WC,10000000000,Nhà mặt tiền,2025-06-27
34 m²,3 PN,2 WC,6650000000,"Nhà hẻm, ngõ",2025-06-27
70 m²,3 PN,2 WC,4350000000,"Tập thể, cư xá",2025-06-27
50 m²,,,60000000000,Nhà mặt tiền,2025-06-27
50 m²,2 PN,3 WC,3950000000,"Nhà hẻm, ngõ",2025-06-27
144 m²,4 PN,4 WC,28500000000,"Biệt thự, Villa",2025-06-27
330 m²,5 PN,5 WC,88000000000,Nhà mặt tiền,2025-06-27
52 m²,5 PN,5 WC,7450000000,Nhà mặt tiền,2025-06-27
80 m²,,,11500000000,"Nhà hẻm, ngõ",2025-06-27
2.600 m²,,,6500000000,"Đất nông nghiệp, kho bãi",2025-06-27
100 m²,4 PN,5 WC,13800000000,"Nhà hẻm, ngõ",2025-06-27
44 m²,4 PN,3 WC,5600000000,"Nhà hẻm, ngõ",2025-06-27
56 m²,2 PN,2 WC,5800000000,"Nhà hẻm, ngõ",2025-06-27
55 m²,2 PN,2 WC,4950000000,"Nhà hẻm, ngõ",2025-06-27
31 m²,3 PN,3 WC,4550000000,"Nhà hẻm, ngõ",2025-06-27
339 m²,30 PN,31 WC,39000000000,"Nhà hẻm, ngõ",2025-06-27
185 m²,27 PN,28 WC,39000000000,Nhà mặt tiền,2025-06-27
43 m²,3 PN,2 WC,5700000000,"Nhà hẻm, ngõ",2025-06-27
753 m²,,,1500000000,Đất thổ cư,2025-06-27
191 m²,,,1100000000,"Nhà hẻm, ngõ",2025-06-27
100 m²,,,500000000,Đất thổ cư,2025-06-27
15 m²,1 PN,2 WC,1550000000,"Nhà hẻm, ngõ",2025-06-27
200 m²,10 PN,10 WC,980000000,Nhà mặt tiền,2025-06-27
"61,5 m²",5 PN,6 WC,7900000000,"Nhà hẻm, ngõ",2025-06-27
40 m²,4 PN,4 WC,7200000000,"Nhà hẻm, ngõ",2025-06-27
80 m²,2 PN,1 WC,9800000000,Nhà mặt tiền,2025-06-27
73 m²,10 PN,,17500000000,"Nhà hẻm, ngõ",2025-06-27
36 m²,2 PN,,4800000000,"Nhà hẻm, ngõ",2025-06-27
178 m²,15 PN,15 WC,1200000000,Nhà mặt tiền,2025-06-27
55 m²,6 PN,4 WC,8800000000,"Nhà hẻm, ngõ",2025-06-27
101 m²,,,12800000000,"Nhà hẻm, ngõ",2025-06-27
1.000 m²,,,899000000,"Đất nông nghiệp, kho bãi",2025-06-27
92 m²,2 WC,,6000000000,"Nhà hẻm, ngõ",2025-06-27
185 m²,2 PN,2 WC,16500000000,Nhà mặt tiền,2025-06-27
925 m²,,,30000000000,Nhà mặt tiền,2025-06-27
96 m²,,,5700000000,Đất thổ cư,2025-06-27
32 m²,,,4300000000,"Nhà hẻm, ngõ",2025-06-27
4 m²,4 PN,5 WC,7450000000,"Nhà hẻm, ngõ",2025-06-27
669 m²,,,790000000000,Nhà mặt tiền,2025-06-27
50 m²,3 PN,3 WC,1790000000,"Nhà hẻm, ngõ",2025-06-27
60 m²,4 PN,4 WC,1880000000,"Nhà hẻm, ngõ",2025-06-27
32 m²,,,5800000000,"Nhà hẻm, ngõ",2025-06-27
200 m²,,,113500000000,Nhà mặt tiền,2025-06-27
"66,6 m²",2 PN,2 WC,2250000000,"Nhà hẻm, ngõ",2025-06-27
84 m²,4 PN,4 WC,4250000000,"Nhà hẻm, ngõ",2025-06-27
24 m²,,,8700000000,Nhà mặt tiền,2025-06-27
110 m²,,,1500000000,Đất thổ cư,2025-06-27
250 m²,2 PN,1 WC,15500000000,Nhà mặt tiền,2025-06-27
51 m²,4 PN,4 WC,1850000000,"Nhà hẻm, ngõ",2025-06-27
56 m²,4 PN,5 WC,1920000000,"Nhà hẻm, ngõ",2025-06-27
45 m²,4 PN,4 WC,1990000000,"Nhà hẻm, ngõ",2025-06-27
181 m²,8 PN,8 WC,12500000000,Nhà mặt tiền,2025-06-27
2.400 m²,,,5500000000,Đất thổ cư,2025-06-27
647 m²,,,65000000000,"Biệt thự, Villa",2025-06-27
35 m²,2 PN,2 WC,4080000000,"Nhà hẻm, ngõ",2025-06-27
78 m²,,,11300000000,Nhà mặt tiền,2025-06-27
100 m²,20 PN,22 WC,245000000,"Nhà hẻm, ngõ",2025-06-27
260 m²,8 PN,8 WC,15900000000,"Nhà hẻm, ngõ",2025-06-27
"2.935,6 m²",,,18000000000,"Đất nông nghiệp, kho bãi",2025-06-27
64 m²,3 PN,2 WC,3850000000,"Nhà hẻm, ngõ",2025-06-27
1.000 m²,,,65000000,"Đất nông nghiệp, kho bãi",2025-06-27
52 m²,1 PN,1 WC,1500000000,"Nhà hẻm, ngõ",2025-06-27
100 m²,2 PN,2 WC,11999999999,Nhà mặt tiền,2025-06-27
62 m²,3 PN,2 WC,6100000000,"Nhà hẻm, ngõ",2025-06-27
56 m²,7 PN,7 WC,9800000000,Nhà mặt tiền,2025-06-27
1.300 m²,,,8500000000,Đất thổ cư,2025-06-27
"264,2 m²",6 PN,7 WC,10800000000,"Nhà hẻm, ngõ",2025-06-27
58 m²,3 PN,3 WC,2100000000,Nhà mặt tiền,2025-06-27
100 m²,,,5000000000,"Nhà hẻm, ngõ",2025-06-27
40 m²,,,800000000,Đất thổ cư,2025-06-27
85 m²,5 PN,5 WC,5650000000,"Nhà hẻm, ngõ",2025-06-27
62 m²,2 PN,2 WC,3050000000,Chung cư,2025-06-27
45 m²,4 PN,5 WC,6100000000,"Nhà hẻm, ngõ",2025-06-27
194 m²,5 PN,5 WC,64000000000,"Biệt thự, Villa",2025-06-27
880 m²,,,3500000000,Đất thổ cư,2025-06-27
160 m²,,,34400000000,"Đất dự án, Khu dân cư",2025-06-27
61 m²,,,4900000000,"Nhà hẻm, ngõ",2025-06-27
14 m²,2 PN,2 WC,3100000000,"Nhà hẻm, ngõ",2025-06-27
1.000 m²,,,750000000,"Đất nông nghiệp, kho bãi",2025-06-27
40 m²,,,100000000,"Đất nông nghiệp, kho bãi",2025-06-27
"137,6 m²",11 PN,11 WC,65000000000,Nhà mặt tiền,2025-06-27
170 m²,,,155000000000,Nhà mặt tiền,2025-06-27
70 m²,2 PN,2 WC,1800000000,"Tập thể, cư xá",2025-06-27
120 m²,,,28000000000,Nhà mặt tiền,2025-06-27
174 m²,,,710000000,Đất thổ cư,2025-06-27
61 m²,2 PN,1 WC,4699000000,Chung cư,2025-06-27
90 m²,22 PN,22 WC,20400000000,"Nhà hẻm, ngõ",2025-06-27
162 m²,5 PN,5 WC,8000000000,"Biệt thự, Villa",2025-06-27
56 m²,,,6800000000,"Nhà hẻm, ngõ",2025-06-27
180 m²,,,800000000,Đất thổ cư,2025-06-27
42 m²,4 PN,5 WC,1950000000,"Nhà hẻm, ngõ",2025-06-27
60 m²,5 PN,6 WC,7500000000,Nhà mặt tiền,2025-06-27
60 m²,4 PN,3 WC,3150000000,"Nhà hẻm, ngõ",2025-06-27
50 m²,6 PN,5 WC,8300000000,"Nhà hẻm, ngõ",2025-06-27
33 m²,2 PN,1 WC,4050000000,"Nhà hẻm, ngõ",2025-06-27
48 m²,4 PN,5 WC,8290000000,"Nhà hẻm, ngõ",2025-06-27
70 m²,,,5190000000,"Nhà hẻm, ngõ",2025-06-27
46 m²,3 PN,2 WC,2150000000,"Nhà hẻm, ngõ",2025-06-27
52 m²,4 PN,4 WC,1850000000,"Nhà hẻm, ngõ",2025-06-27
49 m²,3 PN,2 WC,4800000000,"Nhà hẻm, ngõ",2025-06-27
105 m²,,,6500000000,Đất thổ cư,2025-06-27
79 m²,4 PN,4 WC,23000000000,"Nhà hẻm, ngõ",2025-06-27
57 m²,8 PN,8 WC,14500000000,"Nhà hẻm, ngõ",2025-06-27
90 m²,,,4300000000,"Tập thể, cư xá",2025-06-27
60 m²,3 PN,2 WC,3750000000,"Nhà hẻm, ngõ",2025-06-27
72 m²,3 PN,2 WC,3390000000,"Nhà hẻm, ngõ",2025-06-27
30 m²,,,9000000000,Nhà mặt tiền,2025-06-27
"196,6 m²",,,9000000000,Nhà mặt tiền,2025-06-27
82 m²,4 PN,3 WC,6800000000,"Nhà hẻm, ngõ",2025-06-27
95 m²,5 PN,3 WC,18000000000,Nhà mặt tiền,2025-06-27
375 m²,,,33750000000,"Đất dự án, Khu dân cư",2025-06-27
47 m²,3 PN,3 WC,7600000000,"Nhà hẻm, ngõ",2025-06-27
33 m²,4 PN,3 WC,1800000000,"Nhà hẻm, ngõ",2025-06-27
914 m²,,,850000000000,Nhà mặt tiền,2025-06-27
141 m²,3 PN,2 WC,6200000000,Chung cư,2025-06-27
58 m²,4 PN,4 WC,6001000000,"Nhà hẻm, ngõ",2025-06-27
84 m²,,,27500000000,Nhà mặt tiền,2025-06-27
64 m²,,,7150000000,"Nhà hẻm, ngõ",2025-06-27
62 m²,3 PN,4 WC,2300000000,"Nhà hẻm, ngõ",2025-06-27
56 m²,1 PN,1 WC,1130000000,"Nhà hẻm, ngõ",2025-06-27
938 m²,6 PN,5 WC,65000000000,"Nhà hẻm, ngõ",2025-06-27
162 m²,,,19500000000,Nhà mặt tiền,2025-06-27
195 m²,,,40000000000,Nhà mặt tiền,2025-06-27
200 m²,5 PN,4 WC,6100000000,Nhà mặt tiền,2025-06-27
64 m²,,,22000000000,Nhà mặt tiền,2025-06-27
285 m²,,,63000000000,"Đất dự án, Khu dân cư",2025-06-27
52 m²,4 PN,5 WC,2790000000,"Nhà hẻm, ngõ",2025-06-27
44 m²,3 PN,4 WC,1700000000,"Nhà hẻm, ngõ",2025-06-27
80 m²,8 PN,8 WC,32000000000,Nhà mặt tiền,2025-06-27
105 m²,3 PN,2 WC,800000000,Nhà mặt tiền,2025-06-27
"76,8 m²",3 PN,3 WC,3690000000,"Nhà hẻm, ngõ",2025-06-27
162 m²,,,52160000000,Nhà mặt tiền,2025-06-27
"43,1 m²",,,8100000000,"Nhà hẻm, ngõ",2025-06-27
25 m²,,,1200000000,Chung cư,2025-06-27
"58,6 m²",2 PN,2 WC,2350000000,"Nhà hẻm, ngõ",2025-06-27
40 m²,4 PN,3 WC,4970000000,"Nhà hẻm, ngõ",2025-06-27
45 m²,,,18000000000,Nhà mặt tiền,2025-06-27
75 m²,,,2100000000,"Nhà hẻm, ngõ",2025-06-27
"45,9 m²",2 PN,2 WC,1940000000,"Nhà hẻm, ngõ",2025-06-27
84 m²,,,8900000000,Nhà mặt tiền,2025-06-27
63 m²,4 PN,3 WC,3370000000,"Nhà hẻm, ngõ",2025-06-27
35 m²,,,7300000000,"Nhà hẻm, ngõ",2025-06-27
40 m²,,,728000000,Đất thổ cư,2025-06-27
77 m²,,,3450000000,Đất thổ cư,2025-06-27
45 m²,4 PN,3 WC,7950000000,"Nhà hẻm, ngõ",2025-06-27
81 m²,4 PN,3 WC,6800000000,"Nhà hẻm, ngõ",2025-06-27
36 m²,5 PN,4 WC,5380000000,"Nhà hẻm, ngõ",2025-06-27
36 m²,3 PN,4 WC,6350000000,"Nhà hẻm, ngõ",2025-06-27
90 m²,,,13800000000,Nhà mặt tiền,2025-06-27
70 m²,,,26900000000,Nhà mặt tiền,2025-06-27
24 m²,3 PN,2 WC,6300000000,"Nhà hẻm, ngõ",2025-06-27
27 m²,,,3650000000,"Nhà hẻm, ngõ",2025-06-27
14 m²,,,3750000000,"Nhà hẻm, ngõ",2025-06-27
41 m²,4 PN,4 WC,1890000000,"Nhà hẻm, ngõ",2025-06-27
"17,4 m²",3 PN,,3900000000,"Nhà hẻm, ngõ",2025-06-27
83 m²,,,16500000000,Nhà mặt tiền,2025-06-27
56 m²,4 PN,4 WC,1950000000,"Nhà hẻm, ngõ",2025-06-27
"3.554,3 m²",,,9960000000,"Đất nông nghiệp, kho bãi",2025-06-27
68 m²,3 PN,3 WC,2150000000,"Nhà hẻm, ngõ",2025-06-27
38 m²,3 PN,4 WC,6200000000,"Nhà hẻm, ngõ",2025-06-27
70 m²,,,5200000000,"Nhà hẻm, ngõ",2025-06-27
40 m²,,,5600000000,"Nhà hẻm, ngõ",2025-06-27
48 m²,5 PN,3 WC,4590000000,"Nhà hẻm, ngõ",2025-06-27
64 m²,,,3390000000,Nhà mặt tiền,2025-06-27
68 m²,,,2700000000,"Đất dự án, Khu dân cư",2025-06-27
54 m²,2 PN,2 WC,7600000000,"Nhà hẻm, ngõ",2025-06-27
45 m²,,,19800000000,"Nhà hẻm, ngõ",2025-06-27
"80,3 m²",,,18300000000,"Nhà hẻm, ngõ",2025-06-27
678 m²,,,192000000000,Nhà mặt tiền,2025-06-27
120 m²,,,14000000000,"Nhà hẻm, ngõ",2025-06-27
28 m²,2 PN,2 WC,3760000800,"Nhà hẻm, ngõ",2025-06-27
58 m²,,,3250000000,Đất thổ cư,2025-06-27
53 m²,2 PN,3 WC,1880000000,"Nhà hẻm, ngõ",2025-06-27
48 m²,2 PN,2 WC,1900000000,"Nhà hẻm, ngõ",2025-06-27
100 m²,2 PN,2 WC,17500000000,Nhà mặt tiền,2025-06-27
105 m²,4 PN,3 WC,25500000000,"Nhà hẻm, ngõ",2025-06-27
105 m²,3 PN,3 WC,2900000000,Nhà mặt tiền,2025-06-27
38 m²,,,13800000000,"Nhà hẻm, ngõ",2025-06-27
60 m²,,,13000000000,Nhà mặt tiền,2025-06-27
54 m²,8 PN,9 WC,14500000000,"Nhà hẻm, ngõ",2025-06-27
49 m²,4 PN,4 WC,1980000000,"Nhà hẻm, ngõ",2025-06-27
40 m²,2 PN,2 WC,5300000000,Nhà mặt tiền,2025-06-27
48 m²,,,11000000000,Nhà mặt tiền,2025-06-27
500 m²,2 PN,3 WC,55000000000,Nhà mặt tiền,2025-06-27
45 m²,2 PN,1 WC,1050000000,"Nhà hẻm, ngõ",2025-06-27
"11,5 m²",,,1750000000,"Nhà hẻm, ngõ",2025-06-27
27 m²,2 PN,2 WC,4250000000,"Nhà hẻm, ngõ",2025-06-27
5.400 m²,,,19000000000,Đất thổ cư,2025-06-27
86 m²,,,0,"Biệt thự, Villa",2025-06-27
297 m²,,,13000000000,"Nhà hẻm, ngõ",2025-06-27
70 m²,4 PN,5 WC,23000000000,Nhà mặt tiền,2025-06-27
42 m²,5 PN,5 WC,8300000000,Nhà mặt tiền,2025-06-27
100 m²,4 PN,5 WC,2000000000,Nhà mặt tiền,2025-06-27
32 m²,3 PN,3 WC,6200000000,"Nhà hẻm, ngõ",2025-06-27
54 m²,8 PN,9 WC,14500000000,Nhà mặt tiền,2025-06-27
100 m²,,,999000000,Đất thổ cư,2025-06-27
74 m²,6 PN,6 WC,22900000000,Nhà mặt tiền,2025-06-27
339 m²,,,62000000000,"Biệt thự, Villa",2025-06-27
34 m²,3 PN,3 WC,4680000000,"Nhà hẻm, ngõ",2025-06-27
103 m²,3 PN,3 WC,960000000,Nhà mặt tiền,2025-06-27
60 m²,3 PN,3 WC,7800000000,"Nhà hẻm, ngõ",2025-06-27
"19,3 m²",3 PN,4 WC,4850000000,"Nhà hẻm, ngõ",2025-06-27
90 m²,,,9800000000,Đất thổ cư,2025-06-27
50 m²,3 PN,3 WC,1720000000,"Nhà hẻm, ngõ",2025-06-27
50 m²,3 PN,3 WC,2100000000,Nhà mặt tiền,2025-06-27
"78,6 m²",4 PN,3 WC,4150000000,"Nhà hẻm, ngõ",2025-06-27
240 m²,,,450000000,Đất thổ cư,2025-06-27
32 m²,3 PN,3 WC,6300000000,"Nhà hẻm, ngõ",2025-06-27
70 m²,,,8900000000,"Nhà hẻm, ngõ",2025-06-27
150 m²,,,550000000,Đất thổ cư,2025-06-27
147 m²,,,100000000000,Nhà mặt tiền,2025-06-27
40 m²,4 PN,4 WC,1650000000,"Nhà hẻm, ngõ",2025-06-27
100 m²,8 PN,5 WC,28500000000,Nhà mặt tiền,2025-06-27
508 m²,,,1000000000000,Nhà mặt tiền,2025-06-27
78 m²,3 PN,4 WC,2850000000,"Nhà hẻm, ngõ",2025-06-27
162 m²,5 PN,4 WC,42500000000,"Biệt thự, Villa",2025-06-27
42 m²,,,8360000000,"Nhà hẻm, ngõ",2025-06-27
32 m²,,,5500000000,"Nhà hẻm, ngõ",2025-06-27
52 m²,4 PN,4 WC,2550000000,"Nhà hẻm, ngõ",2025-06-27
81 m²,12 PN,13 WC,12900000000,Nhà mặt tiền,2025-06-27
136 m²,2 PN,2 WC,12300000000,Nhà mặt tiền,2025-06-27
106 m²,,,30500000000,Nhà mặt tiền,2025-06-27
"55,2 m²",4 PN,3 WC,2800000000,"Nhà hẻm, ngõ",2025-06-27
"983,3 m²",,,75000000000,Nhà mặt tiền,2025-06-27
40 m²,4 PN,5 WC,12900000000,Nhà mặt tiền,2025-06-27
56 m²,3 PN,2 WC,5500000000,"Nhà hẻm, ngõ",2025-06-27
50 m²,4 PN,3 WC,4950000000,"Nhà hẻm, ngõ",2025-06-27
2.000 m²,,,3950000000,Đất thổ cư,2025-06-27
110 m²,,,31000000000,Nhà mặt tiền,2025-06-27
40 m²,,,550000000,"Nhà hẻm, ngõ",2025-06-27
35 m²,,,8500000000,Nhà mặt tiền,2025-06-27
62 m²,,,2900000000,Chung cư,2025-06-27
75 m²,,,2500000000,"Nhà hẻm, ngõ",2025-06-27
99 m²,,,3800000000,"Đất dự án, Khu dân cư",2025-06-27
64 m²,4 PN,4 WC,2050000000,"Nhà hẻm, ngõ",2025-06-27
225 m²,4 PN,6 WC,8680000000,"Nhà hẻm, ngõ",2025-06-27
"50,7 m²",3 PN,3 WC,1800000000,"Nhà hẻm, ngõ",2025-06-27
20 m²,2 PN,2 WC,1450000000,"Nhà hẻm, ngõ",2025-06-27
32 m²,1 PN,1 WC,1050000000,"Nhà hẻm, ngõ",2025-06-27
60 m²,8 PN,7 WC,16900000000,"Nhà hẻm, ngõ",2025-06-27
55 m²,10 PN,11 WC,15000000000,Nhà mặt tiền,2025-06-27
"66,6 m²",4 PN,3 WC,3390000000,"Nhà hẻm, ngõ",2025-06-27
"51,8 m²",3 PN,3 WC,1990000000,"Nhà hẻm, ngõ",2025-06-27
66 m²,4 PN,5 WC,7600000000,"Nhà hẻm, ngõ",2025-06-27
30 m²,,,950000000,Nhà mặt tiền,2025-06-27
135 m²,3 PN,2 WC,7000000000,Chung cư,2025-06-27
100 m²,4 PN,2 WC,10500000000,"Tập thể, cư xá",2025-06-27
53 m²,2 PN,2 WC,4900000000,"Nhà hẻm, ngõ",2025-06-27
81 m²,4 PN,5 WC,12800000000,Nhà mặt tiền,2025-06-27
"161,4 m²",,,310000000,Đất thổ cư,2025-06-27
91 m²,2 PN,2 WC,15800000000,Chung cư,2025-06-27
14 m²,3 PN,4 WC,6000000000,Nhà mặt tiền,2025-06-27
50 m²,4 PN,6 WC,8900000000,"Nhà hẻm, ngõ",2025-06-27
72 m²,3 PN,2 WC,2290000000,"Nhà hẻm, ngõ",2025-06-27
90 m²,3 PN,,6750000000,"Tập thể, cư xá",2025-06-27
90 m²,4 PN,5 WC,15500000000,Nhà mặt tiền,2025-06-27
12 m²,,,1800000000,"Nhà hẻm, ngõ",2025-06-27
80 m²,2 PN,2 WC,7650000000,Chung cư,2025-06-27
"37,2 m²",8 PN,4 WC,9200000000,"Nhà hẻm, ngõ",2025-06-27
380 m²,,,135000000000,Nhà mặt tiền,2025-06-27
41 m²,4 PN,5 WC,8500000000,"Nhà hẻm, ngõ",2025-06-27
1.000 m²,,,800000000,"Đất nông nghiệp, kho bãi",2025-06-27
40 m²,3 PN,4 WC,6450000000,"Nhà hẻm, ngõ",2025-06-27
"63,8 m²",,,1150000000,Đất thổ cư,2025-06-27
70 m²,4 PN,6 WC,23000000000,Nhà mặt tiền,2025-06-27
240 m²,7 PN,6 WC,32900000000,"Nhà hẻm, ngõ",2025-06-27
126 m²,,,600000000,Đất thổ cư,2025-06-27
"57,1 m²",,,17000000000,"Nhà hẻm, ngõ",2025-06-27
1.671 m²,,,6900000000,"Đất nông nghiệp, kho bãi",2025-06-27
35 m²,4 PN,3 WC,2200000000,"Nhà hẻm, ngõ",2025-06-27
102 m²,,,63500000000,Nhà mặt tiền,2025-06-27
295 m²,,,180000000,Nhà mặt tiền,2025-06-27
158 m²,,,580000000,Đất thổ cư,2025-06-27
61 m²,,,8300000000,"Nhà hẻm, ngõ",2025-06-27
45 m²,4 PN,3 WC,2630000000,"Nhà hẻm, ngõ",2025-06-27
108 m²,,,13300000000,Nhà mặt tiền,2025-06-27
90 m²,2 PN,2 WC,8000000000,"Nhà hẻm, ngõ",2025-06-27
160 m²,,,88000000000,Nhà mặt tiền,2025-06-27
40 m²,,,35000000000,Nhà mặt tiền,2025-06-27
71 m²,4 PN,5 WC,2150000000,"Nhà hẻm, ngõ",2025-06-27
"102,6 m²",,,5200000000,Đất thổ cư,2025-06-27
542 m²,,,57500000000,Đất thổ cư,2025-06-27
208 m²,,,35000000000,"Nhà hẻm, ngõ",2025-06-27
56 m²,2 PN,2 WC,4300000000,"Nhà hẻm, ngõ",2025-06-27
27 m²,2 PN,2 WC,3960000000,"Nhà hẻm, ngõ",2025-06-27
64 m²,4 PN,4 WC,1850000000,"Nhà hẻm, ngõ",2025-06-27
111 m²,,,2500000000,Đất thổ cư,2025-06-27
87 m²,,,22000000000,Đất thổ cư,2025-06-27
55 m²,5 PN,5 WC,11000000000,"Nhà hẻm, ngõ",2025-06-27
500 m²,,,6500000000,Đất thổ cư,2025-06-27
24 m²,2 PN,3 WC,4150000000,"Nhà hẻm, ngõ",2025-06-27
34 m²,2 PN,1 WC,3500000000,"Nhà hẻm, ngõ",2025-06-27
312 m²,,,26000000000,Đất thổ cư,2025-06-27
216 m²,,,1050000000,Đất thổ cư,2025-06-27
85 m²,2 PN,2 WC,750000000,Nhà mặt tiền,2025-06-27
60 m²,3 PN,2 WC,3560000000,"Nhà hẻm, ngõ",2025-06-27
72 m²,2 PN,2 WC,4200000000,Nhà mặt tiền,2025-06-27
62 m²,3 PN,3 WC,4250000000,"Nhà hẻm, ngõ",2025-06-27
"61,2 m²",4 PN,2 WC,8500000000,Nhà mặt tiền,2025-06-27
238 m²,,,105000000000,Nhà mặt tiền,2025-06-27
60 m²,,,4300000000,"Tập thể, cư xá",2025-06-27
60 m²,4 PN,4 WC,2750000000,"Nhà hẻm, ngõ",2025-06-27
"98,6 m²",3 PN,2 WC,720000000,Nhà mặt tiền,2025-06-27
46 m²,,,33000000000,Nhà mặt tiền,2025-06-27
100 m²,3 PN,4 WC,730000000,Nhà mặt tiền,2025-06-27
"52,2 m²",4 PN,4 WC,3390000000,"Nhà hẻm, ngõ",2025-06-27
36 m²,3 PN,4 WC,7750000000,"Nhà hẻm, ngõ",2025-06-27
55 m²,4 PN,4 WC,2350000000,"Nhà hẻm, ngõ",2025-06-27
120 m²,4 PN,5 WC,38000000000,"Biệt thự, Villa",2025-06-27
"82,5 m²",,,5500000000,"Nhà hẻm, ngõ",2025-06-27
20 m²,3 PN,3 WC,4600000000,"Nhà hẻm, ngõ",2025-06-27
75 m²,5 PN,4 WC,20000000000,Nhà mặt tiền,2025-06-27
"30,4 m²",2 PN,2 WC,1470000000,"Nhà hẻm, ngõ",2025-06-27
48 m²,3 PN,3 WC,3250000000,"Nhà hẻm, ngõ",2025-06-27
128 m²,2 PN,2 WC,670000000,Nhà mặt tiền,2025-06-27
52 m²,4 PN,3 WC,5800000000,Nhà mặt tiền,2025-06-27
130 m²,,,19200000000,"Nhà hẻm, ngõ",2025-06-27
750 m²,,,31000000000,Nhà mặt tiền,2025-06-27
60 m²,,,1780000000,Đất thổ cư,2025-06-27
300 m²,,,6000000000,Nhà mặt tiền,2025-06-27
73 m²,,,4550000000,Chung cư,2025-06-27
160 m²,,,140000000000,Nhà mặt tiền,2025-06-27
35 m²,4 PN,4 WC,9350000000,"Nhà hẻm, ngõ",2025-06-27
106 m²,2 PN,,26000000000,Nhà mặt tiền,2025-06-27
205 m²,6 PN,6 WC,38000000000,Nhà mặt tiền,2025-06-27
255 m²,6 PN,7 WC,46500000000,"Biệt thự, Villa",2025-06-27
56 m²,2 PN,2 WC,1180000000,Chung cư,2025-06-27
72 m²,5 PN,6 WC,16000000000,"Nhà hẻm, ngõ",2025-06-27
96 m²,2 PN,2 WC,58000000,Penthouse,2025-06-27
"40,3 m²",5 PN,2 WC,4580000000,"Nhà hẻm, ngõ",2025-06-27
100 m²,4 PN,4 WC,8800000000,Nhà mặt tiền,2025-06-27
50 m²,2 PN,2 WC,5480000000,"Nhà hẻm, ngõ",2025-06-27
48 m²,4 PN,4 WC,7000000000,"Nhà hẻm, ngõ",2025-06-27
8 m²,,,1650000000,"Nhà hẻm, ngõ",2025-06-27
40 m²,4 PN,3 WC,3950000000,"Nhà hẻm, ngõ",2025-06-27
10 m²,2 PN,,2400000000,"Nhà hẻm, ngõ",2025-06-27
36 m²,2 PN,,2200000000,"Nhà hẻm, ngõ",2025-06-27
120 m²,3 PN,3 WC,7600000000,"Nhà hẻm, ngõ",2025-06-27
27 m²,,,3500000000,"Nhà hẻm, ngõ",2025-06-27
52 m²,4 PN,3 WC,32500000000,Nhà mặt tiền,2025-06-27
60 m²,2 PN,,5500000000,"Nhà hẻm, ngõ",2025-06-27
816 m²,,,9200000000,Đất thổ cư,2025-06-27
314 m²,,,3800000000,Đất thổ cư,2025-06-27
17 m²,,,3500000000,"Nhà hẻm, ngõ",2025-06-27
50 m²,,,6000000000,Nhà mặt tiền,2025-06-27
135 m²,,,17000000000,"Nhà hẻm, ngõ",2025-06-27
"46,2 m²",2 PN,1 WC,5900000000,"Nhà hẻm, ngõ",2025-06-27
48 m²,,,880000000,Đất thổ cư,2025-06-27
264 m²,,,42000000000,"Nhà hẻm, ngõ",2025-06-27
170 m²,,,27000000000,"Nhà hẻm, ngõ",2025-06-27
"41,7 m²",2 PN,3 WC,1880000000,"Nhà hẻm, ngõ",2025-06-27
"66,6 m²",3 PN,3 WC,2250000000,"Nhà hẻm, ngõ",2025-06-27
250 m²,,,125000000,Nhà mặt tiền,2025-06-27
3.050 m²,,,97000000000,Đất thổ cư,2025-06-27
138 m²,4 PN,4 WC,22500000000,Nhà mặt tiền,2025-06-27
83 m²,3 PN,3 WC,8500000000,"Nhà hẻm, ngõ",2025-06-27
65 m²,1 PN,2 WC,5500000000,"Nhà hẻm, ngõ",2025-06-27
96 m²,3 PN,2 WC,5900000000,"Nhà hẻm, ngõ",2025-06-27
60 m²,3 PN,2 WC,4900000000,"Nhà hẻm, ngõ",2025-06-27
53 m²,5 PN,4 WC,4900000000,"Nhà hẻm, ngõ",2025-06-27
112 m²,5 PN,4 WC,21500000000,Nhà mặt tiền,2025-06-27
76 m²,5 PN,5 WC,13500000000,Nhà mặt tiền,2025-06-27
1.715 m²,,,140000000000,Đất thổ cư,2025-06-27
151 m²,5 PN,4 WC,18500000000,"Biệt thự, Villa",2025-06-27
119 m²,7 PN,8 WC,20500000000,Nhà mặt tiền,2025-06-27
80 m²,5 PN,5 WC,7750000000,"Biệt thự, Villa",2025-06-27
31 m²,3 PN,4 WC,6200000000,"Nhà hẻm, ngõ",2025-06-27
30 m²,4 PN,5 WC,9800000000,Nhà mặt tiền,2025-06-27
98 m²,10 PN,10 WC,17500000000,"Nhà hẻm, ngõ",2025-06-27
110 m²,,,69000000000,Nhà mặt tiền,2025-06-27
50 m²,,,22900000000,Nhà mặt tiền,2025-06-27
136 m²,,,770000000,Đất thổ cư,2025-06-27
88 m²,6 PN,7 WC,14500000000,"Nhà hẻm, ngõ",2025-06-27
140 m²,2 PN,2 WC,5200000000,"Nhà hẻm, ngõ",2025-06-27
"56,9 m²",4 PN,3 WC,5949000000,Nhà mặt tiền,2025-06-27
100 m²,,,1500000000,Đất thổ cư,2025-06-27
37 m²,2 PN,2 WC,3300000000,"Nhà hẻm, ngõ",2025-06-27
58 m²,4 PN,6 WC,17999000000,Nhà mặt tiền,2025-06-27
41 m²,6 PN,4 WC,7680000000,"Nhà hẻm, ngõ",2025-06-27
"45,6 m²",4 PN,6 WC,12600000000,Nhà mặt tiền,2025-06-27
50 m²,12 PN,14 WC,13000000000,Nhà mặt tiền,2025-06-27
"84,5 m²",,,19500000000,"Đất dự án, Khu dân cư",2025-06-27
42 m²,3 PN,3 WC,7286000000,Nhà mặt tiền,2025-06-27
40 m²,4 PN,4 WC,7500000000,"Nhà hẻm, ngõ",2025-06-27
"88,4 m²",3 PN,2 WC,6500000000,"Nhà hẻm, ngõ",2025-06-27
72 m²,,,9500000000,"Nhà hẻm, ngõ",2025-06-27
"62,1 m²",4 PN,5 WC,3220000000,"Nhà hẻm, ngõ",2025-06-27
2.961 m²,,,10000000000,"Đất nông nghiệp, kho bãi",2025-06-27
294 m²,5 PN,5 WC,58000000000,"Biệt thự, Villa",2025-06-27
56 m²,,,8100000000,Đất thổ cư,2025-06-27
140 m²,,,34000000000,Đất thổ cư,2025-06-27
"191,6 m²",,,33500000000,"Nhà hẻm, ngõ",2025-06-27
1.250 m²,,,2700000000,Đất thổ cư,2025-06-27
75 m²,6 PN,6 WC,12900000000,"Nhà hẻm, ngõ",2025-06-27
"6.489,3 m²",,,19500000000,"Đất nông nghiệp, kho bãi",2025-06-27
63 m²,3 PN,4 WC,11000000000,"Nhà hẻm, ngõ",2025-06-27
585 m²,1 PN,1 WC,1200000000,Nhà mặt tiền,2025-06-27
74 m²,19 PN,19 WC,21000000000,"Nhà hẻm, ngõ",2025-06-27
102 m²,1 PN,2 WC,42000000000,Nhà mặt tiền,2025-06-27
160 m²,,,16500000000,"Đất dự án, Khu dân cư",2025-06-27
138 m²,4 PN,5 WC,15500000000,Nhà mặt tiền,2025-06-27
"38,8 m²",5 PN,4 WC,6500000000,"Nhà hẻm, ngõ",2025-06-27
40 m²,2 PN,2 WC,4790000000,"Nhà hẻm, ngõ",2025-06-27
36 m²,2 PN,1 WC,4500000000,"Nhà hẻm, ngõ",2025-06-27
1.050 m²,,,170000000,Đất thổ cư,2025-06-27
200 m²,,,45000000000,Nhà mặt tiền,2025-06-27
36 m²,4 PN,5 WC,7500000000,"Nhà hẻm, ngõ",2025-06-27
60 m²,7 PN,5 WC,8001000000,"Nhà hẻm, ngõ",2025-06-27
"204,8 m²",,,900000000,Đất thổ cư,2025-06-27
"144,7 m²",,,30388000000,"Đất dự án, Khu dân cư",2025-06-27
83 m²,3 PN,2 WC,5500000000,Chung cư,2025-06-27
"287,5 m²",4 PN,5 WC,29500000000,Nhà mặt tiền,2025-06-27
66 m²,4 PN,4 WC,2590000000,"Nhà hẻm, ngõ",2025-06-27
75 m²,5 PN,4 WC,12000000000,Nhà mặt tiền,2025-06-27
160 m²,,,450000000,Đất thổ cư,2025-06-27
147 m²,,,8500000000,"Đất dự án, Khu dân cư",2025-06-27
1.000 m²,,,6500000000,"Đất nông nghiệp, kho bãi",2025-06-27
40 m²,2 PN,2 WC,2400000000,"Nhà hẻm, ngõ",2025-06-27
180 m²,5 PN,6 WC,37500000000,"Nhà hẻm, ngõ",2025-06-27
100 m²,,,6300000000,"Đất dự án, Khu dân cư",2025-06-27
82 m²,,,9500000000,"Nhà hẻm, ngõ",2025-06-27
"85,4 m²",2 PN,2 WC,550000000,Nhà mặt tiền,2025-06-27
108 m²,,,32000000000,"Nhà hẻm, ngõ",2025-06-27
55 m²,4 PN,6 WC,10900000000,Nhà mặt tiền,2025-06-27
200 m²,3 PN,3 WC,5500000000,"Căn hộ dịch vụ, mini",2025-06-27
60 m²,3 PN,4 WC,4450000000,Nhà mặt tiền,2025-06-27
59 m²,2 PN,1 WC,3000000000,Chung cư,2025-06-27
85 m²,15 PN,16 WC,23000000000,"Nhà hẻm, ngõ",2025-06-27
100 m²,3 PN,2 WC,1389000000,"Nhà hẻm, ngõ",2025-06-27
76 m²,8 PN,,26000000000,Nhà mặt tiền,2025-06-27
"52,7 m²",,,22500000000,"Nhà hẻm, ngõ",2025-06-27
"155,5 m²",,,280000000,"Đất dự án, Khu dân cư",2025-06-27
56 m²,3 PN,3 WC,2550000000,"Nhà hẻm, ngõ",2025-06-27
135 m²,5 PN,5 WC,49000000000,Nhà mặt tiền,2025-06-27
"43,2 m²",2 PN,,4380000000,Nhà mặt tiền,2025-06-27
210 m²,8 PN,6 WC,24900000000,Nhà mặt tiền,2025-06-27
294 m²,,,58000000000,"Biệt thự, Villa",2025-06-27
160 m²,5 PN,5 WC,40000000000,Nhà mặt tiền,2025-06-27
100 m²,8 PN,6 WC,5200000000,Nhà mặt tiền,2025-06-27
106 m²,3 PN,2 WC,6900000000,Chung cư,2025-06-27
86 m²,2 PN,2 WC,6500000000,Nhà mặt tiền,2025-06-27
75 m²,,,33500000000,Nhà mặt tiền,2025-06-27
51 m²,4 PN,4 WC,1900000000,Nhà mặt tiền,2025-06-27
81 m²,,,3200000000,Đất thổ cư,2025-06-27
320 m²,5 PN,5 WC,36000000000,Nhà mặt tiền,2025-06-27
60 m²,4 PN,4 WC,2170000000,"Nhà hẻm, ngõ",2025-06-27
260 m²,,,65000000000,Nhà mặt tiền,2025-06-27
64 m²,,,2050000000,"Nhà hẻm, ngõ",2025-06-27
50 m²,4 PN,,12800000000,"Nhà hẻm, ngõ",2025-06-27
20 m²,,,2750000000,"Nhà hẻm, ngõ",2025-06-27
1.089 m²,,,510000000,"Đất nông nghiệp, kho bãi",2025-06-27
117 m²,3 PN,2 WC,8580000000,Chung cư,2025-06-27
50 m²,3 PN,2 WC,1850000000,"Nhà hẻm, ngõ",2025-06-27
100 m²,,,20000000000,"Đất dự án, Khu dân cư",2025-06-27
80 m²,3 PN,3 WC,3500000000,Nhà mặt tiền,2025-06-27
46 m²,2 PN,2 WC,5900000000,"Nhà hẻm, ngõ",2025-06-27
285 m²,,,63000000000,Nhà mặt tiền,2025-06-27
520 m²,3 PN,2 WC,4950000000,"Nhà hẻm, ngõ",2025-06-27
114 m²,2 PN,2 WC,2450000000,"Nhà hẻm, ngõ",2025-06-27
86 m²,2 PN,2 WC,4700000000,Chung cư,2025-06-27
297 m²,,,17800000000,Đất thổ cư,2025-06-27
"232,4 m²",,,1440000000,Đất thổ cư,2025-06-27
50 m²,,,10500000000,Nhà mặt tiền,2025-06-27
292 m²,,,450000000,Đất thổ cư,2025-06-27
100 m²,,,880000000,Đất thổ cư,2025-06-27
85 m²,3 PN,3 WC,8700000000,Nhà mặt tiền,2025-06-27
250 m²,,,570000000,Đất thổ cư,2025-06-27
80 m²,4 PN,3 WC,1590000000,Nhà mặt tiền,2025-06-27
80 m²,5 PN,5 WC,4960000000,Nhà mặt tiền,2025-06-27
48 m²,5 PN,4 WC,20000000000,Nhà mặt tiền,2025-06-27
51 m²,11 PN,11 WC,12500000000,"Nhà hẻm, ngõ",2025-06-27
64 m²,5 PN,5 WC,5500000000,"Nhà hẻm, ngõ",2025-06-27
173 m²,5 PN,5 WC,27000000000,"Biệt thự, Villa",2025-06-27
90 m²,4 PN,4 WC,11500000000,Nhà mặt tiền,2025-06-27
31 m²,3 PN,2 WC,3100000000,"Nhà hẻm, ngõ",2025-06-27
58 m²,4 PN,3 WC,2550000000,"Nhà hẻm, ngõ",2025-06-27
75 m²,2 PN,2 WC,15000000000,Nhà mặt tiền,2025-06-27
96 m²,4 PN,4 WC,5139000000,"Nhà hẻm, ngõ",2025-06-27
56 m²,5 PN,4 WC,13000000000,"Nhà hẻm, ngõ",2025-06-27
92 m²,3 PN,2 WC,3050000000,Chung cư,2025-06-27
33 m²,2 PN,2 WC,4090000000,"Nhà hẻm, ngõ",2025-06-27
210 m²,,,16800000000,"Đất dự án, Khu dân cư",2025-06-27
96 m²,2 PN,2 WC,6050000000,Chung cư,2025-06-27
88 m²,5 PN,4 WC,11800000000,Nhà mặt tiền,2025-06-27
86 m²,2 PN,2 WC,2650000000,Nhà mặt tiền,2025-06-27
74 m²,2 PN,2 WC,4100000000,Chung cư,2025-06-27
150 m²,24 PN,24 WC,29000000000,Nhà mặt tiền,2025-06-27
144 m²,,,16848000000,"Đất dự án, Khu dân cư",2025-06-27
"122,4 m²",,,11900000000,Officetel,2025-06-27
62 m²,5 PN,4 WC,12900000000,"Nhà hẻm, ngõ",2025-06-27
260 m²,,,3000000000,"Đất dự án, Khu dân cư",2025-06-27
"44,4 m²",,,5400000000,"Nhà hẻm, ngõ",2025-06-27
167 m²,4 PN,4 WC,19800000000,"Biệt thự, Villa",2025-06-27
48 m²,,,4150000000,"Nhà hẻm, ngõ",2025-06-27
400 m²,87 PN,87 WC,79000000000,Nhà mặt tiền,2025-06-27
200 m²,,,14700000000,"Đất dự án, Khu dân cư",2025-06-27
62 m²,,,6800000000,"Nhà hẻm, ngõ",2025-06-27
"61,3 m²",,,6000000000,"Nhà hẻm, ngõ",2025-06-27
150 m²,4 PN,3 WC,4950000000,"Tập thể, cư xá",2025-06-27
400 m²,,,48000000000,Đất thổ cư,2025-06-27
113 m²,3 PN,2 WC,6200000000,Chung cư,2025-06-27
225 m²,,,590000000,Đất thổ cư,2025-06-27
54 m²,2 PN,2 WC,2340000000,"Nhà hẻm, ngõ",2025-06-27
125 m²,4 PN,3 WC,5499999999,Nhà mặt tiền,2025-06-27
281 m²,,,35500000000,Nhà mặt tiền,2025-06-27
56 m²,2 PN,2 WC,4500000000,"Nhà hẻm, ngõ",2025-06-27
164 m²,,,10600000000,"Đất dự án, Khu dân cư",2025-06-27
70 m²,4 PN,2 WC,33000000000,Nhà mặt tiền,2025-06-27
"35,2 m²",,,7480000000,Nhà mặt tiền,2025-06-27
52 m²,4 PN,4 WC,2370000000,"Nhà hẻm, ngõ",2025-06-27
590 m²,,,17979000000,Đất thổ cư,2025-06-27
176 m²,,,27000000000,Nhà mặt tiền,2025-06-27
191 m²,,,55300000000,Nhà mặt tiền,2025-06-27
58 m²,3 PN,3 WC,2150000000,"Nhà hẻm, ngõ",2025-06-27
104 m²,,,16999000000,Nhà mặt tiền,2025-06-27
41 m²,,,2050000000,"Nhà hẻm, ngõ",2025-06-27
40 m²,,,2150000000,"Nhà hẻm, ngõ",2025-06-27
161 m²,,,2415000000,"Nhà hẻm, ngõ",2025-06-27
5.324 m²,4 PN,3 WC,35000000000,Nhà mặt tiền,2025-06-27
"3.464,5 m²",,,5196000000,"Đất nông nghiệp, kho bãi",2025-06-27
164 m²,6 PN,6 WC,18700000000,Nhà mặt tiền,2025-06-27
60 m²,6 PN,6 WC,12400000000,Nhà mặt tiền,2025-06-27
52 m²,3 PN,2 WC,2900000000,"Nhà hẻm, ngõ",2025-06-27
48 m²,3 PN,3 WC,1850000000,"Nhà hẻm, ngõ",2025-06-27
"215,5 m²",,,12000000000,Đất thổ cư,2025-06-27
"108,8 m²",,,8700000000,Đất thổ cư,2025-06-27
133 m²,,,500000000,Đất thổ cư,2025-06-27
591 m²,5 PN,5 WC,250000000000,"Biệt thự, Villa",2025-06-27
122 m²,2 PN,2 WC,6879000000,"Nhà hẻm, ngõ",2025-06-27
150 m²,10 PN,10 WC,1850000000,"Nhà hẻm, ngõ",2025-06-27
450 m²,,,24000000000,"Đất dự án, Khu dân cư",2025-06-27
105 m²,2 PN,2 WC,3890000000,"Nhà hẻm, ngõ",2025-06-27
4.425 m²,,,17000000000,"Đất nông nghiệp, kho bãi",2025-06-27
60 m²,3 PN,3 WC,17000000000,Nhà mặt tiền,2025-06-27
110 m²,,,360000000,Đất thổ cư,2025-06-27
461 m²,1 PN,3 WC,17500000000,Nhà mặt tiền,2025-06-27
35 m²,,,3500000000,"Nhà hẻm, ngõ",2025-06-27
40 m²,1 PN,1 WC,5500000000,Chung cư,2025-06-27
100 m²,5 PN,5 WC,17000000000,Nhà mặt tiền,2025-06-27
45 m²,2 PN,2 WC,4370000000,"Nhà hẻm, ngõ",2025-06-27
80 m²,3 PN,4 WC,3000000000,Nhà mặt tiền,2025-06-27
164 m²,9 PN,10 WC,52000000000,Nhà mặt tiền,2025-06-27
120 m²,4 PN,5 WC,21000000000,"Nhà hẻm, ngõ",2025-06-27
14 m²,2 PN,2 WC,1500000000,"Nhà hẻm, ngõ",2025-06-27
90 m²,3 PN,2 WC,15800000000,Nhà mặt tiền,2025-06-27
100 m²,,,1600000000,Đất thổ cư,2025-06-27
267 m²,,,199000000000,Nhà mặt tiền,2025-06-27
150 m²,,,2550000000,Đất thổ cư,2025-06-27
80 m²,,,11500000000,"Đất dự án, Khu dân cư",2025-06-27
34 m²,,,6000000000,"Nhà hẻm, ngõ",2025-06-27
55 m²,2 PN,2 WC,3500000000,Chung cư,2025-06-27
52 m²,,,10400000000,"Nhà hẻm, ngõ",2025-06-27
500 m²,,,650000000,Đất thổ cư,2025-06-27
"92,5 m²",,,2190000000,Đất thổ cư,2025-06-27
75 m²,2 PN,1 WC,5100000000,Chung cư,2025-06-27
122 m²,,,17500000000,Nhà mặt tiền,2025-06-27
"24,5 m²",2 PN,2 WC,3270000000,"Nhà hẻm, ngõ",2025-06-27
124 m²,6 PN,5 WC,15500000000,"Nhà hẻm, ngõ",2025-06-27
40 m²,7 PN,4 WC,9500000000,"Nhà hẻm, ngõ",2025-06-27
"183,8 m²",,,72000000000,Nhà mặt tiền,2025-06-27
20 m²,,,1150000000,"Tập thể, cư xá",2025-06-27
178 m²,5 PN,5 WC,5600000000,"Nhà hẻm, ngõ",2025-06-27
33 m²,3 PN,4 WC,6790000000,"Nhà hẻm, ngõ",2025-06-27
91 m²,4 PN,3 WC,22000000000,"Nhà hẻm, ngõ",2025-06-27
"57,4 m²",5 PN,3 WC,11200000000,Nhà mặt tiền,2025-06-27
160 m²,,,25760000000,"Đất dự án, Khu dân cư",2025-06-27
35 m²,2 PN,2 WC,1850000000,"Nhà hẻm, ngõ",2025-06-27
958 m²,,,98000000000,"Đất dự án, Khu dân cư",2025-06-27
"288,2 m²",,,30000000000,"Nhà hẻm, ngõ",2025-06-27
45 m²,4 PN,5 WC,7290000000,"Nhà hẻm, ngõ",2025-06-27
41 m²,,,2250000000,"Nhà hẻm, ngõ",2025-06-27
3.000 m²,,,40000000000,Đất thổ cư,2025-06-27
142 m²,,,1500000000,Đất thổ cư,2025-06-27
"56,5 m²",4 PN,3 WC,2430000000,"Nhà hẻm, ngõ",2025-06-27
96 m²,2 PN,2 WC,6200000000,Chung cư,2025-06-27
170 m²,4 PN,3 WC,10000000000,Nhà mặt tiền,2025-06-27
93 m²,2 PN,2 WC,4800000000,Chung cư,2025-06-27
35 m²,,,11200000000,Nhà mặt tiền,2025-06-27
40 m²,5 PN,6 WC,19500000000,"Nhà hẻm, ngõ",2025-06-27
120 m²,,,3200000000,Đất thổ cư,2025-06-27
90 m²,,,9180000000,"Đất dự án, Khu dân cư",2025-06-27
"65,8 m²",4 PN,2 WC,23000000000,Nhà mặt tiền,2025-06-27
64 m²,12 PN,12 WC,13900000000,"Nhà hẻm, ngõ",2025-06-27
2.311 m²,,,300000000,Đất thổ cư,2025-06-27
100 m²,,,21900000000,"Đất dự án, Khu dân cư",2025-06-27
31 m²,3 PN,3 WC,5600000000,"Nhà hẻm, ngõ",2025-06-27
28.000 m²,,,18300000000,"Đất nông nghiệp, kho bãi",2025-06-27
"38,5 m²",2 PN,2 WC,1570000000,"Nhà hẻm, ngõ",2025-06-27
"75,8 m²",,,4350000000,Chung cư,2025-06-27
83 m²,4 PN,,2950000000,"Nhà hẻm, ngõ",2025-06-27
"87,7 m²",2 PN,2 WC,8800000000,"Nhà hẻm, ngõ",2025-06-27
"62,6 m²",,,21000000000,Nhà mặt tiền,2025-06-27
40 m²,6 PN,7 WC,8100000000,"Nhà hẻm, ngõ",2025-06-27
"67,4 m²",4 PN,4 WC,3240000000,"Nhà hẻm, ngõ",2025-06-27
"160,6 m²",,,2900000000,Đất thổ cư,2025-06-27
"432,6 m²",,,15000000000,Nhà mặt tiền,2025-06-27
48 m²,6 PN,6 WC,10500000000,"Nhà hẻm, ngõ",2025-06-27
"54,5 m²",2 PN,2 WC,3280000000,Chung cư,2025-06-27
225 m²,1 PN,1 WC,52000000000,Nhà mặt tiền,2025-06-27
40 m²,,,1500000000,"Tập thể, cư xá",2025-06-27
1.006 m²,,,130000000,Đất thổ cư,2025-06-27
"287,8 m²",5 PN,5 WC,119000000000,"Biệt thự, Villa",2025-06-27
189 m²,,,710000000,Đất thổ cư,2025-06-27
150 m²,,,690000000,Đất thổ cư,2025-06-27
155 m²,,,30000000000,"Nhà hẻm, ngõ",2025-06-27
72 m²,,,22000000000,"Nhà hẻm, ngõ",2025-06-27
260 m²,6 PN,6 WC,6001000000,"Nhà hẻm, ngõ",2025-06-27
105 m²,,,11800000000,Đất thổ cư,2025-06-27
15 m²,,,1700000000,"Nhà hẻm, ngõ",2025-06-27
165 m²,,,24000000000,"Biệt thự, Villa",2025-06-27
188 m²,4 PN,3 WC,14200000000,"Nhà hẻm, ngõ",2025-06-27
621 m²,2 PN,2 WC,62000000000,Nhà mặt tiền,2025-06-27
"57,5 m²",,,11800000000,Đất thổ cư,2025-06-27
75 m²,3 PN,2 WC,3200000000,Chung cư,2025-06-27
1.089 m²,,,11000000000,Nhà mặt tiền,2025-06-27
80 m²,18 PN,17 WC,11850000000,"Nhà hẻm, ngõ",2025-06-27
"187,5 m²",,,58000000000,"Đất dự án, Khu dân cư",2025-06-27
93 m²,4 PN,5 WC,13200000000,Nhà mặt tiền,2025-06-27
134 m²,,,9100000000,Đất thổ cư,2025-06-27
"57,9 m²",2 PN,2 WC,11500000000,"Nhà hẻm, ngõ",2025-06-27
60 m²,2 PN,2 WC,3700000000,Chung cư,2025-06-27
108 m²,,,13500000000,"Đất dự án, Khu dân cư",2025-06-27
48 m²,3 PN,2 WC,2090000000,"Nhà hẻm, ngõ",2025-06-27
"66,4 m²",2 PN,3 WC,3550000000,"Nhà hẻm, ngõ",2025-06-27
62 m²,2 PN,1 WC,3400000000,Chung cư,2025-06-27
31 m²,3 PN,3 WC,4100000000,"Nhà hẻm, ngõ",2025-06-27
55 m²,,,12500000000,"Nhà hẻm, ngõ",2025-06-27
45 m²,,,2350000000,"Nhà hẻm, ngõ",2025-06-27
160 m²,,,65000000000,"Biệt thự, Villa",2025-06-27
136 m²,3 PN,3 WC,1450000000,Nhà mặt tiền,2025-06-27
64 m²,4 PN,4 WC,8001000000,"Nhà hẻm, ngõ",2025-06-27
51 m²,,,2050000000,"Nhà hẻm, ngõ",2025-06-27
86 m²,3 PN,2 WC,3450000000,"Nhà hẻm, ngõ",2025-06-27
40 m²,3 PN,2 WC,5600000000,"Nhà hẻm, ngõ",2025-06-27
"64,7 m²",4 PN,5 WC,3050000000,"Nhà hẻm, ngõ",2025-06-27
75 m²,,,30600000000,"Nhà hẻm, ngõ",2025-06-27
"34,4 m²",5 PN,4 WC,10900000000,"Nhà hẻm, ngõ",2025-06-27
160 m²,,,28500000000,Nhà mặt tiền,2025-06-27
56 m²,3 PN,2 WC,7600000000,"Nhà hẻm, ngõ",2025-06-27
101 m²,,,13300000000,"Nhà hẻm, ngõ",2025-06-27
44 m²,,,8500000000,Nhà mặt tiền,2025-06-27
80 m²,5 PN,4 WC,10200000000,Nhà mặt tiền,2025-06-27
"52,1 m²",,,11800000000,"Nhà hẻm, ngõ",2025-06-27
"144,7 m²",,,30500000000,"Đất dự án, Khu dân cư",2025-06-27
108 m²,6 PN,7 WC,10000000000,Nhà mặt tiền,2025-06-27
48 m²,3 PN,2 WC,1780000000,"Nhà hẻm, ngõ",2025-06-27
70 m²,4 PN,4 WC,26000000000,"Biệt thự, Villa",2025-06-27
230 m²,5 PN,4 WC,20500000000,Nhà mặt tiền,2025-06-27
"77,2 m²",4 PN,5 WC,15800000000,Nhà mặt tiền,2025-06-27
52 m²,4 PN,3 WC,8100000000,"Nhà hẻm, ngõ",2025-06-27
2.600 m²,2 PN,3 WC,285000000000,Nhà mặt tiền,2025-06-27
300 m²,,,20000000000,Nhà mặt tiền,2025-06-27
"51,7 m²",3 PN,3 WC,2190000000,"Nhà hẻm, ngõ",2025-06-27
31 m²,1 PN,,2700000000,Chung cư,2025-06-27
126 m²,,,11000000000,Nhà mặt tiền,2025-06-27
84 m²,2 PN,2 WC,5150000000,"Căn hộ dịch vụ, mini",2025-06-27
40 m²,6 PN,6 WC,7200000000,"Nhà hẻm, ngõ",2025-06-27
106 m²,2 PN,1 WC,4200000000,Nhà mặt tiền,2025-06-27
338 m²,2 PN,2 WC,7000000000,"Nhà hẻm, ngõ",2025-06-27
60 m²,4 PN,5 WC,4070000000,"Nhà hẻm, ngõ",2025-06-27
105 m²,,,1150000000,Đất thổ cư,2025-06-27
250 m²,,,85000000000,Nhà mặt tiền,2025-06-27
80 m²,,,34400000000,"Đất dự án, Khu dân cư",2025-06-27
40 m²,2 PN,1 WC,1150000000,"Căn hộ dịch vụ, mini",2025-06-27
201 m²,,,12300000000,"Biệt thự, Villa",2025-06-27
43.000 m²,,,2900000000,"Đất nông nghiệp, kho bãi",2025-06-27
50 m²,4 PN,5 WC,8900000000,Nhà mặt tiền,2025-06-27
50 m²,,,2350000000,"Nhà hẻm, ngõ",2025-06-27
72 m²,,,13300000000,Nhà mặt tiền,2025-06-27
"65,2 m²",,,6300000000,Đất thổ cư,2025-06-27
90 m²,4 PN,2 WC,14500000000,Nhà mặt tiền,2025-06-27
108 m²,,,850000000,Đất thổ cư,2025-06-27
300 m²,,,2700000000,Đất thổ cư,2025-06-27
123 m²,4 PN,6 WC,18900000000,Nhà mặt tiền,2025-06-27
90 m²,4 PN,4 WC,123456789,Nhà mặt tiền,2025-06-27
51 m²,,,6500000000,Nhà mặt tiền,2025-06-27
182 m²,,,0,"Đất dự án, Khu dân cư",2025-06-27
38 m²,,,2650000000,"Nhà hẻm, ngõ",2025-06-27
52 m²,2 PN,2 WC,1950000000,Chung cư,2025-06-27
88 m²,,,15000000000,Nhà mặt tiền,2025-06-27
4.000 m²,,,3200000000,"Đất nông nghiệp, kho bãi",2025-06-27
80 m²,2 PN,2 WC,40000000000,Nhà mặt tiền,2025-06-27
62 m²,2 PN,2 WC,2900000000,Chung cư,2025-06-27
32 m²,2 PN,3 WC,5380000000,"Nhà hẻm, ngõ",2025-06-27
40 m²,,,8200000000,Nhà mặt tiền,2025-06-27
"91,3 m²",,,4300000000,Đất thổ cư,2025-06-27
76 m²,8 PN,,26000000000,Nhà mặt tiền,2025-06-27
265 m²,23 PN,23 WC,44500000000,"Nhà hẻm, ngõ",2025-06-27
150 m²,,,1780000000,Đất thổ cư,2025-06-27
"47,5 m²",3 PN,4 WC,2000000000,"Nhà hẻm, ngõ",2025-06-27
"85,5 m²",,,3300000000,"Đất dự án, Khu dân cư",2025-06-27
58 m²,2 PN,2 WC,1600000000,Chung cư,2025-06-27
51 m²,3 PN,3 WC,5700000000,"Nhà hẻm, ngõ",2025-06-27
43 m²,2 PN,2 WC,2050000000,"Nhà hẻm, ngõ",2025-06-27
100 m²,3 PN,3 WC,8100000000,Nhà mặt tiền,2025-06-27
